-- MySQL dump 10.13  Distrib 5.7.28, for Win64 (x86_64)
--
-- Host: 10.0.0.4    Database: characters_cata
-- ------------------------------------------------------
-- Server version	5.5.5-10.3.22-MariaDB-0ubuntu0.19.10.1

/*!40101 SET @OLD_CHARACTER_SET_CLIENT=@@CHARACTER_SET_CLIENT */;
/*!40101 SET @OLD_CHARACTER_SET_RESULTS=@@CHARACTER_SET_RESULTS */;
/*!40101 SET @OLD_COLLATION_CONNECTION=@@COLLATION_CONNECTION */;
/*!40101 SET NAMES utf8 */;
/*!40103 SET @OLD_TIME_ZONE=@@TIME_ZONE */;
/*!40103 SET TIME_ZONE='+00:00' */;
/*!40014 SET @OLD_UNIQUE_CHECKS=@@UNIQUE_CHECKS, UNIQUE_CHECKS=0 */;
/*!40014 SET @OLD_FOREIGN_KEY_CHECKS=@@FOREIGN_KEY_CHECKS, FOREIGN_KEY_CHECKS=0 */;
/*!40101 SET @OLD_SQL_MODE=@@SQL_MODE, SQL_MODE='NO_AUTO_VALUE_ON_ZERO' */;
/*!40111 SET @OLD_SQL_NOTES=@@SQL_NOTES, SQL_NOTES=0 */;

--
-- Table structure for table `account_data`
--

DROP TABLE IF EXISTS `account_data`;
/*!40101 SET @saved_cs_client     = @@character_set_client */;
/*!40101 SET character_set_client = utf8 */;
CREATE TABLE `account_data` (
  `accountId` int(10) unsigned NOT NULL DEFAULT 0 COMMENT 'Account Identifier',
  `type` tinyint(3) unsigned NOT NULL DEFAULT 0,
  `time` int(10) unsigned NOT NULL DEFAULT 0,
  `data` blob NOT NULL,
  PRIMARY KEY (`accountId`,`type`)
) ENGINE=InnoDB DEFAULT CHARSET=utf8;
/*!40101 SET character_set_client = @saved_cs_client */;

--
-- Dumping data for table `account_data`
--

LOCK TABLES `account_data` WRITE;
/*!40000 ALTER TABLE `account_data` DISABLE KEYS */;
INSERT INTO `account_data` VALUES (1,0,1591541401,_binary 'SET flaggedTutorials \"v##$##%##E##-##(##.##Z##8##[##)##;##:##7##F##O##9##I##D##@##?##C##^##`##0##A##B##3##]##J##=##1##+##K##,##<##N\"\r\nSET lockActionBars \"0\"\r\nSET cameraDistanceMaxFactor \"1\"\r\nSET showNewbieTips \"0\"\r\nSET showTutorials \"0\"\r\nSET talentFrameShown \"1\"\r\nSET timeMgrUseLocalTime \"1\"\r\n'),(1,2,1591541402,_binary 'BINDINGMODE 0\r\nbind NUMLOCK NONE\r\nbind BUTTON4 TOGGLEAUTORUN\r\nbind R BONUSACTIONBUTTON1\r\nbind SHIFT-R MULTIACTIONBAR2BUTTON10\r\nbind CTRL-1 NONE\r\nbind SHIFT-UP TOGGLEAUTORUN\r\nbind SHIFT-T MULTIACTIONBAR2BUTTON11\r\nbind SHIFT-Y MULTIACTIONBAR2BUTTON12\r\nbind SHIFT-E MULTIACTIONBAR2BUTTON9\r\nbind SHIFT-W MULTIACTIONBAR2BUTTON8\r\nbind SHIFT-Q MULTIACTIONBAR2BUTTON7\r\nbind SHIFT-Z MULTIACTIONBAR2BUTTON5\r\nbind SHIFT-` MULTIACTIONBAR2BUTTON3\r\n'),(1,4,1591541403,_binary 'MACRO 1 \"Full Heal\" \"SPELL_NATURE_SPIRITARMOR\"\r\n/g .revive\r\nEND\r\nMACRO 2 \"Kill\" \"Ability_Druid_FerociousBite\"\r\n.damage 10000000\r\nEND\r\nMACRO 3 \"target\" \"Ability_Hunter_SniperShot\"\r\n/target swiftclaw\r\nEND\r\n'),(2,0,1591926869,_binary 'SET flaggedTutorials \"v##$##%##E##-##\'##(##.##Z##8##[##K##)##;##1##+##:##]##^##7##,##<##?##@##9##I##F##D##N##0##3##J##A##B\"\r\nSET lockActionBars \"0\"\r\nSET cameraDistanceMaxFactor \"1\"\r\nSET showTutorials \"0\"\r\nSET talentFrameShown \"1\"\r\nSET timeMgrUseLocalTime \"1\"\r\nSET threatShowNumeric \"1\"\r\n'),(2,2,1591875257,_binary 'BINDINGMODE 0\r\nbind NUMLOCK NONE\r\nbind BUTTON4 TOGGLEAUTORUN\r\nbind R BONUSACTIONBUTTON1\r\nbind SHIFT-R MULTIACTIONBAR2BUTTON10\r\nbind CTRL-1 NONE\r\nbind SHIFT-UP TOGGLEAUTORUN\r\nbind SHIFT-T MULTIACTIONBAR2BUTTON11\r\nbind SHIFT-Y MULTIACTIONBAR2BUTTON12\r\nbind SHIFT-E MULTIACTIONBAR2BUTTON9\r\nbind SHIFT-W MULTIACTIONBAR2BUTTON8\r\nbind SHIFT-Q MULTIACTIONBAR2BUTTON7\r\nbind SHIFT-Z MULTIACTIONBAR2BUTTON5\r\nbind SHIFT-` MULTIACTIONBAR2BUTTON3\r\n'),(2,4,1591875258,_binary 'MACRO 1 \"Full Heal\" \"SPELL_NATURE_SPIRITARMOR\"\r\n/g .revive\r\nEND\r\nMACRO 2 \"Kill\" \"Ability_Druid_FerociousBite\"\r\n.damage 10000000\r\nEND\r\n'),(3,0,1591661780,_binary 'SET flaggedTutorials \"v##$##%##E##-##(##.##Z##8##[##)##;##:##7##F##O##9##I##D##@##?##C##^##`##0##A##B##3##]##J##=##1##+##K##,##<##N##Y##V##X\"\r\nSET lockActionBars \"0\"\r\nSET cameraDistanceMaxFactor \"1\"\r\nSET showNewbieTips \"0\"\r\nSET showTutorials \"0\"\r\nSET talentFrameShown \"1\"\r\nSET timeMgrUseLocalTime \"1\"\r\n'),(3,2,1591661768,_binary 'BINDINGMODE 0\r\nbind NUMLOCK NONE\r\nbind BUTTON4 TOGGLEAUTORUN\r\nbind R BONUSACTIONBUTTON1\r\nbind SHIFT-R MULTIACTIONBAR2BUTTON10\r\nbind CTRL-1 NONE\r\nbind SHIFT-UP TOGGLEAUTORUN\r\nbind SHIFT-T MULTIACTIONBAR2BUTTON11\r\nbind SHIFT-Y MULTIACTIONBAR2BUTTON12\r\nbind SHIFT-E MULTIACTIONBAR2BUTTON9\r\nbind SHIFT-W MULTIACTIONBAR2BUTTON8\r\nbind SHIFT-Q MULTIACTIONBAR2BUTTON7\r\nbind SHIFT-Z MULTIACTIONBAR2BUTTON5\r\nbind SHIFT-` MULTIACTIONBAR2BUTTON3\r\n'),(3,4,1591921705,_binary 'MACRO 1 \"Full Heal\" \"SPELL_NATURE_SPIRITARMOR\"\r\n/g .revive\r\nEND\r\nMACRO 2 \"Kill\" \"Ability_Druid_FerociousBite\"\r\n.damage 10000000\r\nEND\r\nMACRO 3 \"Modify Phase\" \"SPELL_SHADOW_SUMMONVOIDWALKER\"\r\n.modify phase 189\r\nEND\r\n'),(4,0,1591748283,_binary 'SET flaggedTutorials \"v##$##%##E##-##(##.##Z##8##[##)##;##:##7##F##O##9##I##D##@##?##C##^##`##0##A##B##3##]##J##=##1##+##K##,##<##N##_##L\"\r\nSET lockActionBars \"0\"\r\nSET cameraDistanceMaxFactor \"1\"\r\nSET showNewbieTips \"0\"\r\nSET showTutorials \"0\"\r\nSET talentFrameShown \"1\"\r\nSET timeMgrUseLocalTime \"1\"\r\n'),(4,2,1591748284,_binary 'BINDINGMODE 0\r\nbind NUMLOCK NONE\r\nbind BUTTON4 TOGGLEAUTORUN\r\nbind R BONUSACTIONBUTTON1\r\nbind SHIFT-R MULTIACTIONBAR2BUTTON10\r\nbind CTRL-1 NONE\r\nbind SHIFT-UP TOGGLEAUTORUN\r\nbind SHIFT-T MULTIACTIONBAR2BUTTON11\r\nbind SHIFT-Y MULTIACTIONBAR2BUTTON12\r\nbind SHIFT-E MULTIACTIONBAR2BUTTON9\r\nbind SHIFT-W MULTIACTIONBAR2BUTTON8\r\nbind SHIFT-Q MULTIACTIONBAR2BUTTON7\r\nbind SHIFT-Z MULTIACTIONBAR2BUTTON5\r\nbind SHIFT-` MULTIACTIONBAR2BUTTON3\r\n'),(4,4,1591748285,_binary 'MACRO 1 \"Full Heal\" \"SPELL_NATURE_SPIRITARMOR\"\r\n/g .revive\r\nEND\r\nMACRO 2 \"Kill\" \"Ability_Druid_FerociousBite\"\r\n.damage 10000000\r\nEND\r\n');
/*!40000 ALTER TABLE `account_data` ENABLE KEYS */;
UNLOCK TABLES;

--
-- Table structure for table `account_instance_times`
--

DROP TABLE IF EXISTS `account_instance_times`;
/*!40101 SET @saved_cs_client     = @@character_set_client */;
/*!40101 SET character_set_client = utf8 */;
CREATE TABLE `account_instance_times` (
  `accountId` int(10) unsigned NOT NULL,
  `instanceId` int(10) unsigned NOT NULL DEFAULT 0,
  `releaseTime` bigint(20) unsigned NOT NULL DEFAULT 0,
  PRIMARY KEY (`accountId`,`instanceId`)
) ENGINE=InnoDB DEFAULT CHARSET=utf8;
/*!40101 SET character_set_client = @saved_cs_client */;

--
-- Dumping data for table `account_instance_times`
--

LOCK TABLES `account_instance_times` WRITE;
/*!40000 ALTER TABLE `account_instance_times` DISABLE KEYS */;
/*!40000 ALTER TABLE `account_instance_times` ENABLE KEYS */;
UNLOCK TABLES;

--
-- Table structure for table `account_tutorial`
--

DROP TABLE IF EXISTS `account_tutorial`;
/*!40101 SET @saved_cs_client     = @@character_set_client */;
/*!40101 SET character_set_client = utf8 */;
CREATE TABLE `account_tutorial` (
  `accountId` int(10) unsigned NOT NULL DEFAULT 0 COMMENT 'Account Identifier',
  `tut0` int(10) unsigned NOT NULL DEFAULT 0,
  `tut1` int(10) unsigned NOT NULL DEFAULT 0,
  `tut2` int(10) unsigned NOT NULL DEFAULT 0,
  `tut3` int(10) unsigned NOT NULL DEFAULT 0,
  `tut4` int(10) unsigned NOT NULL DEFAULT 0,
  `tut5` int(10) unsigned NOT NULL DEFAULT 0,
  `tut6` int(10) unsigned NOT NULL DEFAULT 0,
  `tut7` int(10) unsigned NOT NULL DEFAULT 0,
  PRIMARY KEY (`accountId`)
) ENGINE=InnoDB DEFAULT CHARSET=utf8;
/*!40101 SET character_set_client = @saved_cs_client */;

--
-- Dumping data for table `account_tutorial`
--

LOCK TABLES `account_tutorial` WRITE;
/*!40000 ALTER TABLE `account_tutorial` DISABLE KEYS */;
INSERT INTO `account_tutorial` VALUES (1,416293299,8388738,0,0,0,0,0,0),(2,2046343091,381683943,0,0,0,0,0,0),(3,4210602419,380897507,0,0,0,0,0,0),(4,4210603955,113248487,0,0,0,0,0,0);
/*!40000 ALTER TABLE `account_tutorial` ENABLE KEYS */;
UNLOCK TABLES;

--
-- Table structure for table `addons`
--

DROP TABLE IF EXISTS `addons`;
/*!40101 SET @saved_cs_client     = @@character_set_client */;
/*!40101 SET character_set_client = utf8 */;
CREATE TABLE `addons` (
  `name` varchar(120) NOT NULL DEFAULT '',
  `crc` int(10) unsigned NOT NULL DEFAULT 0,
  PRIMARY KEY (`name`)
) ENGINE=InnoDB DEFAULT CHARSET=utf8 COMMENT='Addons';
/*!40101 SET character_set_client = @saved_cs_client */;

--
-- Dumping data for table `addons`
--

LOCK TABLES `addons` WRITE;
/*!40000 ALTER TABLE `addons` DISABLE KEYS */;
INSERT INTO `addons` VALUES ('Blizzard_AchievementUI',1276933997),('Blizzard_ArchaeologyUI',1276933997),('Blizzard_ArenaUI',1276933997),('Blizzard_AuctionUI',1276933997),('Blizzard_BarbershopUI',1276933997),('Blizzard_BattlefieldMinimap',1276933997),('Blizzard_BindingUI',1276933997),('Blizzard_Calendar',1276933997),('Blizzard_ClientSavedVariables',1276933997),('Blizzard_CombatLog',1276933997),('Blizzard_CombatText',1276933997),('Blizzard_CompactRaidFrames',1276933997),('Blizzard_CUFProfiles',1276933997),('Blizzard_DebugTools',1276933997),('Blizzard_EncounterJournal',1276933997),('Blizzard_GlyphUI',1276933997),('Blizzard_GMChatUI',1276933997),('Blizzard_GMSurveyUI',1276933997),('Blizzard_GuildBankUI',1276933997),('Blizzard_GuildControlUI',1276933997),('Blizzard_GuildUI',1276933997),('Blizzard_InspectUI',1276933997),('Blizzard_ItemAlterationUI',1276933997),('Blizzard_ItemSocketingUI',1276933997),('Blizzard_LookingForGuildUI',1276933997),('Blizzard_MacroUI',1276933997),('Blizzard_MovePad',1276933997),('Blizzard_RaidUI',1276933997),('Blizzard_ReforgingUI',1276933997),('Blizzard_TalentUI',1276933997),('Blizzard_TimeManager',1276933997),('Blizzard_TokenUI',1276933997),('Blizzard_TradeSkillUI',1276933997),('Blizzard_TrainerUI',1276933997),('Blizzard_VoidStorageUI',1276933997);
/*!40000 ALTER TABLE `addons` ENABLE KEYS */;
UNLOCK TABLES;

--
-- Table structure for table `arena_team`
--

DROP TABLE IF EXISTS `arena_team`;
/*!40101 SET @saved_cs_client     = @@character_set_client */;
/*!40101 SET character_set_client = utf8 */;
CREATE TABLE `arena_team` (
  `arenaTeamId` int(10) unsigned NOT NULL DEFAULT 0,
  `name` varchar(24) NOT NULL,
  `captainGuid` int(10) unsigned NOT NULL DEFAULT 0,
  `type` tinyint(3) unsigned NOT NULL DEFAULT 0,
  `rating` smallint(5) unsigned NOT NULL DEFAULT 0,
  `seasonGames` smallint(5) unsigned NOT NULL DEFAULT 0,
  `seasonWins` smallint(5) unsigned NOT NULL DEFAULT 0,
  `weekGames` smallint(5) unsigned NOT NULL DEFAULT 0,
  `weekWins` smallint(5) unsigned NOT NULL DEFAULT 0,
  `rank` int(10) unsigned NOT NULL DEFAULT 0,
  `backgroundColor` int(10) unsigned NOT NULL DEFAULT 0,
  `emblemStyle` tinyint(3) unsigned NOT NULL DEFAULT 0,
  `emblemColor` int(10) unsigned NOT NULL DEFAULT 0,
  `borderStyle` tinyint(3) unsigned NOT NULL DEFAULT 0,
  `borderColor` int(10) unsigned NOT NULL DEFAULT 0,
  PRIMARY KEY (`arenaTeamId`)
) ENGINE=InnoDB DEFAULT CHARSET=utf8;
/*!40101 SET character_set_client = @saved_cs_client */;

--
-- Dumping data for table `arena_team`
--

LOCK TABLES `arena_team` WRITE;
/*!40000 ALTER TABLE `arena_team` DISABLE KEYS */;
/*!40000 ALTER TABLE `arena_team` ENABLE KEYS */;
UNLOCK TABLES;

--
-- Table structure for table `arena_team_member`
--

DROP TABLE IF EXISTS `arena_team_member`;
/*!40101 SET @saved_cs_client     = @@character_set_client */;
/*!40101 SET character_set_client = utf8 */;
CREATE TABLE `arena_team_member` (
  `arenaTeamId` int(10) unsigned NOT NULL DEFAULT 0,
  `guid` int(10) unsigned NOT NULL DEFAULT 0,
  `weekGames` smallint(5) unsigned NOT NULL DEFAULT 0,
  `weekWins` smallint(5) unsigned NOT NULL DEFAULT 0,
  `seasonGames` smallint(5) unsigned NOT NULL DEFAULT 0,
  `seasonWins` smallint(5) unsigned NOT NULL DEFAULT 0,
  `personalRating` smallint(5) unsigned NOT NULL DEFAULT 0,
  PRIMARY KEY (`arenaTeamId`,`guid`)
) ENGINE=InnoDB DEFAULT CHARSET=utf8;
/*!40101 SET character_set_client = @saved_cs_client */;

--
-- Dumping data for table `arena_team_member`
--

LOCK TABLES `arena_team_member` WRITE;
/*!40000 ALTER TABLE `arena_team_member` DISABLE KEYS */;
/*!40000 ALTER TABLE `arena_team_member` ENABLE KEYS */;
UNLOCK TABLES;

--
-- Table structure for table `auctionbidders`
--

DROP TABLE IF EXISTS `auctionbidders`;
/*!40101 SET @saved_cs_client     = @@character_set_client */;
/*!40101 SET character_set_client = utf8 */;
CREATE TABLE `auctionbidders` (
  `id` int(10) unsigned NOT NULL DEFAULT 0,
  `bidderguid` int(10) unsigned NOT NULL DEFAULT 0,
  PRIMARY KEY (`id`,`bidderguid`)
) ENGINE=InnoDB DEFAULT CHARSET=utf8;
/*!40101 SET character_set_client = @saved_cs_client */;

--
-- Dumping data for table `auctionbidders`
--

LOCK TABLES `auctionbidders` WRITE;
/*!40000 ALTER TABLE `auctionbidders` DISABLE KEYS */;
/*!40000 ALTER TABLE `auctionbidders` ENABLE KEYS */;
UNLOCK TABLES;

--
-- Table structure for table `auctionhouse`
--

DROP TABLE IF EXISTS `auctionhouse`;
/*!40101 SET @saved_cs_client     = @@character_set_client */;
/*!40101 SET character_set_client = utf8 */;
CREATE TABLE `auctionhouse` (
  `id` int(10) unsigned NOT NULL DEFAULT 0,
  `houseid` tinyint(3) unsigned NOT NULL DEFAULT 7,
  `itemguid` int(10) unsigned NOT NULL DEFAULT 0,
  `itemowner` int(10) unsigned NOT NULL DEFAULT 0,
  `buyoutprice` int(10) unsigned NOT NULL DEFAULT 0,
  `time` int(10) unsigned NOT NULL DEFAULT 0,
  `buyguid` int(10) unsigned NOT NULL DEFAULT 0,
  `lastbid` int(10) unsigned NOT NULL DEFAULT 0,
  `startbid` int(10) unsigned NOT NULL DEFAULT 0,
  `deposit` int(10) unsigned NOT NULL DEFAULT 0,
  PRIMARY KEY (`id`),
  UNIQUE KEY `item_guid` (`itemguid`)
) ENGINE=InnoDB DEFAULT CHARSET=utf8;
/*!40101 SET character_set_client = @saved_cs_client */;

--
-- Dumping data for table `auctionhouse`
--

LOCK TABLES `auctionhouse` WRITE;
/*!40000 ALTER TABLE `auctionhouse` DISABLE KEYS */;
INSERT INTO `auctionhouse` VALUES (12,2,2414,12,0,1592132846,0,313,313,100),(13,2,2207,12,0,1592132849,0,0,100,100);
/*!40000 ALTER TABLE `auctionhouse` ENABLE KEYS */;
UNLOCK TABLES;

--
-- Table structure for table `banned_addons`
--

DROP TABLE IF EXISTS `banned_addons`;
/*!40101 SET @saved_cs_client     = @@character_set_client */;
/*!40101 SET character_set_client = utf8 */;
CREATE TABLE `banned_addons` (
  `Id` int(10) unsigned NOT NULL AUTO_INCREMENT,
  `Name` varchar(255) NOT NULL,
  `Version` varchar(255) NOT NULL DEFAULT '',
  `Timestamp` timestamp NOT NULL DEFAULT current_timestamp() ON UPDATE current_timestamp(),
  PRIMARY KEY (`Id`),
  UNIQUE KEY `idx_name_ver` (`Name`,`Version`)
) ENGINE=InnoDB DEFAULT CHARSET=utf8;
/*!40101 SET character_set_client = @saved_cs_client */;

--
-- Dumping data for table `banned_addons`
--

LOCK TABLES `banned_addons` WRITE;
/*!40000 ALTER TABLE `banned_addons` DISABLE KEYS */;
/*!40000 ALTER TABLE `banned_addons` ENABLE KEYS */;
UNLOCK TABLES;

--
-- Table structure for table `battleground_deserters`
--

DROP TABLE IF EXISTS `battleground_deserters`;
/*!40101 SET @saved_cs_client     = @@character_set_client */;
/*!40101 SET character_set_client = utf8 */;
CREATE TABLE `battleground_deserters` (
  `guid` int(10) unsigned NOT NULL COMMENT 'characters.guid',
  `type` tinyint(3) unsigned NOT NULL COMMENT 'type of the desertion',
  `datetime` datetime NOT NULL COMMENT 'datetime of the desertion'
) ENGINE=InnoDB DEFAULT CHARSET=latin1;
/*!40101 SET character_set_client = @saved_cs_client */;

--
-- Dumping data for table `battleground_deserters`
--

LOCK TABLES `battleground_deserters` WRITE;
/*!40000 ALTER TABLE `battleground_deserters` DISABLE KEYS */;
/*!40000 ALTER TABLE `battleground_deserters` ENABLE KEYS */;
UNLOCK TABLES;

--
-- Table structure for table `bugreport`
--

DROP TABLE IF EXISTS `bugreport`;
/*!40101 SET @saved_cs_client     = @@character_set_client */;
/*!40101 SET character_set_client = utf8 */;
CREATE TABLE `bugreport` (
  `id` int(10) unsigned NOT NULL AUTO_INCREMENT COMMENT 'Identifier',
  `type` longtext NOT NULL,
  `content` longtext NOT NULL,
  PRIMARY KEY (`id`)
) ENGINE=InnoDB DEFAULT CHARSET=utf8 COMMENT='Debug System';
/*!40101 SET character_set_client = @saved_cs_client */;

--
-- Dumping data for table `bugreport`
--

LOCK TABLES `bugreport` WRITE;
/*!40000 ALTER TABLE `bugreport` DISABLE KEYS */;
/*!40000 ALTER TABLE `bugreport` ENABLE KEYS */;
UNLOCK TABLES;

--
-- Table structure for table `calendar_events`
--

DROP TABLE IF EXISTS `calendar_events`;
/*!40101 SET @saved_cs_client     = @@character_set_client */;
/*!40101 SET character_set_client = utf8 */;
CREATE TABLE `calendar_events` (
  `id` bigint(20) unsigned NOT NULL DEFAULT 0,
  `creator` int(10) unsigned NOT NULL DEFAULT 0,
  `title` varchar(255) NOT NULL DEFAULT '',
  `description` varchar(255) NOT NULL DEFAULT '',
  `type` tinyint(1) unsigned NOT NULL DEFAULT 4,
  `dungeon` int(10) NOT NULL DEFAULT -1,
  `eventtime` int(10) unsigned NOT NULL DEFAULT 0,
  `flags` int(10) unsigned NOT NULL DEFAULT 0,
  `time2` int(10) unsigned NOT NULL DEFAULT 0,
  PRIMARY KEY (`id`)
) ENGINE=InnoDB DEFAULT CHARSET=utf8;
/*!40101 SET character_set_client = @saved_cs_client */;

--
-- Dumping data for table `calendar_events`
--

LOCK TABLES `calendar_events` WRITE;
/*!40000 ALTER TABLE `calendar_events` DISABLE KEYS */;
/*!40000 ALTER TABLE `calendar_events` ENABLE KEYS */;
UNLOCK TABLES;

--
-- Table structure for table `calendar_invites`
--

DROP TABLE IF EXISTS `calendar_invites`;
/*!40101 SET @saved_cs_client     = @@character_set_client */;
/*!40101 SET character_set_client = utf8 */;
CREATE TABLE `calendar_invites` (
  `id` bigint(20) unsigned NOT NULL DEFAULT 0,
  `event` bigint(20) unsigned NOT NULL DEFAULT 0,
  `invitee` int(10) unsigned NOT NULL DEFAULT 0,
  `sender` int(10) unsigned NOT NULL DEFAULT 0,
  `status` tinyint(1) unsigned NOT NULL DEFAULT 0,
  `statustime` int(10) unsigned NOT NULL DEFAULT 0,
  `rank` tinyint(1) unsigned NOT NULL DEFAULT 0,
  `text` varchar(255) NOT NULL DEFAULT '',
  PRIMARY KEY (`id`)
) ENGINE=InnoDB DEFAULT CHARSET=utf8;
/*!40101 SET character_set_client = @saved_cs_client */;

--
-- Dumping data for table `calendar_invites`
--

LOCK TABLES `calendar_invites` WRITE;
/*!40000 ALTER TABLE `calendar_invites` DISABLE KEYS */;
/*!40000 ALTER TABLE `calendar_invites` ENABLE KEYS */;
UNLOCK TABLES;

--
-- Table structure for table `channels`
--

DROP TABLE IF EXISTS `channels`;
/*!40101 SET @saved_cs_client     = @@character_set_client */;
/*!40101 SET character_set_client = utf8 */;
CREATE TABLE `channels` (
  `name` varchar(128) NOT NULL,
  `team` int(10) unsigned NOT NULL,
  `announce` tinyint(3) unsigned NOT NULL DEFAULT 1,
  `ownership` tinyint(3) unsigned NOT NULL DEFAULT 1,
  `password` varchar(32) DEFAULT NULL,
  `bannedList` text DEFAULT NULL,
  `lastUsed` int(10) unsigned NOT NULL,
  PRIMARY KEY (`name`,`team`)
) ENGINE=InnoDB DEFAULT CHARSET=utf8 COMMENT='Channel System';
/*!40101 SET character_set_client = @saved_cs_client */;

--
-- Dumping data for table `channels`
--

LOCK TABLES `channels` WRITE;
/*!40000 ALTER TABLE `channels` DISABLE KEYS */;
/*!40000 ALTER TABLE `channels` ENABLE KEYS */;
UNLOCK TABLES;

--
-- Table structure for table `character_account_data`
--

DROP TABLE IF EXISTS `character_account_data`;
/*!40101 SET @saved_cs_client     = @@character_set_client */;
/*!40101 SET character_set_client = utf8 */;
CREATE TABLE `character_account_data` (
  `guid` int(10) unsigned NOT NULL DEFAULT 0,
  `type` tinyint(3) unsigned NOT NULL DEFAULT 0,
  `time` int(10) unsigned NOT NULL DEFAULT 0,
  `data` blob NOT NULL,
  PRIMARY KEY (`guid`,`type`)
) ENGINE=InnoDB DEFAULT CHARSET=utf8;
/*!40101 SET character_set_client = @saved_cs_client */;

--
-- Dumping data for table `character_account_data`
--

LOCK TABLES `character_account_data` WRITE;
/*!40000 ALTER TABLE `character_account_data` DISABLE KEYS */;
INSERT INTO `character_account_data` VALUES (1,1,1591543471,_binary 'SET autoLootDefault \"1\"\r\nSET autoQuestPopUps \"v\"\r\nSET trackedQuests \"v\"\r\nSET trackedAchievements \"v\"\r\nSET cameraSavedDistance \"15.000000\"\r\nSET cameraSavedPitch \"15.899998\"\r\nSET talentPointsSpent \"1\"\r\nSET minimapTrackedInfov2 \"495616\"\r\nSET minimapShapeshiftTracking \"v\"\r\nSET reputationsCollapsed \"v##$\"\r\nSET activeCUFProfile \"Primary\"\r\n'),(1,7,1591543472,_binary 'VERSION 5\n\nADDEDVERSION 16\n\nCHANNELS\nEND\n\nZONECHANNELS 35651587\n\nCOLORS\nSYSTEM 255 255 0 N\nSAY 255 255 255 N\nPARTY 170 170 255 N\nRAID 255 127 0 N\nGUILD 64 255 64 N\nOFFICER 64 192 64 N\nYELL 255 64 64 N\nWHISPER 255 128 255 N\nWHISPER_FOREIGN 255 128 255 N\nWHISPER_INFORM 255 128 255 N\nEMOTE 255 128 64 N\nTEXT_EMOTE 255 128 64 N\nMONSTER_SAY 255 255 159 N\nMONSTER_PARTY 170 170 255 N\nMONSTER_YELL 255 64 64 N\nMONSTER_WHISPER 255 181 235 N\nMONSTER_EMOTE 255 128 64 N\nCHANNEL 255 192 192 N\nCHANNEL_JOIN 192 128 128 N\nCHANNEL_LEAVE 192 128 128 N\nCHANNEL_LIST 192 128 128 N\nCHANNEL_NOTICE 192 192 192 N\nCHANNEL_NOTICE_USER 192 192 192 N\nAFK 255 128 255 N\nDND 255 128 255 N\nIGNORED 255 0 0 N\nSKILL 85 85 255 N\nLOOT 0 170 0 N\nMONEY 255 255 0 N\nOPENING 128 128 255 N\nTRADESKILLS 255 255 255 N\nPET_INFO 128 128 255 N\nCOMBAT_MISC_INFO 128 128 255 N\nCOMBAT_XP_GAIN 111 111 255 N\nCOMBAT_HONOR_GAIN 224 202 10 N\nCOMBAT_FACTION_CHANGE 128 128 255 N\nBG_SYSTEM_NEUTRAL 255 120 10 N\nBG_SYSTEM_ALLIANCE 0 174 239 N\nBG_SYSTEM_HORDE 255 0 0 N\nRAID_LEADER 255 72 9 N\nRAID_WARNING 255 72 0 N\nRAID_BOSS_EMOTE 255 221 0 N\nRAID_BOSS_WHISPER 255 221 0 N\nFILTERED 255 0 0 N\nBATTLEGROUND 255 127 0 N\nBATTLEGROUND_LEADER 255 219 183 N\nRESTRICTED 255 0 0 N\nBATTLENET 255 255 255 N\nACHIEVEMENT 255 255 0 N\nGUILD_ACHIEVEMENT 64 255 64 N\nARENA_POINTS 255 255 255 N\nPARTY_LEADER 118 200 255 N\nTARGETICONS 255 255 0 N\nBN_WHISPER 0 255 246 N\nBN_WHISPER_INFORM 0 255 246 N\nBN_CONVERSATION 0 177 240 N\nBN_CONVERSATION_NOTICE 0 177 240 N\nBN_CONVERSATION_LIST 0 177 240 N\nBN_INLINE_TOAST_ALERT 130 197 255 N\nBN_INLINE_TOAST_BROADCAST 130 197 255 N\nBN_INLINE_TOAST_BROADCAST_INFORM 130 197 255 N\nBN_INLINE_TOAST_CONVERSATION 130 197 255 N\nCOMBAT_GUILD_XP_GAIN 111 111 255 N\nCURRENCY 0 170 0 N\nBN_WHISPER_PLAYER_OFFLINE 255 255 0 N\nCHANNEL1 255 192 192 N\nCHANNEL2 255 192 192 N\nCHANNEL3 255 192 192 N\nCHANNEL4 255 192 192 N\nCHANNEL5 255 192 192 N\nCHANNEL6 255 192 192 N\nCHANNEL7 255 192 192 N\nCHANNEL8 255 192 192 N\nCHANNEL9 255 192 192 N\nCHANNEL10 255 192 192 N\nEND\n\nWINDOW 1\nNAME General\nSIZE 0\nCOLOR 0 0 0 40\nLOCKED 1\nUNINTERACTABLE 0\nDOCKED 1\nSHOWN 1\nMESSAGES\nSYSTEM\nSYSTEM_NOMENU\nSAY\nEMOTE\nYELL\nWHISPER\nPARTY\nPARTY_LEADER\nRAID\nRAID_LEADER\nRAID_WARNING\nBATTLEGROUND\nBATTLEGROUND_LEADER\nGUILD\nOFFICER\nMONSTER_SAY\nMONSTER_YELL\nMONSTER_EMOTE\nMONSTER_WHISPER\nMONSTER_BOSS_EMOTE\nMONSTER_BOSS_WHISPER\nERRORS\nAFK\nDND\nIGNORED\nBG_HORDE\nBG_ALLIANCE\nBG_NEUTRAL\nCOMBAT_FACTION_CHANGE\nSKILL\nLOOT\nMONEY\nCHANNEL\nACHIEVEMENT\nGUILD_ACHIEVEMENT\nTARGETICONS\nBN_WHISPER\nBN_WHISPER_INFORM\nBN_CONVERSATION\nBN_INLINE_TOAST_ALERT\nCURRENCY\nBN_WHISPER_PLAYER_OFFLINE\nEND\n\nCHANNELS\nLookingForGroup\nEND\n\nZONECHANNELS 2097155\n\nEND\n\nWINDOW 2\nNAME Combat Log\nSIZE 0\nCOLOR 0 0 0 40\nLOCKED 1\nUNINTERACTABLE 0\nDOCKED 2\nSHOWN 0\nMESSAGES\nOPENING\nTRADESKILLS\nPET_INFO\nCOMBAT_XP_GAIN\nCOMBAT_HONOR_GAIN\nCOMBAT_MISC_INFO\nCOMBAT_GUILD_XP_GAIN\nEND\n\nCHANNELS\nEND\n\nZONECHANNELS 0\n\nEND\n\nWINDOW 3\nSIZE 0\nCOLOR 0 0 0 40\nLOCKED 1\nUNINTERACTABLE 0\nDOCKED 0\nSHOWN 0\nMESSAGES\nEND\n\nCHANNELS\nEND\n\nZONECHANNELS 0\n\nEND\n\nWINDOW 4\nSIZE 0\nCOLOR 0 0 0 40\nLOCKED 1\nUNINTERACTABLE 0\nDOCKED 0\nSHOWN 0\nMESSAGES\nEND\n\nCHANNELS\nEND\n\nZONECHANNELS 0\n\nEND\n\nWINDOW 5\nSIZE 0\nCOLOR 0 0 0 40\nLOCKED 1\nUNINTERACTABLE 0\nDOCKED 0\nSHOWN 0\nMESSAGES\nEND\n\nCHANNELS\nEND\n\nZONECHANNELS 0\n\nEND\n\nWINDOW 6\nSIZE 0\nCOLOR 0 0 0 40\nLOCKED 1\nUNINTERACTABLE 0\nDOCKED 0\nSHOWN 0\nMESSAGES\nEND\n\nCHANNELS\nEND\n\nZONECHANNELS 0\n\nEND\n\nWINDOW 7\nSIZE 0\nCOLOR 0 0 0 40\nLOCKED 1\nUNINTERACTABLE 0\nDOCKED 0\nSHOWN 0\nMESSAGES\nEND\n\nCHANNELS\nEND\n\nZONECHANNELS 0\n\nEND\n\nWINDOW 8\nSIZE 0\nCOLOR 0 0 0 40\nLOCKED 1\nUNINTERACTABLE 0\nDOCKED 0\nSHOWN 0\nMESSAGES\nEND\n\nCHANNELS\nEND\n\nZONECHANNELS 0\n\nEND\n\nWINDOW 9\nSIZE 0\nCOLOR 0 0 0 40\nLOCKED 1\nUNINTERACTABLE 0\nDOCKED 0\nSHOWN 0\nMESSAGES\nEND\n\nCHANNELS\nEND\n\nZONECHANNELS 0\n\nEND\n\nWINDOW 10\nSIZE 0\nCOLOR 0 0 0 40\nLOCKED 1\nUNINTERACTABLE 0\nDOCKED 0\nSHOWN 0\nMESSAGES\nEND\n\nCHANNELS\nEND\n\nZONECHANNELS 0\n\nEND\n\n'),(2,1,1591875302,_binary 'SET autoLootDefault \"1\"\r\nSET autoQuestPopUps \"v\"\r\nSET trackedQuests \"v#,&%|l%x`\"\r\nSET trackedAchievements \"v\"\r\nSET cameraSavedDistance \"15.000000\"\r\nSET cameraSavedPitch \"21.149981\"\r\nSET talentPointsSpent \"1\"\r\nSET minimapTrackedInfov2 \"491520\"\r\nSET minimapShapeshiftTracking \"v\"\r\nSET reputationsCollapsed \"v##$\"\r\nSET activeCUFProfile \"Primary\"\r\n'),(2,7,1591875301,_binary 'VERSION 5\n\nADDEDVERSION 16\n\nCHANNELS\nEND\n\nZONECHANNELS 35651587\n\nCOLORS\nSYSTEM 255 255 0 N\nSAY 255 255 255 N\nPARTY 170 170 255 N\nRAID 255 127 0 N\nGUILD 64 255 64 N\nOFFICER 64 192 64 N\nYELL 255 64 64 N\nWHISPER 255 128 255 N\nWHISPER_FOREIGN 255 128 255 N\nWHISPER_INFORM 255 128 255 N\nEMOTE 255 128 64 N\nTEXT_EMOTE 255 128 64 N\nMONSTER_SAY 255 255 159 N\nMONSTER_PARTY 170 170 255 N\nMONSTER_YELL 255 64 64 N\nMONSTER_WHISPER 255 181 235 N\nMONSTER_EMOTE 255 128 64 N\nCHANNEL 255 192 192 N\nCHANNEL_JOIN 192 128 128 N\nCHANNEL_LEAVE 192 128 128 N\nCHANNEL_LIST 192 128 128 N\nCHANNEL_NOTICE 192 192 192 N\nCHANNEL_NOTICE_USER 192 192 192 N\nAFK 255 128 255 N\nDND 255 128 255 N\nIGNORED 255 0 0 N\nSKILL 85 85 255 N\nLOOT 0 170 0 N\nMONEY 255 255 0 N\nOPENING 128 128 255 N\nTRADESKILLS 255 255 255 N\nPET_INFO 128 128 255 N\nCOMBAT_MISC_INFO 128 128 255 N\nCOMBAT_XP_GAIN 111 111 255 N\nCOMBAT_HONOR_GAIN 224 202 10 N\nCOMBAT_FACTION_CHANGE 128 128 255 N\nBG_SYSTEM_NEUTRAL 255 120 10 N\nBG_SYSTEM_ALLIANCE 0 174 239 N\nBG_SYSTEM_HORDE 255 0 0 N\nRAID_LEADER 255 72 9 N\nRAID_WARNING 255 72 0 N\nRAID_BOSS_EMOTE 255 221 0 N\nRAID_BOSS_WHISPER 255 221 0 N\nFILTERED 255 0 0 N\nBATTLEGROUND 255 127 0 N\nBATTLEGROUND_LEADER 255 219 183 N\nRESTRICTED 255 0 0 N\nBATTLENET 255 255 255 N\nACHIEVEMENT 255 255 0 N\nGUILD_ACHIEVEMENT 64 255 64 N\nARENA_POINTS 255 255 255 N\nPARTY_LEADER 118 200 255 N\nTARGETICONS 255 255 0 N\nBN_WHISPER 0 255 246 N\nBN_WHISPER_INFORM 0 255 246 N\nBN_CONVERSATION 0 177 240 N\nBN_CONVERSATION_NOTICE 0 177 240 N\nBN_CONVERSATION_LIST 0 177 240 N\nBN_INLINE_TOAST_ALERT 130 197 255 N\nBN_INLINE_TOAST_BROADCAST 130 197 255 N\nBN_INLINE_TOAST_BROADCAST_INFORM 130 197 255 N\nBN_INLINE_TOAST_CONVERSATION 130 197 255 N\nCOMBAT_GUILD_XP_GAIN 111 111 255 N\nCURRENCY 0 170 0 N\nBN_WHISPER_PLAYER_OFFLINE 255 255 0 N\nCHANNEL1 255 192 192 N\nCHANNEL2 255 192 192 N\nCHANNEL3 255 192 192 N\nCHANNEL4 255 192 192 N\nCHANNEL5 255 192 192 N\nCHANNEL6 255 192 192 N\nCHANNEL7 255 192 192 N\nCHANNEL8 255 192 192 N\nCHANNEL9 255 192 192 N\nCHANNEL10 255 192 192 N\nEND\n\nWINDOW 1\nNAME General\nSIZE 0\nCOLOR 0 0 0 40\nLOCKED 1\nUNINTERACTABLE 0\nDOCKED 1\nSHOWN 1\nMESSAGES\nSYSTEM\nSYSTEM_NOMENU\nSAY\nEMOTE\nYELL\nWHISPER\nPARTY\nPARTY_LEADER\nRAID\nRAID_LEADER\nRAID_WARNING\nBATTLEGROUND\nBATTLEGROUND_LEADER\nGUILD\nOFFICER\nMONSTER_SAY\nMONSTER_YELL\nMONSTER_EMOTE\nMONSTER_WHISPER\nMONSTER_BOSS_EMOTE\nMONSTER_BOSS_WHISPER\nERRORS\nAFK\nDND\nIGNORED\nBG_HORDE\nBG_ALLIANCE\nBG_NEUTRAL\nCOMBAT_FACTION_CHANGE\nSKILL\nLOOT\nMONEY\nCHANNEL\nACHIEVEMENT\nGUILD_ACHIEVEMENT\nTARGETICONS\nBN_WHISPER\nBN_WHISPER_INFORM\nBN_CONVERSATION\nBN_INLINE_TOAST_ALERT\nCURRENCY\nBN_WHISPER_PLAYER_OFFLINE\nEND\n\nCHANNELS\nLookingForGroup\nEND\n\nZONECHANNELS 2097155\n\nEND\n\nWINDOW 2\nNAME Combat Log\nSIZE 0\nCOLOR 0 0 0 40\nLOCKED 1\nUNINTERACTABLE 0\nDOCKED 2\nSHOWN 0\nMESSAGES\nOPENING\nTRADESKILLS\nPET_INFO\nCOMBAT_XP_GAIN\nCOMBAT_HONOR_GAIN\nCOMBAT_MISC_INFO\nCOMBAT_GUILD_XP_GAIN\nEND\n\nCHANNELS\nEND\n\nZONECHANNELS 0\n\nEND\n\nWINDOW 3\nSIZE 0\nCOLOR 0 0 0 40\nLOCKED 1\nUNINTERACTABLE 0\nDOCKED 0\nSHOWN 0\nMESSAGES\nEND\n\nCHANNELS\nEND\n\nZONECHANNELS 0\n\nEND\n\nWINDOW 4\nSIZE 0\nCOLOR 0 0 0 40\nLOCKED 1\nUNINTERACTABLE 0\nDOCKED 0\nSHOWN 0\nMESSAGES\nEND\n\nCHANNELS\nEND\n\nZONECHANNELS 0\n\nEND\n\nWINDOW 5\nSIZE 0\nCOLOR 0 0 0 40\nLOCKED 1\nUNINTERACTABLE 0\nDOCKED 0\nSHOWN 0\nMESSAGES\nEND\n\nCHANNELS\nEND\n\nZONECHANNELS 0\n\nEND\n\nWINDOW 6\nSIZE 0\nCOLOR 0 0 0 40\nLOCKED 1\nUNINTERACTABLE 0\nDOCKED 0\nSHOWN 0\nMESSAGES\nEND\n\nCHANNELS\nEND\n\nZONECHANNELS 0\n\nEND\n\nWINDOW 7\nSIZE 0\nCOLOR 0 0 0 40\nLOCKED 1\nUNINTERACTABLE 0\nDOCKED 0\nSHOWN 0\nMESSAGES\nEND\n\nCHANNELS\nEND\n\nZONECHANNELS 0\n\nEND\n\nWINDOW 8\nSIZE 0\nCOLOR 0 0 0 40\nLOCKED 1\nUNINTERACTABLE 0\nDOCKED 0\nSHOWN 0\nMESSAGES\nEND\n\nCHANNELS\nEND\n\nZONECHANNELS 0\n\nEND\n\nWINDOW 9\nSIZE 0\nCOLOR 0 0 0 40\nLOCKED 1\nUNINTERACTABLE 0\nDOCKED 0\nSHOWN 0\nMESSAGES\nEND\n\nCHANNELS\nEND\n\nZONECHANNELS 0\n\nEND\n\nWINDOW 10\nSIZE 0\nCOLOR 0 0 0 40\nLOCKED 1\nUNINTERACTABLE 0\nDOCKED 0\nSHOWN 0\nMESSAGES\nEND\n\nCHANNELS\nEND\n\nZONECHANNELS 0\n\nEND\n\n'),(3,1,1591838497,_binary 'SET autoLootDefault \"1\"\r\nSET autoQuestPopUps \"v\"\r\nSET trackedQuests \"v&$~\"\r\nSET trackedAchievements \"v\"\r\nSET cameraSavedDistance \"15.000000\"\r\nSET cameraSavedPitch \"19.799978\"\r\nSET talentPointsSpent \"1\"\r\nSET autoFilledMultiCastSlots \"2\"\r\nSET minimapTrackedInfov2 \"497664\"\r\nSET minimapShapeshiftTracking \"v\"\r\nSET characterFrameCollapsed \"0\"\r\nSET reputationsCollapsed \"v##$\"\r\nSET activeCUFProfile \"Primary\"\r\n'),(3,7,1591838498,_binary 'VERSION 5\n\nADDEDVERSION 16\n\nCHANNELS\nEND\n\nZONECHANNELS 35651587\n\nCOLORS\nSYSTEM 255 255 0 N\nSAY 255 255 255 N\nPARTY 170 170 255 N\nRAID 255 127 0 N\nGUILD 64 255 64 N\nOFFICER 64 192 64 N\nYELL 255 64 64 N\nWHISPER 255 128 255 N\nWHISPER_FOREIGN 255 128 255 N\nWHISPER_INFORM 255 128 255 N\nEMOTE 255 128 64 N\nTEXT_EMOTE 255 128 64 N\nMONSTER_SAY 255 255 159 N\nMONSTER_PARTY 170 170 255 N\nMONSTER_YELL 255 64 64 N\nMONSTER_WHISPER 255 181 235 N\nMONSTER_EMOTE 255 128 64 N\nCHANNEL 255 192 192 N\nCHANNEL_JOIN 192 128 128 N\nCHANNEL_LEAVE 192 128 128 N\nCHANNEL_LIST 192 128 128 N\nCHANNEL_NOTICE 192 192 192 N\nCHANNEL_NOTICE_USER 192 192 192 N\nAFK 255 128 255 N\nDND 255 128 255 N\nIGNORED 255 0 0 N\nSKILL 85 85 255 N\nLOOT 0 170 0 N\nMONEY 255 255 0 N\nOPENING 128 128 255 N\nTRADESKILLS 255 255 255 N\nPET_INFO 128 128 255 N\nCOMBAT_MISC_INFO 128 128 255 N\nCOMBAT_XP_GAIN 111 111 255 N\nCOMBAT_HONOR_GAIN 224 202 10 N\nCOMBAT_FACTION_CHANGE 128 128 255 N\nBG_SYSTEM_NEUTRAL 255 120 10 N\nBG_SYSTEM_ALLIANCE 0 174 239 N\nBG_SYSTEM_HORDE 255 0 0 N\nRAID_LEADER 255 72 9 N\nRAID_WARNING 255 72 0 N\nRAID_BOSS_EMOTE 255 221 0 N\nRAID_BOSS_WHISPER 255 221 0 N\nFILTERED 255 0 0 N\nBATTLEGROUND 255 127 0 N\nBATTLEGROUND_LEADER 255 219 183 N\nRESTRICTED 255 0 0 N\nBATTLENET 255 255 255 N\nACHIEVEMENT 255 255 0 N\nGUILD_ACHIEVEMENT 64 255 64 N\nARENA_POINTS 255 255 255 N\nPARTY_LEADER 118 200 255 N\nTARGETICONS 255 255 0 N\nBN_WHISPER 0 255 246 N\nBN_WHISPER_INFORM 0 255 246 N\nBN_CONVERSATION 0 177 240 N\nBN_CONVERSATION_NOTICE 0 177 240 N\nBN_CONVERSATION_LIST 0 177 240 N\nBN_INLINE_TOAST_ALERT 130 197 255 N\nBN_INLINE_TOAST_BROADCAST 130 197 255 N\nBN_INLINE_TOAST_BROADCAST_INFORM 130 197 255 N\nBN_INLINE_TOAST_CONVERSATION 130 197 255 N\nCOMBAT_GUILD_XP_GAIN 111 111 255 N\nCURRENCY 0 170 0 N\nBN_WHISPER_PLAYER_OFFLINE 255 255 0 N\nCHANNEL1 255 192 192 N\nCHANNEL2 255 192 192 N\nCHANNEL3 255 192 192 N\nCHANNEL4 255 192 192 N\nCHANNEL5 255 192 192 N\nCHANNEL6 255 192 192 N\nCHANNEL7 255 192 192 N\nCHANNEL8 255 192 192 N\nCHANNEL9 255 192 192 N\nCHANNEL10 255 192 192 N\nEND\n\nWINDOW 1\nNAME General\nSIZE 0\nCOLOR 0 0 0 40\nLOCKED 1\nUNINTERACTABLE 0\nDOCKED 1\nSHOWN 1\nMESSAGES\nSYSTEM\nSYSTEM_NOMENU\nSAY\nEMOTE\nYELL\nWHISPER\nPARTY\nPARTY_LEADER\nRAID\nRAID_LEADER\nRAID_WARNING\nBATTLEGROUND\nBATTLEGROUND_LEADER\nGUILD\nOFFICER\nMONSTER_SAY\nMONSTER_YELL\nMONSTER_EMOTE\nMONSTER_WHISPER\nMONSTER_BOSS_EMOTE\nMONSTER_BOSS_WHISPER\nERRORS\nAFK\nDND\nIGNORED\nBG_HORDE\nBG_ALLIANCE\nBG_NEUTRAL\nCOMBAT_FACTION_CHANGE\nSKILL\nLOOT\nMONEY\nCHANNEL\nACHIEVEMENT\nGUILD_ACHIEVEMENT\nTARGETICONS\nBN_WHISPER\nBN_WHISPER_INFORM\nBN_CONVERSATION\nBN_INLINE_TOAST_ALERT\nCURRENCY\nBN_WHISPER_PLAYER_OFFLINE\nEND\n\nCHANNELS\nLookingForGroup\nEND\n\nZONECHANNELS 2097155\n\nEND\n\nWINDOW 2\nNAME Combat Log\nSIZE 0\nCOLOR 0 0 0 40\nLOCKED 1\nUNINTERACTABLE 0\nDOCKED 2\nSHOWN 0\nMESSAGES\nOPENING\nTRADESKILLS\nPET_INFO\nCOMBAT_XP_GAIN\nCOMBAT_HONOR_GAIN\nCOMBAT_MISC_INFO\nCOMBAT_GUILD_XP_GAIN\nEND\n\nCHANNELS\nEND\n\nZONECHANNELS 0\n\nEND\n\nWINDOW 3\nSIZE 0\nCOLOR 0 0 0 40\nLOCKED 1\nUNINTERACTABLE 0\nDOCKED 0\nSHOWN 0\nMESSAGES\nEND\n\nCHANNELS\nEND\n\nZONECHANNELS 0\n\nEND\n\nWINDOW 4\nSIZE 0\nCOLOR 0 0 0 40\nLOCKED 1\nUNINTERACTABLE 0\nDOCKED 0\nSHOWN 0\nMESSAGES\nEND\n\nCHANNELS\nEND\n\nZONECHANNELS 0\n\nEND\n\nWINDOW 5\nSIZE 0\nCOLOR 0 0 0 40\nLOCKED 1\nUNINTERACTABLE 0\nDOCKED 0\nSHOWN 0\nMESSAGES\nEND\n\nCHANNELS\nEND\n\nZONECHANNELS 0\n\nEND\n\nWINDOW 6\nSIZE 0\nCOLOR 0 0 0 40\nLOCKED 1\nUNINTERACTABLE 0\nDOCKED 0\nSHOWN 0\nMESSAGES\nEND\n\nCHANNELS\nEND\n\nZONECHANNELS 0\n\nEND\n\nWINDOW 7\nSIZE 0\nCOLOR 0 0 0 40\nLOCKED 1\nUNINTERACTABLE 0\nDOCKED 0\nSHOWN 0\nMESSAGES\nEND\n\nCHANNELS\nEND\n\nZONECHANNELS 0\n\nEND\n\nWINDOW 8\nSIZE 0\nCOLOR 0 0 0 40\nLOCKED 1\nUNINTERACTABLE 0\nDOCKED 0\nSHOWN 0\nMESSAGES\nEND\n\nCHANNELS\nEND\n\nZONECHANNELS 0\n\nEND\n\nWINDOW 9\nSIZE 0\nCOLOR 0 0 0 40\nLOCKED 1\nUNINTERACTABLE 0\nDOCKED 0\nSHOWN 0\nMESSAGES\nEND\n\nCHANNELS\nEND\n\nZONECHANNELS 0\n\nEND\n\nWINDOW 10\nSIZE 0\nCOLOR 0 0 0 40\nLOCKED 1\nUNINTERACTABLE 0\nDOCKED 0\nSHOWN 0\nMESSAGES\nEND\n\nCHANNELS\nEND\n\nZONECHANNELS 0\n\nEND\n\n'),(4,1,1591759169,_binary 'SET autoLootDefault \"1\"\r\nSET autoQuestPopUps \"v\"\r\nSET trackedQuests \"v&\'^\"\r\nSET trackedAchievements \"v\"\r\nSET cameraSavedDistance \"15.000000\"\r\nSET cameraSavedPitch \"20.416191\"\r\nSET talentPointsSpent \"1\"\r\nSET minimapTrackedInfov2 \"497664\"\r\nSET minimapShapeshiftTracking \"v\"\r\nSET reputationsCollapsed \"v##$\"\r\nSET activeCUFProfile \"Primary\"\r\n'),(4,7,1591759170,_binary 'VERSION 5\n\nADDEDVERSION 16\n\nCHANNELS\nEND\n\nZONECHANNELS 35651587\n\nCOLORS\nSYSTEM 255 255 0 N\nSAY 255 255 255 N\nPARTY 170 170 255 N\nRAID 255 127 0 N\nGUILD 64 255 64 N\nOFFICER 64 192 64 N\nYELL 255 64 64 N\nWHISPER 255 128 255 N\nWHISPER_FOREIGN 255 128 255 N\nWHISPER_INFORM 255 128 255 N\nEMOTE 255 128 64 N\nTEXT_EMOTE 255 128 64 N\nMONSTER_SAY 255 255 159 N\nMONSTER_PARTY 170 170 255 N\nMONSTER_YELL 255 64 64 N\nMONSTER_WHISPER 255 181 235 N\nMONSTER_EMOTE 255 128 64 N\nCHANNEL 255 192 192 N\nCHANNEL_JOIN 192 128 128 N\nCHANNEL_LEAVE 192 128 128 N\nCHANNEL_LIST 192 128 128 N\nCHANNEL_NOTICE 192 192 192 N\nCHANNEL_NOTICE_USER 192 192 192 N\nAFK 255 128 255 N\nDND 255 128 255 N\nIGNORED 255 0 0 N\nSKILL 85 85 255 N\nLOOT 0 170 0 N\nMONEY 255 255 0 N\nOPENING 128 128 255 N\nTRADESKILLS 255 255 255 N\nPET_INFO 128 128 255 N\nCOMBAT_MISC_INFO 128 128 255 N\nCOMBAT_XP_GAIN 111 111 255 N\nCOMBAT_HONOR_GAIN 224 202 10 N\nCOMBAT_FACTION_CHANGE 128 128 255 N\nBG_SYSTEM_NEUTRAL 255 120 10 N\nBG_SYSTEM_ALLIANCE 0 174 239 N\nBG_SYSTEM_HORDE 255 0 0 N\nRAID_LEADER 255 72 9 N\nRAID_WARNING 255 72 0 N\nRAID_BOSS_EMOTE 255 221 0 N\nRAID_BOSS_WHISPER 255 221 0 N\nFILTERED 255 0 0 N\nBATTLEGROUND 255 127 0 N\nBATTLEGROUND_LEADER 255 219 183 N\nRESTRICTED 255 0 0 N\nBATTLENET 255 255 255 N\nACHIEVEMENT 255 255 0 N\nGUILD_ACHIEVEMENT 64 255 64 N\nARENA_POINTS 255 255 255 N\nPARTY_LEADER 118 200 255 N\nTARGETICONS 255 255 0 N\nBN_WHISPER 0 255 246 N\nBN_WHISPER_INFORM 0 255 246 N\nBN_CONVERSATION 0 177 240 N\nBN_CONVERSATION_NOTICE 0 177 240 N\nBN_CONVERSATION_LIST 0 177 240 N\nBN_INLINE_TOAST_ALERT 130 197 255 N\nBN_INLINE_TOAST_BROADCAST 130 197 255 N\nBN_INLINE_TOAST_BROADCAST_INFORM 130 197 255 N\nBN_INLINE_TOAST_CONVERSATION 130 197 255 N\nCOMBAT_GUILD_XP_GAIN 111 111 255 N\nCURRENCY 0 170 0 N\nBN_WHISPER_PLAYER_OFFLINE 255 255 0 N\nCHANNEL1 255 192 192 N\nCHANNEL2 255 192 192 N\nCHANNEL3 255 192 192 N\nCHANNEL4 255 192 192 N\nCHANNEL5 255 192 192 N\nCHANNEL6 255 192 192 N\nCHANNEL7 255 192 192 N\nCHANNEL8 255 192 192 N\nCHANNEL9 255 192 192 N\nCHANNEL10 255 192 192 N\nEND\n\nWINDOW 1\nNAME General\nSIZE 0\nCOLOR 0 0 0 40\nLOCKED 1\nUNINTERACTABLE 0\nDOCKED 1\nSHOWN 1\nMESSAGES\nSYSTEM\nSYSTEM_NOMENU\nSAY\nEMOTE\nYELL\nWHISPER\nPARTY\nPARTY_LEADER\nRAID\nRAID_LEADER\nRAID_WARNING\nBATTLEGROUND\nBATTLEGROUND_LEADER\nGUILD\nOFFICER\nMONSTER_SAY\nMONSTER_YELL\nMONSTER_EMOTE\nMONSTER_WHISPER\nMONSTER_BOSS_EMOTE\nMONSTER_BOSS_WHISPER\nERRORS\nAFK\nDND\nIGNORED\nBG_HORDE\nBG_ALLIANCE\nBG_NEUTRAL\nCOMBAT_FACTION_CHANGE\nSKILL\nLOOT\nMONEY\nCHANNEL\nACHIEVEMENT\nGUILD_ACHIEVEMENT\nTARGETICONS\nBN_WHISPER\nBN_WHISPER_INFORM\nBN_CONVERSATION\nBN_INLINE_TOAST_ALERT\nCURRENCY\nBN_WHISPER_PLAYER_OFFLINE\nEND\n\nCHANNELS\nLookingForGroup\nEND\n\nZONECHANNELS 2097155\n\nEND\n\nWINDOW 2\nNAME Combat Log\nSIZE 0\nCOLOR 0 0 0 40\nLOCKED 1\nUNINTERACTABLE 0\nDOCKED 2\nSHOWN 0\nMESSAGES\nOPENING\nTRADESKILLS\nPET_INFO\nCOMBAT_XP_GAIN\nCOMBAT_HONOR_GAIN\nCOMBAT_MISC_INFO\nCOMBAT_GUILD_XP_GAIN\nEND\n\nCHANNELS\nEND\n\nZONECHANNELS 0\n\nEND\n\nWINDOW 3\nSIZE 0\nCOLOR 0 0 0 40\nLOCKED 1\nUNINTERACTABLE 0\nDOCKED 0\nSHOWN 0\nMESSAGES\nEND\n\nCHANNELS\nEND\n\nZONECHANNELS 0\n\nEND\n\nWINDOW 4\nSIZE 0\nCOLOR 0 0 0 40\nLOCKED 1\nUNINTERACTABLE 0\nDOCKED 0\nSHOWN 0\nMESSAGES\nEND\n\nCHANNELS\nEND\n\nZONECHANNELS 0\n\nEND\n\nWINDOW 5\nSIZE 0\nCOLOR 0 0 0 40\nLOCKED 1\nUNINTERACTABLE 0\nDOCKED 0\nSHOWN 0\nMESSAGES\nEND\n\nCHANNELS\nEND\n\nZONECHANNELS 0\n\nEND\n\nWINDOW 6\nSIZE 0\nCOLOR 0 0 0 40\nLOCKED 1\nUNINTERACTABLE 0\nDOCKED 0\nSHOWN 0\nMESSAGES\nEND\n\nCHANNELS\nEND\n\nZONECHANNELS 0\n\nEND\n\nWINDOW 7\nSIZE 0\nCOLOR 0 0 0 40\nLOCKED 1\nUNINTERACTABLE 0\nDOCKED 0\nSHOWN 0\nMESSAGES\nEND\n\nCHANNELS\nEND\n\nZONECHANNELS 0\n\nEND\n\nWINDOW 8\nSIZE 0\nCOLOR 0 0 0 40\nLOCKED 1\nUNINTERACTABLE 0\nDOCKED 0\nSHOWN 0\nMESSAGES\nEND\n\nCHANNELS\nEND\n\nZONECHANNELS 0\n\nEND\n\nWINDOW 9\nSIZE 0\nCOLOR 0 0 0 40\nLOCKED 1\nUNINTERACTABLE 0\nDOCKED 0\nSHOWN 0\nMESSAGES\nEND\n\nCHANNELS\nEND\n\nZONECHANNELS 0\n\nEND\n\nWINDOW 10\nSIZE 0\nCOLOR 0 0 0 40\nLOCKED 1\nUNINTERACTABLE 0\nDOCKED 0\nSHOWN 0\nMESSAGES\nEND\n\nCHANNELS\nEND\n\nZONECHANNELS 0\n\nEND\n\n'),(5,1,1591807993,_binary 'SET autoLootDefault \"1\"\r\nSET autoQuestPopUps \"v\"\r\nSET trackedQuests \"v\"\r\nSET trackedAchievements \"v\"\r\nSET cameraSavedDistance \"15.000000\"\r\nSET cameraSavedPitch \"30.000002\"\r\nSET talentPointsSpent \"1\"\r\nSET minimapTrackedInfov2 \"493568\"\r\nSET minimapShapeshiftTracking \"v\"\r\nSET characterFrameCollapsed \"0\"\r\nSET reputationsCollapsed \"v##$\"\r\nSET activeCUFProfile \"Primary\"\r\n'),(5,7,1591807994,_binary 'VERSION 5\n\nADDEDVERSION 16\n\nCHANNELS\nEND\n\nZONECHANNELS 35651587\n\nCOLORS\nSYSTEM 255 255 0 N\nSAY 255 255 255 N\nPARTY 170 170 255 N\nRAID 255 127 0 N\nGUILD 64 255 64 N\nOFFICER 64 192 64 N\nYELL 255 64 64 N\nWHISPER 255 128 255 N\nWHISPER_FOREIGN 255 128 255 N\nWHISPER_INFORM 255 128 255 N\nEMOTE 255 128 64 N\nTEXT_EMOTE 255 128 64 N\nMONSTER_SAY 255 255 159 N\nMONSTER_PARTY 170 170 255 N\nMONSTER_YELL 255 64 64 N\nMONSTER_WHISPER 255 181 235 N\nMONSTER_EMOTE 255 128 64 N\nCHANNEL 255 192 192 N\nCHANNEL_JOIN 192 128 128 N\nCHANNEL_LEAVE 192 128 128 N\nCHANNEL_LIST 192 128 128 N\nCHANNEL_NOTICE 192 192 192 N\nCHANNEL_NOTICE_USER 192 192 192 N\nAFK 255 128 255 N\nDND 255 128 255 N\nIGNORED 255 0 0 N\nSKILL 85 85 255 N\nLOOT 0 170 0 N\nMONEY 255 255 0 N\nOPENING 128 128 255 N\nTRADESKILLS 255 255 255 N\nPET_INFO 128 128 255 N\nCOMBAT_MISC_INFO 128 128 255 N\nCOMBAT_XP_GAIN 111 111 255 N\nCOMBAT_HONOR_GAIN 224 202 10 N\nCOMBAT_FACTION_CHANGE 128 128 255 N\nBG_SYSTEM_NEUTRAL 255 120 10 N\nBG_SYSTEM_ALLIANCE 0 174 239 N\nBG_SYSTEM_HORDE 255 0 0 N\nRAID_LEADER 255 72 9 N\nRAID_WARNING 255 72 0 N\nRAID_BOSS_EMOTE 255 221 0 N\nRAID_BOSS_WHISPER 255 221 0 N\nFILTERED 255 0 0 N\nBATTLEGROUND 255 127 0 N\nBATTLEGROUND_LEADER 255 219 183 N\nRESTRICTED 255 0 0 N\nBATTLENET 255 255 255 N\nACHIEVEMENT 255 255 0 N\nGUILD_ACHIEVEMENT 64 255 64 N\nARENA_POINTS 255 255 255 N\nPARTY_LEADER 118 200 255 N\nTARGETICONS 255 255 0 N\nBN_WHISPER 0 255 246 N\nBN_WHISPER_INFORM 0 255 246 N\nBN_CONVERSATION 0 177 240 N\nBN_CONVERSATION_NOTICE 0 177 240 N\nBN_CONVERSATION_LIST 0 177 240 N\nBN_INLINE_TOAST_ALERT 130 197 255 N\nBN_INLINE_TOAST_BROADCAST 130 197 255 N\nBN_INLINE_TOAST_BROADCAST_INFORM 130 197 255 N\nBN_INLINE_TOAST_CONVERSATION 130 197 255 N\nCOMBAT_GUILD_XP_GAIN 111 111 255 N\nCURRENCY 0 170 0 N\nBN_WHISPER_PLAYER_OFFLINE 255 255 0 N\nCHANNEL1 255 192 192 N\nCHANNEL2 255 192 192 N\nCHANNEL3 255 192 192 N\nCHANNEL4 255 192 192 N\nCHANNEL5 255 192 192 N\nCHANNEL6 255 192 192 N\nCHANNEL7 255 192 192 N\nCHANNEL8 255 192 192 N\nCHANNEL9 255 192 192 N\nCHANNEL10 255 192 192 N\nEND\n\nWINDOW 1\nNAME General\nSIZE 0\nCOLOR 0 0 0 40\nLOCKED 1\nUNINTERACTABLE 0\nDOCKED 1\nSHOWN 1\nMESSAGES\nSYSTEM\nSYSTEM_NOMENU\nSAY\nEMOTE\nYELL\nWHISPER\nPARTY\nPARTY_LEADER\nRAID\nRAID_LEADER\nRAID_WARNING\nBATTLEGROUND\nBATTLEGROUND_LEADER\nGUILD\nOFFICER\nMONSTER_SAY\nMONSTER_YELL\nMONSTER_EMOTE\nMONSTER_WHISPER\nMONSTER_BOSS_EMOTE\nMONSTER_BOSS_WHISPER\nERRORS\nAFK\nDND\nIGNORED\nBG_HORDE\nBG_ALLIANCE\nBG_NEUTRAL\nCOMBAT_FACTION_CHANGE\nSKILL\nLOOT\nMONEY\nCHANNEL\nACHIEVEMENT\nGUILD_ACHIEVEMENT\nTARGETICONS\nBN_WHISPER\nBN_WHISPER_INFORM\nBN_CONVERSATION\nBN_INLINE_TOAST_ALERT\nCURRENCY\nBN_WHISPER_PLAYER_OFFLINE\nEND\n\nCHANNELS\nLookingForGroup\nEND\n\nZONECHANNELS 2097155\n\nEND\n\nWINDOW 2\nNAME Combat Log\nSIZE 0\nCOLOR 0 0 0 40\nLOCKED 1\nUNINTERACTABLE 0\nDOCKED 2\nSHOWN 0\nMESSAGES\nOPENING\nTRADESKILLS\nPET_INFO\nCOMBAT_XP_GAIN\nCOMBAT_HONOR_GAIN\nCOMBAT_MISC_INFO\nCOMBAT_GUILD_XP_GAIN\nEND\n\nCHANNELS\nEND\n\nZONECHANNELS 0\n\nEND\n\nWINDOW 3\nSIZE 0\nCOLOR 0 0 0 40\nLOCKED 1\nUNINTERACTABLE 0\nDOCKED 0\nSHOWN 0\nMESSAGES\nEND\n\nCHANNELS\nEND\n\nZONECHANNELS 0\n\nEND\n\nWINDOW 4\nSIZE 0\nCOLOR 0 0 0 40\nLOCKED 1\nUNINTERACTABLE 0\nDOCKED 0\nSHOWN 0\nMESSAGES\nEND\n\nCHANNELS\nEND\n\nZONECHANNELS 0\n\nEND\n\nWINDOW 5\nSIZE 0\nCOLOR 0 0 0 40\nLOCKED 1\nUNINTERACTABLE 0\nDOCKED 0\nSHOWN 0\nMESSAGES\nEND\n\nCHANNELS\nEND\n\nZONECHANNELS 0\n\nEND\n\nWINDOW 6\nSIZE 0\nCOLOR 0 0 0 40\nLOCKED 1\nUNINTERACTABLE 0\nDOCKED 0\nSHOWN 0\nMESSAGES\nEND\n\nCHANNELS\nEND\n\nZONECHANNELS 0\n\nEND\n\nWINDOW 7\nSIZE 0\nCOLOR 0 0 0 40\nLOCKED 1\nUNINTERACTABLE 0\nDOCKED 0\nSHOWN 0\nMESSAGES\nEND\n\nCHANNELS\nEND\n\nZONECHANNELS 0\n\nEND\n\nWINDOW 8\nSIZE 0\nCOLOR 0 0 0 40\nLOCKED 1\nUNINTERACTABLE 0\nDOCKED 0\nSHOWN 0\nMESSAGES\nEND\n\nCHANNELS\nEND\n\nZONECHANNELS 0\n\nEND\n\nWINDOW 9\nSIZE 0\nCOLOR 0 0 0 40\nLOCKED 1\nUNINTERACTABLE 0\nDOCKED 0\nSHOWN 0\nMESSAGES\nEND\n\nCHANNELS\nEND\n\nZONECHANNELS 0\n\nEND\n\nWINDOW 10\nSIZE 0\nCOLOR 0 0 0 40\nLOCKED 1\nUNINTERACTABLE 0\nDOCKED 0\nSHOWN 0\nMESSAGES\nEND\n\nCHANNELS\nEND\n\nZONECHANNELS 0\n\nEND\n\n'),(6,1,1591875366,_binary 'SET autoLootDefault \"1\"\r\nSET autoQuestPopUps \"v##$\"\r\nSET trackedQuests \"v&-z\"\r\nSET trackedAchievements \"v\"\r\nSET cameraSavedDistance \"15.000000\"\r\nSET cameraSavedPitch \"13.950005\"\r\nSET talentPointsSpent \"1\"\r\nSET guildRosterView \"guildStatus\"\r\nSET minimapTrackedInfov2 \"491520\"\r\nSET minimapShapeshiftTracking \"v\"\r\nSET reputationsCollapsed \"v##$\"\r\nSET activeCUFProfile \"Primary\"\r\n'),(6,7,1591550186,_binary 'VERSION 5\n\nADDEDVERSION 16\n\nCHANNELS\nEND\n\nZONECHANNELS 35651587\n\nCOLORS\nSYSTEM 255 255 0 N\nSAY 255 255 255 N\nPARTY 170 170 255 N\nRAID 255 127 0 N\nGUILD 64 255 64 N\nOFFICER 64 192 64 N\nYELL 255 64 64 N\nWHISPER 255 128 255 N\nWHISPER_FOREIGN 255 128 255 N\nWHISPER_INFORM 255 128 255 N\nEMOTE 255 128 64 N\nTEXT_EMOTE 255 128 64 N\nMONSTER_SAY 255 255 159 N\nMONSTER_PARTY 170 170 255 N\nMONSTER_YELL 255 64 64 N\nMONSTER_WHISPER 255 181 235 N\nMONSTER_EMOTE 255 128 64 N\nCHANNEL 255 192 192 N\nCHANNEL_JOIN 192 128 128 N\nCHANNEL_LEAVE 192 128 128 N\nCHANNEL_LIST 192 128 128 N\nCHANNEL_NOTICE 192 192 192 N\nCHANNEL_NOTICE_USER 192 192 192 N\nAFK 255 128 255 N\nDND 255 128 255 N\nIGNORED 255 0 0 N\nSKILL 85 85 255 N\nLOOT 0 170 0 N\nMONEY 255 255 0 N\nOPENING 128 128 255 N\nTRADESKILLS 255 255 255 N\nPET_INFO 128 128 255 N\nCOMBAT_MISC_INFO 128 128 255 N\nCOMBAT_XP_GAIN 111 111 255 N\nCOMBAT_HONOR_GAIN 224 202 10 N\nCOMBAT_FACTION_CHANGE 128 128 255 N\nBG_SYSTEM_NEUTRAL 255 120 10 N\nBG_SYSTEM_ALLIANCE 0 174 239 N\nBG_SYSTEM_HORDE 255 0 0 N\nRAID_LEADER 255 72 9 N\nRAID_WARNING 255 72 0 N\nRAID_BOSS_EMOTE 255 221 0 N\nRAID_BOSS_WHISPER 255 221 0 N\nFILTERED 255 0 0 N\nBATTLEGROUND 255 127 0 N\nBATTLEGROUND_LEADER 255 219 183 N\nRESTRICTED 255 0 0 N\nBATTLENET 255 255 255 N\nACHIEVEMENT 255 255 0 N\nGUILD_ACHIEVEMENT 64 255 64 N\nARENA_POINTS 255 255 255 N\nPARTY_LEADER 118 200 255 N\nTARGETICONS 255 255 0 N\nBN_WHISPER 0 255 246 N\nBN_WHISPER_INFORM 0 255 246 N\nBN_CONVERSATION 0 177 240 N\nBN_CONVERSATION_NOTICE 0 177 240 N\nBN_CONVERSATION_LIST 0 177 240 N\nBN_INLINE_TOAST_ALERT 130 197 255 N\nBN_INLINE_TOAST_BROADCAST 130 197 255 N\nBN_INLINE_TOAST_BROADCAST_INFORM 130 197 255 N\nBN_INLINE_TOAST_CONVERSATION 130 197 255 N\nCOMBAT_GUILD_XP_GAIN 111 111 255 N\nCURRENCY 0 170 0 N\nBN_WHISPER_PLAYER_OFFLINE 255 255 0 N\nCHANNEL1 255 192 192 N\nCHANNEL2 255 192 192 N\nCHANNEL3 255 192 192 N\nCHANNEL4 255 192 192 N\nCHANNEL5 255 192 192 N\nCHANNEL6 255 192 192 N\nCHANNEL7 255 192 192 N\nCHANNEL8 255 192 192 N\nCHANNEL9 255 192 192 N\nCHANNEL10 255 192 192 N\nEND\n\nWINDOW 1\nNAME General\nSIZE 0\nCOLOR 0 0 0 40\nLOCKED 1\nUNINTERACTABLE 0\nDOCKED 1\nSHOWN 1\nMESSAGES\nSYSTEM\nSYSTEM_NOMENU\nSAY\nEMOTE\nYELL\nWHISPER\nPARTY\nPARTY_LEADER\nRAID\nRAID_LEADER\nRAID_WARNING\nBATTLEGROUND\nBATTLEGROUND_LEADER\nGUILD\nOFFICER\nMONSTER_SAY\nMONSTER_YELL\nMONSTER_EMOTE\nMONSTER_WHISPER\nMONSTER_BOSS_EMOTE\nMONSTER_BOSS_WHISPER\nERRORS\nAFK\nDND\nIGNORED\nBG_HORDE\nBG_ALLIANCE\nBG_NEUTRAL\nCOMBAT_FACTION_CHANGE\nSKILL\nLOOT\nMONEY\nCHANNEL\nACHIEVEMENT\nGUILD_ACHIEVEMENT\nTARGETICONS\nBN_WHISPER\nBN_WHISPER_INFORM\nBN_CONVERSATION\nBN_INLINE_TOAST_ALERT\nCURRENCY\nBN_WHISPER_PLAYER_OFFLINE\nEND\n\nCHANNELS\nLookingForGroup\nEND\n\nZONECHANNELS 2097155\n\nEND\n\nWINDOW 2\nNAME Combat Log\nSIZE 0\nCOLOR 0 0 0 40\nLOCKED 1\nUNINTERACTABLE 0\nDOCKED 2\nSHOWN 0\nMESSAGES\nOPENING\nTRADESKILLS\nPET_INFO\nCOMBAT_XP_GAIN\nCOMBAT_HONOR_GAIN\nCOMBAT_MISC_INFO\nCOMBAT_GUILD_XP_GAIN\nEND\n\nCHANNELS\nEND\n\nZONECHANNELS 0\n\nEND\n\nWINDOW 3\nSIZE 0\nCOLOR 0 0 0 40\nLOCKED 1\nUNINTERACTABLE 0\nDOCKED 0\nSHOWN 0\nMESSAGES\nEND\n\nCHANNELS\nEND\n\nZONECHANNELS 0\n\nEND\n\nWINDOW 4\nSIZE 0\nCOLOR 0 0 0 40\nLOCKED 1\nUNINTERACTABLE 0\nDOCKED 0\nSHOWN 0\nMESSAGES\nEND\n\nCHANNELS\nEND\n\nZONECHANNELS 0\n\nEND\n\nWINDOW 5\nSIZE 0\nCOLOR 0 0 0 40\nLOCKED 1\nUNINTERACTABLE 0\nDOCKED 0\nSHOWN 0\nMESSAGES\nEND\n\nCHANNELS\nEND\n\nZONECHANNELS 0\n\nEND\n\nWINDOW 6\nSIZE 0\nCOLOR 0 0 0 40\nLOCKED 1\nUNINTERACTABLE 0\nDOCKED 0\nSHOWN 0\nMESSAGES\nEND\n\nCHANNELS\nEND\n\nZONECHANNELS 0\n\nEND\n\nWINDOW 7\nSIZE 0\nCOLOR 0 0 0 40\nLOCKED 1\nUNINTERACTABLE 0\nDOCKED 0\nSHOWN 0\nMESSAGES\nEND\n\nCHANNELS\nEND\n\nZONECHANNELS 0\n\nEND\n\nWINDOW 8\nSIZE 0\nCOLOR 0 0 0 40\nLOCKED 1\nUNINTERACTABLE 0\nDOCKED 0\nSHOWN 0\nMESSAGES\nEND\n\nCHANNELS\nEND\n\nZONECHANNELS 0\n\nEND\n\nWINDOW 9\nSIZE 0\nCOLOR 0 0 0 40\nLOCKED 1\nUNINTERACTABLE 0\nDOCKED 0\nSHOWN 0\nMESSAGES\nEND\n\nCHANNELS\nEND\n\nZONECHANNELS 0\n\nEND\n\nWINDOW 10\nSIZE 0\nCOLOR 0 0 0 40\nLOCKED 1\nUNINTERACTABLE 0\nDOCKED 0\nSHOWN 0\nMESSAGES\nEND\n\nCHANNELS\nEND\n\nZONECHANNELS 0\n\nEND\n\n'),(7,1,1591670116,_binary 'SET autoLootDefault \"1\"\r\nSET autoQuestPopUps \"v\"\r\nSET trackedQuests \"v\"\r\nSET trackedAchievements \"v\"\r\nSET cameraSavedDistance \"15.000000\"\r\nSET cameraSavedVehicleDistance \"50.000000\"\r\nSET cameraSavedPitch \"25.799999\"\r\nSET talentPointsSpent \"1\"\r\nSET autoFilledMultiCastSlots \"3\"\r\nSET minimapTrackedInfov2 \"497664\"\r\nSET minimapShapeshiftTracking \"v\"\r\nSET characterFrameCollapsed \"0\"\r\nSET reputationsCollapsed \"v##$\"\r\nSET activeCUFProfile \"Primary\"\r\n'),(7,7,1591661779,_binary 'VERSION 5\n\nADDEDVERSION 16\n\nCHANNELS\nEND\n\nZONECHANNELS 35651587\n\nCOLORS\nSYSTEM 255 255 0 N\nSAY 255 255 255 N\nPARTY 170 170 255 N\nRAID 255 127 0 N\nGUILD 64 255 64 N\nOFFICER 64 192 64 N\nYELL 255 64 64 N\nWHISPER 255 128 255 N\nWHISPER_FOREIGN 255 128 255 N\nWHISPER_INFORM 255 128 255 N\nEMOTE 255 128 64 N\nTEXT_EMOTE 255 128 64 N\nMONSTER_SAY 255 255 159 N\nMONSTER_PARTY 170 170 255 N\nMONSTER_YELL 255 64 64 N\nMONSTER_WHISPER 255 181 235 N\nMONSTER_EMOTE 255 128 64 N\nCHANNEL 255 192 192 N\nCHANNEL_JOIN 192 128 128 N\nCHANNEL_LEAVE 192 128 128 N\nCHANNEL_LIST 192 128 128 N\nCHANNEL_NOTICE 192 192 192 N\nCHANNEL_NOTICE_USER 192 192 192 N\nAFK 255 128 255 N\nDND 255 128 255 N\nIGNORED 255 0 0 N\nSKILL 85 85 255 N\nLOOT 0 170 0 N\nMONEY 255 255 0 N\nOPENING 128 128 255 N\nTRADESKILLS 255 255 255 N\nPET_INFO 128 128 255 N\nCOMBAT_MISC_INFO 128 128 255 N\nCOMBAT_XP_GAIN 111 111 255 N\nCOMBAT_HONOR_GAIN 224 202 10 N\nCOMBAT_FACTION_CHANGE 128 128 255 N\nBG_SYSTEM_NEUTRAL 255 120 10 N\nBG_SYSTEM_ALLIANCE 0 174 239 N\nBG_SYSTEM_HORDE 255 0 0 N\nRAID_LEADER 255 72 9 N\nRAID_WARNING 255 72 0 N\nRAID_BOSS_EMOTE 255 221 0 N\nRAID_BOSS_WHISPER 255 221 0 N\nFILTERED 255 0 0 N\nBATTLEGROUND 255 127 0 N\nBATTLEGROUND_LEADER 255 219 183 N\nRESTRICTED 255 0 0 N\nBATTLENET 255 255 255 N\nACHIEVEMENT 255 255 0 N\nGUILD_ACHIEVEMENT 64 255 64 N\nARENA_POINTS 255 255 255 N\nPARTY_LEADER 118 200 255 N\nTARGETICONS 255 255 0 N\nBN_WHISPER 0 255 246 N\nBN_WHISPER_INFORM 0 255 246 N\nBN_CONVERSATION 0 177 240 N\nBN_CONVERSATION_NOTICE 0 177 240 N\nBN_CONVERSATION_LIST 0 177 240 N\nBN_INLINE_TOAST_ALERT 130 197 255 N\nBN_INLINE_TOAST_BROADCAST 130 197 255 N\nBN_INLINE_TOAST_BROADCAST_INFORM 130 197 255 N\nBN_INLINE_TOAST_CONVERSATION 130 197 255 N\nCOMBAT_GUILD_XP_GAIN 111 111 255 N\nCURRENCY 0 170 0 N\nBN_WHISPER_PLAYER_OFFLINE 255 255 0 N\nCHANNEL1 255 192 192 N\nCHANNEL2 255 192 192 N\nCHANNEL3 255 192 192 N\nCHANNEL4 255 192 192 N\nCHANNEL5 255 192 192 N\nCHANNEL6 255 192 192 N\nCHANNEL7 255 192 192 N\nCHANNEL8 255 192 192 N\nCHANNEL9 255 192 192 N\nCHANNEL10 255 192 192 N\nEND\n\nWINDOW 1\nNAME General\nSIZE 0\nCOLOR 0 0 0 40\nLOCKED 1\nUNINTERACTABLE 0\nDOCKED 1\nSHOWN 1\nMESSAGES\nSYSTEM\nSYSTEM_NOMENU\nSAY\nEMOTE\nYELL\nWHISPER\nPARTY\nPARTY_LEADER\nRAID\nRAID_LEADER\nRAID_WARNING\nBATTLEGROUND\nBATTLEGROUND_LEADER\nGUILD\nOFFICER\nMONSTER_SAY\nMONSTER_YELL\nMONSTER_EMOTE\nMONSTER_WHISPER\nMONSTER_BOSS_EMOTE\nMONSTER_BOSS_WHISPER\nERRORS\nAFK\nDND\nIGNORED\nBG_HORDE\nBG_ALLIANCE\nBG_NEUTRAL\nCOMBAT_FACTION_CHANGE\nSKILL\nLOOT\nMONEY\nCHANNEL\nACHIEVEMENT\nGUILD_ACHIEVEMENT\nTARGETICONS\nBN_WHISPER\nBN_WHISPER_INFORM\nBN_CONVERSATION\nBN_INLINE_TOAST_ALERT\nCURRENCY\nBN_WHISPER_PLAYER_OFFLINE\nEND\n\nCHANNELS\nLookingForGroup\nEND\n\nZONECHANNELS 2097155\n\nEND\n\nWINDOW 2\nNAME Combat Log\nSIZE 0\nCOLOR 0 0 0 40\nLOCKED 1\nUNINTERACTABLE 0\nDOCKED 2\nSHOWN 0\nMESSAGES\nOPENING\nTRADESKILLS\nPET_INFO\nCOMBAT_XP_GAIN\nCOMBAT_HONOR_GAIN\nCOMBAT_MISC_INFO\nCOMBAT_GUILD_XP_GAIN\nEND\n\nCHANNELS\nEND\n\nZONECHANNELS 0\n\nEND\n\nWINDOW 3\nSIZE 0\nCOLOR 0 0 0 40\nLOCKED 1\nUNINTERACTABLE 0\nDOCKED 0\nSHOWN 0\nMESSAGES\nEND\n\nCHANNELS\nEND\n\nZONECHANNELS 0\n\nEND\n\nWINDOW 4\nSIZE 0\nCOLOR 0 0 0 40\nLOCKED 1\nUNINTERACTABLE 0\nDOCKED 0\nSHOWN 0\nMESSAGES\nEND\n\nCHANNELS\nEND\n\nZONECHANNELS 0\n\nEND\n\nWINDOW 5\nSIZE 0\nCOLOR 0 0 0 40\nLOCKED 1\nUNINTERACTABLE 0\nDOCKED 0\nSHOWN 0\nMESSAGES\nEND\n\nCHANNELS\nEND\n\nZONECHANNELS 0\n\nEND\n\nWINDOW 6\nSIZE 0\nCOLOR 0 0 0 40\nLOCKED 1\nUNINTERACTABLE 0\nDOCKED 0\nSHOWN 0\nMESSAGES\nEND\n\nCHANNELS\nEND\n\nZONECHANNELS 0\n\nEND\n\nWINDOW 7\nSIZE 0\nCOLOR 0 0 0 40\nLOCKED 1\nUNINTERACTABLE 0\nDOCKED 0\nSHOWN 0\nMESSAGES\nEND\n\nCHANNELS\nEND\n\nZONECHANNELS 0\n\nEND\n\nWINDOW 8\nSIZE 0\nCOLOR 0 0 0 40\nLOCKED 1\nUNINTERACTABLE 0\nDOCKED 0\nSHOWN 0\nMESSAGES\nEND\n\nCHANNELS\nEND\n\nZONECHANNELS 0\n\nEND\n\nWINDOW 9\nSIZE 0\nCOLOR 0 0 0 40\nLOCKED 1\nUNINTERACTABLE 0\nDOCKED 0\nSHOWN 0\nMESSAGES\nEND\n\nCHANNELS\nEND\n\nZONECHANNELS 0\n\nEND\n\nWINDOW 10\nSIZE 0\nCOLOR 0 0 0 40\nLOCKED 1\nUNINTERACTABLE 0\nDOCKED 0\nSHOWN 0\nMESSAGES\nEND\n\nCHANNELS\nEND\n\nZONECHANNELS 0\n\nEND\n\n'),(8,1,1591748296,_binary 'SET autoLootDefault \"1\"\r\nSET autoQuestPopUps \"v\"\r\nSET trackedQuests \"v&\'c\"\r\nSET trackedAchievements \"v\"\r\nSET cameraSavedDistance \"15.000000\"\r\nSET cameraSavedPitch \"18.450003\"\r\nSET talentPointsSpent \"1\"\r\nSET minimapTrackedInfov2 \"497664\"\r\nSET minimapShapeshiftTracking \"v\"\r\nSET reputationsCollapsed \"v##$\"\r\nSET activeCUFProfile \"Primary\"\r\n'),(8,7,1591748295,_binary 'VERSION 5\n\nADDEDVERSION 16\n\nCHANNELS\nEND\n\nZONECHANNELS 35651587\n\nCOLORS\nSYSTEM 255 255 0 N\nSAY 255 255 255 N\nPARTY 170 170 255 N\nRAID 255 127 0 N\nGUILD 64 255 64 N\nOFFICER 64 192 64 N\nYELL 255 64 64 N\nWHISPER 255 128 255 N\nWHISPER_FOREIGN 255 128 255 N\nWHISPER_INFORM 255 128 255 N\nEMOTE 255 128 64 N\nTEXT_EMOTE 255 128 64 N\nMONSTER_SAY 255 255 159 N\nMONSTER_PARTY 170 170 255 N\nMONSTER_YELL 255 64 64 N\nMONSTER_WHISPER 255 181 235 N\nMONSTER_EMOTE 255 128 64 N\nCHANNEL 255 192 192 N\nCHANNEL_JOIN 192 128 128 N\nCHANNEL_LEAVE 192 128 128 N\nCHANNEL_LIST 192 128 128 N\nCHANNEL_NOTICE 192 192 192 N\nCHANNEL_NOTICE_USER 192 192 192 N\nAFK 255 128 255 N\nDND 255 128 255 N\nIGNORED 255 0 0 N\nSKILL 85 85 255 N\nLOOT 0 170 0 N\nMONEY 255 255 0 N\nOPENING 128 128 255 N\nTRADESKILLS 255 255 255 N\nPET_INFO 128 128 255 N\nCOMBAT_MISC_INFO 128 128 255 N\nCOMBAT_XP_GAIN 111 111 255 N\nCOMBAT_HONOR_GAIN 224 202 10 N\nCOMBAT_FACTION_CHANGE 128 128 255 N\nBG_SYSTEM_NEUTRAL 255 120 10 N\nBG_SYSTEM_ALLIANCE 0 174 239 N\nBG_SYSTEM_HORDE 255 0 0 N\nRAID_LEADER 255 72 9 N\nRAID_WARNING 255 72 0 N\nRAID_BOSS_EMOTE 255 221 0 N\nRAID_BOSS_WHISPER 255 221 0 N\nFILTERED 255 0 0 N\nBATTLEGROUND 255 127 0 N\nBATTLEGROUND_LEADER 255 219 183 N\nRESTRICTED 255 0 0 N\nBATTLENET 255 255 255 N\nACHIEVEMENT 255 255 0 N\nGUILD_ACHIEVEMENT 64 255 64 N\nARENA_POINTS 255 255 255 N\nPARTY_LEADER 118 200 255 N\nTARGETICONS 255 255 0 N\nBN_WHISPER 0 255 246 N\nBN_WHISPER_INFORM 0 255 246 N\nBN_CONVERSATION 0 177 240 N\nBN_CONVERSATION_NOTICE 0 177 240 N\nBN_CONVERSATION_LIST 0 177 240 N\nBN_INLINE_TOAST_ALERT 130 197 255 N\nBN_INLINE_TOAST_BROADCAST 130 197 255 N\nBN_INLINE_TOAST_BROADCAST_INFORM 130 197 255 N\nBN_INLINE_TOAST_CONVERSATION 130 197 255 N\nCOMBAT_GUILD_XP_GAIN 111 111 255 N\nCURRENCY 0 170 0 N\nBN_WHISPER_PLAYER_OFFLINE 255 255 0 N\nCHANNEL1 255 192 192 N\nCHANNEL2 255 192 192 N\nCHANNEL3 255 192 192 N\nCHANNEL4 255 192 192 N\nCHANNEL5 255 192 192 N\nCHANNEL6 255 192 192 N\nCHANNEL7 255 192 192 N\nCHANNEL8 255 192 192 N\nCHANNEL9 255 192 192 N\nCHANNEL10 255 192 192 N\nEND\n\nWINDOW 1\nNAME General\nSIZE 0\nCOLOR 0 0 0 40\nLOCKED 1\nUNINTERACTABLE 0\nDOCKED 1\nSHOWN 1\nMESSAGES\nSYSTEM\nSYSTEM_NOMENU\nSAY\nEMOTE\nYELL\nWHISPER\nPARTY\nPARTY_LEADER\nRAID\nRAID_LEADER\nRAID_WARNING\nBATTLEGROUND\nBATTLEGROUND_LEADER\nGUILD\nOFFICER\nMONSTER_SAY\nMONSTER_YELL\nMONSTER_EMOTE\nMONSTER_WHISPER\nMONSTER_BOSS_EMOTE\nMONSTER_BOSS_WHISPER\nERRORS\nAFK\nDND\nIGNORED\nBG_HORDE\nBG_ALLIANCE\nBG_NEUTRAL\nCOMBAT_FACTION_CHANGE\nSKILL\nLOOT\nMONEY\nCHANNEL\nACHIEVEMENT\nGUILD_ACHIEVEMENT\nTARGETICONS\nBN_WHISPER\nBN_WHISPER_INFORM\nBN_CONVERSATION\nBN_INLINE_TOAST_ALERT\nCURRENCY\nBN_WHISPER_PLAYER_OFFLINE\nEND\n\nCHANNELS\nLookingForGroup\nEND\n\nZONECHANNELS 2097155\n\nEND\n\nWINDOW 2\nNAME Combat Log\nSIZE 0\nCOLOR 0 0 0 40\nLOCKED 1\nUNINTERACTABLE 0\nDOCKED 2\nSHOWN 0\nMESSAGES\nOPENING\nTRADESKILLS\nPET_INFO\nCOMBAT_XP_GAIN\nCOMBAT_HONOR_GAIN\nCOMBAT_MISC_INFO\nCOMBAT_GUILD_XP_GAIN\nEND\n\nCHANNELS\nEND\n\nZONECHANNELS 0\n\nEND\n\nWINDOW 3\nSIZE 0\nCOLOR 0 0 0 40\nLOCKED 1\nUNINTERACTABLE 0\nDOCKED 0\nSHOWN 0\nMESSAGES\nEND\n\nCHANNELS\nEND\n\nZONECHANNELS 0\n\nEND\n\nWINDOW 4\nSIZE 0\nCOLOR 0 0 0 40\nLOCKED 1\nUNINTERACTABLE 0\nDOCKED 0\nSHOWN 0\nMESSAGES\nEND\n\nCHANNELS\nEND\n\nZONECHANNELS 0\n\nEND\n\nWINDOW 5\nSIZE 0\nCOLOR 0 0 0 40\nLOCKED 1\nUNINTERACTABLE 0\nDOCKED 0\nSHOWN 0\nMESSAGES\nEND\n\nCHANNELS\nEND\n\nZONECHANNELS 0\n\nEND\n\nWINDOW 6\nSIZE 0\nCOLOR 0 0 0 40\nLOCKED 1\nUNINTERACTABLE 0\nDOCKED 0\nSHOWN 0\nMESSAGES\nEND\n\nCHANNELS\nEND\n\nZONECHANNELS 0\n\nEND\n\nWINDOW 7\nSIZE 0\nCOLOR 0 0 0 40\nLOCKED 1\nUNINTERACTABLE 0\nDOCKED 0\nSHOWN 0\nMESSAGES\nEND\n\nCHANNELS\nEND\n\nZONECHANNELS 0\n\nEND\n\nWINDOW 8\nSIZE 0\nCOLOR 0 0 0 40\nLOCKED 1\nUNINTERACTABLE 0\nDOCKED 0\nSHOWN 0\nMESSAGES\nEND\n\nCHANNELS\nEND\n\nZONECHANNELS 0\n\nEND\n\nWINDOW 9\nSIZE 0\nCOLOR 0 0 0 40\nLOCKED 1\nUNINTERACTABLE 0\nDOCKED 0\nSHOWN 0\nMESSAGES\nEND\n\nCHANNELS\nEND\n\nZONECHANNELS 0\n\nEND\n\nWINDOW 10\nSIZE 0\nCOLOR 0 0 0 40\nLOCKED 1\nUNINTERACTABLE 0\nDOCKED 0\nSHOWN 0\nMESSAGES\nEND\n\nCHANNELS\nEND\n\nZONECHANNELS 0\n\nEND\n\n'),(9,1,1591838370,_binary 'SET autoLootDefault \"1\"\r\nSET autoQuestPopUps \"v##$\"\r\nSET trackedQuests \"v\"\r\nSET trackedAchievements \"v\"\r\nSET cameraSavedDistance \"15.000000\"\r\nSET cameraSavedPitch \"0.000000\"\r\nSET talentPointsSpent \"1\"\r\nSET minimapTrackedInfov2 \"497664\"\r\nSET minimapShapeshiftTracking \"v\"\r\nSET reputationsCollapsed \"v##$\"\r\nSET activeCUFProfile \"Primary\"\r\n'),(9,7,1591808024,_binary 'VERSION 5\n\nADDEDVERSION 16\n\nCHANNELS\nEND\n\nZONECHANNELS 35651587\n\nCOLORS\nSYSTEM 255 255 0 N\nSAY 255 255 255 N\nPARTY 170 170 255 N\nRAID 255 127 0 N\nGUILD 64 255 64 N\nOFFICER 64 192 64 N\nYELL 255 64 64 N\nWHISPER 255 128 255 N\nWHISPER_FOREIGN 255 128 255 N\nWHISPER_INFORM 255 128 255 N\nEMOTE 255 128 64 N\nTEXT_EMOTE 255 128 64 N\nMONSTER_SAY 255 255 159 N\nMONSTER_PARTY 170 170 255 N\nMONSTER_YELL 255 64 64 N\nMONSTER_WHISPER 255 181 235 N\nMONSTER_EMOTE 255 128 64 N\nCHANNEL 255 192 192 N\nCHANNEL_JOIN 192 128 128 N\nCHANNEL_LEAVE 192 128 128 N\nCHANNEL_LIST 192 128 128 N\nCHANNEL_NOTICE 192 192 192 N\nCHANNEL_NOTICE_USER 192 192 192 N\nAFK 255 128 255 N\nDND 255 128 255 N\nIGNORED 255 0 0 N\nSKILL 85 85 255 N\nLOOT 0 170 0 N\nMONEY 255 255 0 N\nOPENING 128 128 255 N\nTRADESKILLS 255 255 255 N\nPET_INFO 128 128 255 N\nCOMBAT_MISC_INFO 128 128 255 N\nCOMBAT_XP_GAIN 111 111 255 N\nCOMBAT_HONOR_GAIN 224 202 10 N\nCOMBAT_FACTION_CHANGE 128 128 255 N\nBG_SYSTEM_NEUTRAL 255 120 10 N\nBG_SYSTEM_ALLIANCE 0 174 239 N\nBG_SYSTEM_HORDE 255 0 0 N\nRAID_LEADER 255 72 9 N\nRAID_WARNING 255 72 0 N\nRAID_BOSS_EMOTE 255 221 0 N\nRAID_BOSS_WHISPER 255 221 0 N\nFILTERED 255 0 0 N\nBATTLEGROUND 255 127 0 N\nBATTLEGROUND_LEADER 255 219 183 N\nRESTRICTED 255 0 0 N\nBATTLENET 255 255 255 N\nACHIEVEMENT 255 255 0 N\nGUILD_ACHIEVEMENT 64 255 64 N\nARENA_POINTS 255 255 255 N\nPARTY_LEADER 118 200 255 N\nTARGETICONS 255 255 0 N\nBN_WHISPER 0 255 246 N\nBN_WHISPER_INFORM 0 255 246 N\nBN_CONVERSATION 0 177 240 N\nBN_CONVERSATION_NOTICE 0 177 240 N\nBN_CONVERSATION_LIST 0 177 240 N\nBN_INLINE_TOAST_ALERT 130 197 255 N\nBN_INLINE_TOAST_BROADCAST 130 197 255 N\nBN_INLINE_TOAST_BROADCAST_INFORM 130 197 255 N\nBN_INLINE_TOAST_CONVERSATION 130 197 255 N\nCOMBAT_GUILD_XP_GAIN 111 111 255 N\nCURRENCY 0 170 0 N\nBN_WHISPER_PLAYER_OFFLINE 255 255 0 N\nCHANNEL1 255 192 192 N\nCHANNEL2 255 192 192 N\nCHANNEL3 255 192 192 N\nCHANNEL4 255 192 192 N\nCHANNEL5 255 192 192 N\nCHANNEL6 255 192 192 N\nCHANNEL7 255 192 192 N\nCHANNEL8 255 192 192 N\nCHANNEL9 255 192 192 N\nCHANNEL10 255 192 192 N\nEND\n\nWINDOW 1\nNAME General\nSIZE 0\nCOLOR 0 0 0 40\nLOCKED 1\nUNINTERACTABLE 0\nDOCKED 1\nSHOWN 1\nMESSAGES\nSYSTEM\nSYSTEM_NOMENU\nSAY\nEMOTE\nYELL\nWHISPER\nPARTY\nPARTY_LEADER\nRAID\nRAID_LEADER\nRAID_WARNING\nBATTLEGROUND\nBATTLEGROUND_LEADER\nGUILD\nOFFICER\nMONSTER_SAY\nMONSTER_YELL\nMONSTER_EMOTE\nMONSTER_WHISPER\nMONSTER_BOSS_EMOTE\nMONSTER_BOSS_WHISPER\nERRORS\nAFK\nDND\nIGNORED\nBG_HORDE\nBG_ALLIANCE\nBG_NEUTRAL\nCOMBAT_FACTION_CHANGE\nSKILL\nLOOT\nMONEY\nCHANNEL\nACHIEVEMENT\nGUILD_ACHIEVEMENT\nTARGETICONS\nBN_WHISPER\nBN_WHISPER_INFORM\nBN_CONVERSATION\nBN_INLINE_TOAST_ALERT\nCURRENCY\nBN_WHISPER_PLAYER_OFFLINE\nEND\n\nCHANNELS\nLookingForGroup\nEND\n\nZONECHANNELS 2097155\n\nEND\n\nWINDOW 2\nNAME Combat Log\nSIZE 0\nCOLOR 0 0 0 40\nLOCKED 1\nUNINTERACTABLE 0\nDOCKED 2\nSHOWN 0\nMESSAGES\nOPENING\nTRADESKILLS\nPET_INFO\nCOMBAT_XP_GAIN\nCOMBAT_HONOR_GAIN\nCOMBAT_MISC_INFO\nCOMBAT_GUILD_XP_GAIN\nEND\n\nCHANNELS\nEND\n\nZONECHANNELS 0\n\nEND\n\nWINDOW 3\nSIZE 0\nCOLOR 0 0 0 40\nLOCKED 1\nUNINTERACTABLE 0\nDOCKED 0\nSHOWN 0\nMESSAGES\nEND\n\nCHANNELS\nEND\n\nZONECHANNELS 0\n\nEND\n\nWINDOW 4\nSIZE 0\nCOLOR 0 0 0 40\nLOCKED 1\nUNINTERACTABLE 0\nDOCKED 0\nSHOWN 0\nMESSAGES\nEND\n\nCHANNELS\nEND\n\nZONECHANNELS 0\n\nEND\n\nWINDOW 5\nSIZE 0\nCOLOR 0 0 0 40\nLOCKED 1\nUNINTERACTABLE 0\nDOCKED 0\nSHOWN 0\nMESSAGES\nEND\n\nCHANNELS\nEND\n\nZONECHANNELS 0\n\nEND\n\nWINDOW 6\nSIZE 0\nCOLOR 0 0 0 40\nLOCKED 1\nUNINTERACTABLE 0\nDOCKED 0\nSHOWN 0\nMESSAGES\nEND\n\nCHANNELS\nEND\n\nZONECHANNELS 0\n\nEND\n\nWINDOW 7\nSIZE 0\nCOLOR 0 0 0 40\nLOCKED 1\nUNINTERACTABLE 0\nDOCKED 0\nSHOWN 0\nMESSAGES\nEND\n\nCHANNELS\nEND\n\nZONECHANNELS 0\n\nEND\n\nWINDOW 8\nSIZE 0\nCOLOR 0 0 0 40\nLOCKED 1\nUNINTERACTABLE 0\nDOCKED 0\nSHOWN 0\nMESSAGES\nEND\n\nCHANNELS\nEND\n\nZONECHANNELS 0\n\nEND\n\nWINDOW 9\nSIZE 0\nCOLOR 0 0 0 40\nLOCKED 1\nUNINTERACTABLE 0\nDOCKED 0\nSHOWN 0\nMESSAGES\nEND\n\nCHANNELS\nEND\n\nZONECHANNELS 0\n\nEND\n\nWINDOW 10\nSIZE 0\nCOLOR 0 0 0 40\nLOCKED 1\nUNINTERACTABLE 0\nDOCKED 0\nSHOWN 0\nMESSAGES\nEND\n\nCHANNELS\nEND\n\nZONECHANNELS 0\n\nEND\n\n'),(10,1,1592005550,_binary 'SET autoLootDefault \"1\"\r\nSET autoQuestPopUps \"v\"\r\nSET trackedQuests \"v$(D\"\r\nSET trackedAchievements \"v\"\r\nSET cameraSavedDistance \"15.000000\"\r\nSET cameraSavedPitch \"19.200005\"\r\nSET talentPointsSpent \"1\"\r\nSET minimapTrackedInfov2 \"491520\"\r\nSET minimapShapeshiftTracking \"v\"\r\nSET characterFrameCollapsed \"0\"\r\nSET reputationsCollapsed \"v##$\"\r\nSET activeCUFProfile \"Primary\"\r\n'),(10,7,1591926868,_binary 'VERSION 5\n\nADDEDVERSION 16\n\nCHANNELS\nEND\n\nZONECHANNELS 35651587\n\nCOLORS\nSYSTEM 255 255 0 N\nSAY 255 255 255 N\nPARTY 170 170 255 N\nRAID 255 127 0 N\nGUILD 64 255 64 N\nOFFICER 64 192 64 N\nYELL 255 64 64 N\nWHISPER 255 128 255 N\nWHISPER_FOREIGN 255 128 255 N\nWHISPER_INFORM 255 128 255 N\nEMOTE 255 128 64 N\nTEXT_EMOTE 255 128 64 N\nMONSTER_SAY 255 255 159 N\nMONSTER_PARTY 170 170 255 N\nMONSTER_YELL 255 64 64 N\nMONSTER_WHISPER 255 181 235 N\nMONSTER_EMOTE 255 128 64 N\nCHANNEL 255 192 192 N\nCHANNEL_JOIN 192 128 128 N\nCHANNEL_LEAVE 192 128 128 N\nCHANNEL_LIST 192 128 128 N\nCHANNEL_NOTICE 192 192 192 N\nCHANNEL_NOTICE_USER 192 192 192 N\nAFK 255 128 255 N\nDND 255 128 255 N\nIGNORED 255 0 0 N\nSKILL 85 85 255 N\nLOOT 0 170 0 N\nMONEY 255 255 0 N\nOPENING 128 128 255 N\nTRADESKILLS 255 255 255 N\nPET_INFO 128 128 255 N\nCOMBAT_MISC_INFO 128 128 255 N\nCOMBAT_XP_GAIN 111 111 255 N\nCOMBAT_HONOR_GAIN 224 202 10 N\nCOMBAT_FACTION_CHANGE 128 128 255 N\nBG_SYSTEM_NEUTRAL 255 120 10 N\nBG_SYSTEM_ALLIANCE 0 174 239 N\nBG_SYSTEM_HORDE 255 0 0 N\nRAID_LEADER 255 72 9 N\nRAID_WARNING 255 72 0 N\nRAID_BOSS_EMOTE 255 221 0 N\nRAID_BOSS_WHISPER 255 221 0 N\nFILTERED 255 0 0 N\nBATTLEGROUND 255 127 0 N\nBATTLEGROUND_LEADER 255 219 183 N\nRESTRICTED 255 0 0 N\nBATTLENET 255 255 255 N\nACHIEVEMENT 255 255 0 N\nGUILD_ACHIEVEMENT 64 255 64 N\nARENA_POINTS 255 255 255 N\nPARTY_LEADER 118 200 255 N\nTARGETICONS 255 255 0 N\nBN_WHISPER 0 255 246 N\nBN_WHISPER_INFORM 0 255 246 N\nBN_CONVERSATION 0 177 240 N\nBN_CONVERSATION_NOTICE 0 177 240 N\nBN_CONVERSATION_LIST 0 177 240 N\nBN_INLINE_TOAST_ALERT 130 197 255 N\nBN_INLINE_TOAST_BROADCAST 130 197 255 N\nBN_INLINE_TOAST_BROADCAST_INFORM 130 197 255 N\nBN_INLINE_TOAST_CONVERSATION 130 197 255 N\nCOMBAT_GUILD_XP_GAIN 111 111 255 N\nCURRENCY 0 170 0 N\nBN_WHISPER_PLAYER_OFFLINE 255 255 0 N\nCHANNEL1 255 192 192 N\nCHANNEL2 255 192 192 N\nCHANNEL3 255 192 192 N\nCHANNEL4 255 192 192 N\nCHANNEL5 255 192 192 N\nCHANNEL6 255 192 192 N\nCHANNEL7 255 192 192 N\nCHANNEL8 255 192 192 N\nCHANNEL9 255 192 192 N\nCHANNEL10 255 192 192 N\nEND\n\nWINDOW 1\nNAME General\nSIZE 0\nCOLOR 0 0 0 40\nLOCKED 1\nUNINTERACTABLE 0\nDOCKED 1\nSHOWN 1\nMESSAGES\nSYSTEM\nSYSTEM_NOMENU\nSAY\nEMOTE\nYELL\nWHISPER\nPARTY\nPARTY_LEADER\nRAID\nRAID_LEADER\nRAID_WARNING\nBATTLEGROUND\nBATTLEGROUND_LEADER\nGUILD\nOFFICER\nMONSTER_SAY\nMONSTER_YELL\nMONSTER_EMOTE\nMONSTER_WHISPER\nMONSTER_BOSS_EMOTE\nMONSTER_BOSS_WHISPER\nERRORS\nAFK\nDND\nIGNORED\nBG_HORDE\nBG_ALLIANCE\nBG_NEUTRAL\nCOMBAT_FACTION_CHANGE\nSKILL\nLOOT\nMONEY\nCHANNEL\nACHIEVEMENT\nGUILD_ACHIEVEMENT\nTARGETICONS\nBN_WHISPER\nBN_WHISPER_INFORM\nBN_CONVERSATION\nBN_INLINE_TOAST_ALERT\nCURRENCY\nBN_WHISPER_PLAYER_OFFLINE\nEND\n\nCHANNELS\nLookingForGroup\nEND\n\nZONECHANNELS 2097155\n\nEND\n\nWINDOW 2\nNAME Combat Log\nSIZE 0\nCOLOR 0 0 0 40\nLOCKED 1\nUNINTERACTABLE 0\nDOCKED 2\nSHOWN 0\nMESSAGES\nOPENING\nTRADESKILLS\nPET_INFO\nCOMBAT_XP_GAIN\nCOMBAT_HONOR_GAIN\nCOMBAT_MISC_INFO\nCOMBAT_GUILD_XP_GAIN\nEND\n\nCHANNELS\nEND\n\nZONECHANNELS 0\n\nEND\n\nWINDOW 3\nSIZE 0\nCOLOR 0 0 0 40\nLOCKED 1\nUNINTERACTABLE 0\nDOCKED 0\nSHOWN 0\nMESSAGES\nEND\n\nCHANNELS\nEND\n\nZONECHANNELS 0\n\nEND\n\nWINDOW 4\nSIZE 0\nCOLOR 0 0 0 40\nLOCKED 1\nUNINTERACTABLE 0\nDOCKED 0\nSHOWN 0\nMESSAGES\nEND\n\nCHANNELS\nEND\n\nZONECHANNELS 0\n\nEND\n\nWINDOW 5\nSIZE 0\nCOLOR 0 0 0 40\nLOCKED 1\nUNINTERACTABLE 0\nDOCKED 0\nSHOWN 0\nMESSAGES\nEND\n\nCHANNELS\nEND\n\nZONECHANNELS 0\n\nEND\n\nWINDOW 6\nSIZE 0\nCOLOR 0 0 0 40\nLOCKED 1\nUNINTERACTABLE 0\nDOCKED 0\nSHOWN 0\nMESSAGES\nEND\n\nCHANNELS\nEND\n\nZONECHANNELS 0\n\nEND\n\nWINDOW 7\nSIZE 0\nCOLOR 0 0 0 40\nLOCKED 1\nUNINTERACTABLE 0\nDOCKED 0\nSHOWN 0\nMESSAGES\nEND\n\nCHANNELS\nEND\n\nZONECHANNELS 0\n\nEND\n\nWINDOW 8\nSIZE 0\nCOLOR 0 0 0 40\nLOCKED 1\nUNINTERACTABLE 0\nDOCKED 0\nSHOWN 0\nMESSAGES\nEND\n\nCHANNELS\nEND\n\nZONECHANNELS 0\n\nEND\n\nWINDOW 9\nSIZE 0\nCOLOR 0 0 0 40\nLOCKED 1\nUNINTERACTABLE 0\nDOCKED 0\nSHOWN 0\nMESSAGES\nEND\n\nCHANNELS\nEND\n\nZONECHANNELS 0\n\nEND\n\nWINDOW 10\nSIZE 0\nCOLOR 0 0 0 40\nLOCKED 1\nUNINTERACTABLE 0\nDOCKED 0\nSHOWN 0\nMESSAGES\nEND\n\nCHANNELS\nEND\n\nZONECHANNELS 0\n\nEND\n\n'),(11,1,1591921704,_binary 'SET autoLootDefault \"1\"\r\nSET autoQuestPopUps \"v\"\r\nSET trackedQuests \"v&>^\"\r\nSET trackedAchievements \"v\"\r\nSET cameraSavedDistance \"15.000000\"\r\nSET cameraSavedVehicleDistance \"49.999413\"\r\nSET cameraSavedPitch \"22.950010\"\r\nSET talentPointsSpent \"1\"\r\nSET autoFilledMultiCastSlots \"3\"\r\nSET minimapTrackedInfov2 \"497664\"\r\nSET minimapShapeshiftTracking \"v\"\r\nSET characterFrameCollapsed \"0\"\r\nSET reputationsCollapsed \"v##$\"\r\nSET activeCUFProfile \"Primary\"\r\n'),(11,7,1591838798,_binary 'VERSION 5\n\nADDEDVERSION 16\n\nCHANNELS\nEND\n\nZONECHANNELS 35651587\n\nCOLORS\nSYSTEM 255 255 0 N\nSAY 255 255 255 N\nPARTY 170 170 255 N\nRAID 255 127 0 N\nGUILD 64 255 64 N\nOFFICER 64 192 64 N\nYELL 255 64 64 N\nWHISPER 255 128 255 N\nWHISPER_FOREIGN 255 128 255 N\nWHISPER_INFORM 255 128 255 N\nEMOTE 255 128 64 N\nTEXT_EMOTE 255 128 64 N\nMONSTER_SAY 255 255 159 N\nMONSTER_PARTY 170 170 255 N\nMONSTER_YELL 255 64 64 N\nMONSTER_WHISPER 255 181 235 N\nMONSTER_EMOTE 255 128 64 N\nCHANNEL 255 192 192 N\nCHANNEL_JOIN 192 128 128 N\nCHANNEL_LEAVE 192 128 128 N\nCHANNEL_LIST 192 128 128 N\nCHANNEL_NOTICE 192 192 192 N\nCHANNEL_NOTICE_USER 192 192 192 N\nAFK 255 128 255 N\nDND 255 128 255 N\nIGNORED 255 0 0 N\nSKILL 85 85 255 N\nLOOT 0 170 0 N\nMONEY 255 255 0 N\nOPENING 128 128 255 N\nTRADESKILLS 255 255 255 N\nPET_INFO 128 128 255 N\nCOMBAT_MISC_INFO 128 128 255 N\nCOMBAT_XP_GAIN 111 111 255 N\nCOMBAT_HONOR_GAIN 224 202 10 N\nCOMBAT_FACTION_CHANGE 128 128 255 N\nBG_SYSTEM_NEUTRAL 255 120 10 N\nBG_SYSTEM_ALLIANCE 0 174 239 N\nBG_SYSTEM_HORDE 255 0 0 N\nRAID_LEADER 255 72 9 N\nRAID_WARNING 255 72 0 N\nRAID_BOSS_EMOTE 255 221 0 N\nRAID_BOSS_WHISPER 255 221 0 N\nFILTERED 255 0 0 N\nBATTLEGROUND 255 127 0 N\nBATTLEGROUND_LEADER 255 219 183 N\nRESTRICTED 255 0 0 N\nBATTLENET 255 255 255 N\nACHIEVEMENT 255 255 0 N\nGUILD_ACHIEVEMENT 64 255 64 N\nARENA_POINTS 255 255 255 N\nPARTY_LEADER 118 200 255 N\nTARGETICONS 255 255 0 N\nBN_WHISPER 0 255 246 N\nBN_WHISPER_INFORM 0 255 246 N\nBN_CONVERSATION 0 177 240 N\nBN_CONVERSATION_NOTICE 0 177 240 N\nBN_CONVERSATION_LIST 0 177 240 N\nBN_INLINE_TOAST_ALERT 130 197 255 N\nBN_INLINE_TOAST_BROADCAST 130 197 255 N\nBN_INLINE_TOAST_BROADCAST_INFORM 130 197 255 N\nBN_INLINE_TOAST_CONVERSATION 130 197 255 N\nCOMBAT_GUILD_XP_GAIN 111 111 255 N\nCURRENCY 0 170 0 N\nBN_WHISPER_PLAYER_OFFLINE 255 255 0 N\nCHANNEL1 255 192 192 N\nCHANNEL2 255 192 192 N\nCHANNEL3 255 192 192 N\nCHANNEL4 255 192 192 N\nCHANNEL5 255 192 192 N\nCHANNEL6 255 192 192 N\nCHANNEL7 255 192 192 N\nCHANNEL8 255 192 192 N\nCHANNEL9 255 192 192 N\nCHANNEL10 255 192 192 N\nEND\n\nWINDOW 1\nNAME General\nSIZE 0\nCOLOR 0 0 0 40\nLOCKED 1\nUNINTERACTABLE 0\nDOCKED 1\nSHOWN 1\nMESSAGES\nSYSTEM\nSYSTEM_NOMENU\nSAY\nEMOTE\nYELL\nWHISPER\nPARTY\nPARTY_LEADER\nRAID\nRAID_LEADER\nRAID_WARNING\nBATTLEGROUND\nBATTLEGROUND_LEADER\nGUILD\nOFFICER\nMONSTER_SAY\nMONSTER_YELL\nMONSTER_EMOTE\nMONSTER_WHISPER\nMONSTER_BOSS_EMOTE\nMONSTER_BOSS_WHISPER\nERRORS\nAFK\nDND\nIGNORED\nBG_HORDE\nBG_ALLIANCE\nBG_NEUTRAL\nCOMBAT_FACTION_CHANGE\nSKILL\nLOOT\nMONEY\nCHANNEL\nACHIEVEMENT\nGUILD_ACHIEVEMENT\nTARGETICONS\nBN_WHISPER\nBN_WHISPER_INFORM\nBN_CONVERSATION\nBN_INLINE_TOAST_ALERT\nCURRENCY\nBN_WHISPER_PLAYER_OFFLINE\nEND\n\nCHANNELS\nLookingForGroup\nEND\n\nZONECHANNELS 2097155\n\nEND\n\nWINDOW 2\nNAME Combat Log\nSIZE 0\nCOLOR 0 0 0 40\nLOCKED 1\nUNINTERACTABLE 0\nDOCKED 2\nSHOWN 0\nMESSAGES\nOPENING\nTRADESKILLS\nPET_INFO\nCOMBAT_XP_GAIN\nCOMBAT_HONOR_GAIN\nCOMBAT_MISC_INFO\nCOMBAT_GUILD_XP_GAIN\nEND\n\nCHANNELS\nEND\n\nZONECHANNELS 0\n\nEND\n\nWINDOW 3\nSIZE 0\nCOLOR 0 0 0 40\nLOCKED 1\nUNINTERACTABLE 0\nDOCKED 0\nSHOWN 0\nMESSAGES\nEND\n\nCHANNELS\nEND\n\nZONECHANNELS 0\n\nEND\n\nWINDOW 4\nSIZE 0\nCOLOR 0 0 0 40\nLOCKED 1\nUNINTERACTABLE 0\nDOCKED 0\nSHOWN 0\nMESSAGES\nEND\n\nCHANNELS\nEND\n\nZONECHANNELS 0\n\nEND\n\nWINDOW 5\nSIZE 0\nCOLOR 0 0 0 40\nLOCKED 1\nUNINTERACTABLE 0\nDOCKED 0\nSHOWN 0\nMESSAGES\nEND\n\nCHANNELS\nEND\n\nZONECHANNELS 0\n\nEND\n\nWINDOW 6\nSIZE 0\nCOLOR 0 0 0 40\nLOCKED 1\nUNINTERACTABLE 0\nDOCKED 0\nSHOWN 0\nMESSAGES\nEND\n\nCHANNELS\nEND\n\nZONECHANNELS 0\n\nEND\n\nWINDOW 7\nSIZE 0\nCOLOR 0 0 0 40\nLOCKED 1\nUNINTERACTABLE 0\nDOCKED 0\nSHOWN 0\nMESSAGES\nEND\n\nCHANNELS\nEND\n\nZONECHANNELS 0\n\nEND\n\nWINDOW 8\nSIZE 0\nCOLOR 0 0 0 40\nLOCKED 1\nUNINTERACTABLE 0\nDOCKED 0\nSHOWN 0\nMESSAGES\nEND\n\nCHANNELS\nEND\n\nZONECHANNELS 0\n\nEND\n\nWINDOW 9\nSIZE 0\nCOLOR 0 0 0 40\nLOCKED 1\nUNINTERACTABLE 0\nDOCKED 0\nSHOWN 0\nMESSAGES\nEND\n\nCHANNELS\nEND\n\nZONECHANNELS 0\n\nEND\n\nWINDOW 10\nSIZE 0\nCOLOR 0 0 0 40\nLOCKED 1\nUNINTERACTABLE 0\nDOCKED 0\nSHOWN 0\nMESSAGES\nEND\n\nCHANNELS\nEND\n\nZONECHANNELS 0\n\nEND\n\n'),(12,1,1592087401,_binary 'SET autoLootDefault \"1\"\r\nSET autoQuestPopUps \"v\"\r\nSET trackedQuests \"v$-Q\"\r\nSET trackedAchievements \"v\"\r\nSET cameraSavedDistance \"15.000000\"\r\nSET cameraSavedPitch \"19.049969\"\r\nSET talentPointsSpent \"1\"\r\nSET minimapTrackedInfov2 \"497664\"\r\nSET minimapShapeshiftTracking \"v\"\r\nSET characterFrameCollapsed \"0\"\r\nSET reputationsCollapsed \"v##$\"\r\nSET activeCUFProfile \"Primary\"\r\n'),(12,7,1592011923,_binary 'VERSION 5\n\nADDEDVERSION 16\n\nCHANNELS\nEND\n\nZONECHANNELS 35651587\n\nCOLORS\nSYSTEM 255 255 0 N\nSAY 255 255 255 N\nPARTY 170 170 255 N\nRAID 255 127 0 N\nGUILD 64 255 64 N\nOFFICER 64 192 64 N\nYELL 255 64 64 N\nWHISPER 255 128 255 N\nWHISPER_FOREIGN 255 128 255 N\nWHISPER_INFORM 255 128 255 N\nEMOTE 255 128 64 N\nTEXT_EMOTE 255 128 64 N\nMONSTER_SAY 255 255 159 N\nMONSTER_PARTY 170 170 255 N\nMONSTER_YELL 255 64 64 N\nMONSTER_WHISPER 255 181 235 N\nMONSTER_EMOTE 255 128 64 N\nCHANNEL 255 192 192 N\nCHANNEL_JOIN 192 128 128 N\nCHANNEL_LEAVE 192 128 128 N\nCHANNEL_LIST 192 128 128 N\nCHANNEL_NOTICE 192 192 192 N\nCHANNEL_NOTICE_USER 192 192 192 N\nAFK 255 128 255 N\nDND 255 128 255 N\nIGNORED 255 0 0 N\nSKILL 85 85 255 N\nLOOT 0 170 0 N\nMONEY 255 255 0 N\nOPENING 128 128 255 N\nTRADESKILLS 255 255 255 N\nPET_INFO 128 128 255 N\nCOMBAT_MISC_INFO 128 128 255 N\nCOMBAT_XP_GAIN 111 111 255 N\nCOMBAT_HONOR_GAIN 224 202 10 N\nCOMBAT_FACTION_CHANGE 128 128 255 N\nBG_SYSTEM_NEUTRAL 255 120 10 N\nBG_SYSTEM_ALLIANCE 0 174 239 N\nBG_SYSTEM_HORDE 255 0 0 N\nRAID_LEADER 255 72 9 N\nRAID_WARNING 255 72 0 N\nRAID_BOSS_EMOTE 255 221 0 N\nRAID_BOSS_WHISPER 255 221 0 N\nFILTERED 255 0 0 N\nBATTLEGROUND 255 127 0 N\nBATTLEGROUND_LEADER 255 219 183 N\nRESTRICTED 255 0 0 N\nBATTLENET 255 255 255 N\nACHIEVEMENT 255 255 0 N\nGUILD_ACHIEVEMENT 64 255 64 N\nARENA_POINTS 255 255 255 N\nPARTY_LEADER 118 200 255 N\nTARGETICONS 255 255 0 N\nBN_WHISPER 0 255 246 N\nBN_WHISPER_INFORM 0 255 246 N\nBN_CONVERSATION 0 177 240 N\nBN_CONVERSATION_NOTICE 0 177 240 N\nBN_CONVERSATION_LIST 0 177 240 N\nBN_INLINE_TOAST_ALERT 130 197 255 N\nBN_INLINE_TOAST_BROADCAST 130 197 255 N\nBN_INLINE_TOAST_BROADCAST_INFORM 130 197 255 N\nBN_INLINE_TOAST_CONVERSATION 130 197 255 N\nCOMBAT_GUILD_XP_GAIN 111 111 255 N\nCURRENCY 0 170 0 N\nBN_WHISPER_PLAYER_OFFLINE 255 255 0 N\nCHANNEL1 255 192 192 N\nCHANNEL2 255 192 192 N\nCHANNEL3 255 192 192 N\nCHANNEL4 255 192 192 N\nCHANNEL5 255 192 192 N\nCHANNEL6 255 192 192 N\nCHANNEL7 255 192 192 N\nCHANNEL8 255 192 192 N\nCHANNEL9 255 192 192 N\nCHANNEL10 255 192 192 N\nEND\n\nWINDOW 1\nNAME General\nSIZE 0\nCOLOR 0 0 0 40\nLOCKED 1\nUNINTERACTABLE 0\nDOCKED 1\nSHOWN 1\nMESSAGES\nSYSTEM\nSYSTEM_NOMENU\nSAY\nEMOTE\nYELL\nWHISPER\nPARTY\nPARTY_LEADER\nRAID\nRAID_LEADER\nRAID_WARNING\nBATTLEGROUND\nBATTLEGROUND_LEADER\nGUILD\nOFFICER\nMONSTER_SAY\nMONSTER_YELL\nMONSTER_EMOTE\nMONSTER_WHISPER\nMONSTER_BOSS_EMOTE\nMONSTER_BOSS_WHISPER\nERRORS\nAFK\nDND\nIGNORED\nBG_HORDE\nBG_ALLIANCE\nBG_NEUTRAL\nCOMBAT_FACTION_CHANGE\nSKILL\nLOOT\nMONEY\nCHANNEL\nACHIEVEMENT\nGUILD_ACHIEVEMENT\nTARGETICONS\nBN_WHISPER\nBN_WHISPER_INFORM\nBN_CONVERSATION\nBN_INLINE_TOAST_ALERT\nCURRENCY\nBN_WHISPER_PLAYER_OFFLINE\nEND\n\nCHANNELS\nLookingForGroup\nEND\n\nZONECHANNELS 2097155\n\nEND\n\nWINDOW 2\nNAME Combat Log\nSIZE 0\nCOLOR 0 0 0 40\nLOCKED 1\nUNINTERACTABLE 0\nDOCKED 2\nSHOWN 0\nMESSAGES\nOPENING\nTRADESKILLS\nPET_INFO\nCOMBAT_XP_GAIN\nCOMBAT_HONOR_GAIN\nCOMBAT_MISC_INFO\nCOMBAT_GUILD_XP_GAIN\nEND\n\nCHANNELS\nEND\n\nZONECHANNELS 0\n\nEND\n\nWINDOW 3\nSIZE 0\nCOLOR 0 0 0 40\nLOCKED 1\nUNINTERACTABLE 0\nDOCKED 0\nSHOWN 0\nMESSAGES\nEND\n\nCHANNELS\nEND\n\nZONECHANNELS 0\n\nEND\n\nWINDOW 4\nSIZE 0\nCOLOR 0 0 0 40\nLOCKED 1\nUNINTERACTABLE 0\nDOCKED 0\nSHOWN 0\nMESSAGES\nEND\n\nCHANNELS\nEND\n\nZONECHANNELS 0\n\nEND\n\nWINDOW 5\nSIZE 0\nCOLOR 0 0 0 40\nLOCKED 1\nUNINTERACTABLE 0\nDOCKED 0\nSHOWN 0\nMESSAGES\nEND\n\nCHANNELS\nEND\n\nZONECHANNELS 0\n\nEND\n\nWINDOW 6\nSIZE 0\nCOLOR 0 0 0 40\nLOCKED 1\nUNINTERACTABLE 0\nDOCKED 0\nSHOWN 0\nMESSAGES\nEND\n\nCHANNELS\nEND\n\nZONECHANNELS 0\n\nEND\n\nWINDOW 7\nSIZE 0\nCOLOR 0 0 0 40\nLOCKED 1\nUNINTERACTABLE 0\nDOCKED 0\nSHOWN 0\nMESSAGES\nEND\n\nCHANNELS\nEND\n\nZONECHANNELS 0\n\nEND\n\nWINDOW 8\nSIZE 0\nCOLOR 0 0 0 40\nLOCKED 1\nUNINTERACTABLE 0\nDOCKED 0\nSHOWN 0\nMESSAGES\nEND\n\nCHANNELS\nEND\n\nZONECHANNELS 0\n\nEND\n\nWINDOW 9\nSIZE 0\nCOLOR 0 0 0 40\nLOCKED 1\nUNINTERACTABLE 0\nDOCKED 0\nSHOWN 0\nMESSAGES\nEND\n\nCHANNELS\nEND\n\nZONECHANNELS 0\n\nEND\n\nWINDOW 10\nSIZE 0\nCOLOR 0 0 0 40\nLOCKED 1\nUNINTERACTABLE 0\nDOCKED 0\nSHOWN 0\nMESSAGES\nEND\n\nCHANNELS\nEND\n\nZONECHANNELS 0\n\nEND\n\n');
/*!40000 ALTER TABLE `character_account_data` ENABLE KEYS */;
UNLOCK TABLES;

--
-- Table structure for table `character_achievement`
--

DROP TABLE IF EXISTS `character_achievement`;
/*!40101 SET @saved_cs_client     = @@character_set_client */;
/*!40101 SET character_set_client = utf8 */;
CREATE TABLE `character_achievement` (
  `guid` int(10) unsigned NOT NULL,
  `achievement` smallint(5) unsigned NOT NULL,
  `date` int(10) unsigned NOT NULL DEFAULT 0,
  PRIMARY KEY (`guid`,`achievement`)
) ENGINE=InnoDB DEFAULT CHARSET=utf8;
/*!40101 SET character_set_client = @saved_cs_client */;

--
-- Dumping data for table `character_achievement`
--

LOCK TABLES `character_achievement` WRITE;
/*!40000 ALTER TABLE `character_achievement` DISABLE KEYS */;
INSERT INTO `character_achievement` VALUES (1,6,1580616330),(1,5544,1579974767),(1,5676,1579974769),(1,5677,1579992169),(1,5678,1580592973),(1,5679,1580593719),(1,5680,1580594754),(1,5681,1579992169),(1,5682,1580592969),(1,5683,1580593421),(1,5684,1580594754),(1,5685,1580595838),(1,5686,1580597581),(1,5687,1580608469),(1,5688,1580618291),(1,5689,1580596080),(1,5690,1580596080),(1,5777,1579974359),(1,6313,1590807199),(2,6,1590337207),(2,503,1590352941),(2,728,1590340892),(2,5544,1580655790),(2,5676,1580655793),(2,5678,1580656674),(2,5679,1580701195),(2,5681,1580656007),(2,5682,1580656672),(2,5683,1580701193),(2,5684,1590277154),(2,5685,1590277179),(2,5686,1590284597),(2,5687,1590332832),(2,5688,1590337448),(2,5689,1590286694),(2,5690,1590286694),(2,5777,1580655455),(2,6313,1590807247),(3,6,1590891623),(3,503,1590895306),(3,5544,1590808876),(3,5676,1590808877),(3,5678,1590809834),(3,5679,1590810867),(3,5680,1590885485),(3,5681,1590809406),(3,5682,1590809832),(3,5683,1590810865),(3,5684,1590843081),(3,5685,1590886590),(3,5686,1590887861),(3,5687,1590890331),(3,5688,1590892099),(3,5689,1590843290),(3,5690,1590843290),(3,6313,1590808226),(4,6,1590947897),(4,503,1590960483),(4,776,1590960445),(4,2398,1590937479),(4,5544,1590937708),(4,5677,1590937864),(4,5678,1590938229),(4,5679,1590938620),(4,5680,1590940411),(4,5681,1590937874),(4,5682,1590938208),(4,5683,1590938593),(4,5684,1590939900),(4,5685,1590941465),(4,5686,1590942435),(4,5687,1590945880),(4,5688,1590947897),(4,5689,1590940566),(4,5690,1590940566),(4,6313,1590937479),(5,6,1590980892),(5,503,1591061388),(5,728,1591061788),(5,5544,1590965822),(5,5677,1590966273),(5,5678,1590971360),(5,5679,1590972859),(5,5680,1590974846),(5,5681,1590966003),(5,5682,1590971360),(5,5683,1590972849),(5,5684,1590974834),(5,5685,1590974854),(5,5686,1590977527),(5,5687,1590979189),(5,5688,1590981033),(5,5689,1590976008),(5,5690,1590976008),(5,6313,1590965502),(6,6,1591579375),(6,503,1591580407),(6,5512,1591584140),(6,5544,1591550650),(6,5676,1591560434),(6,5677,1591560698),(6,5678,1591560997),(6,5679,1591572276),(6,5680,1591572857),(6,5681,1591560671),(6,5682,1591560995),(6,5683,1591561711),(6,5684,1591572850),(6,5685,1591574394),(6,5686,1591576265),(6,5687,1591578277),(6,5688,1591579416),(6,6313,1591550185),(7,6,1591661778),(7,7,1591661778),(7,8,1591661778),(7,9,1591661778),(7,10,1591661778),(7,131,1590962660),(7,132,1590962660),(7,6313,1591661778),(8,6,1591754707),(8,503,1591757768),(8,5544,1591748444),(8,5676,1591748450),(8,5677,1591749527),(8,5678,1591749798),(8,5679,1591750035),(8,5680,1591751595),(8,5681,1591748622),(8,5682,1591749794),(8,5683,1591750032),(8,5684,1591750980),(8,5685,1591751834),(8,5686,1591752612),(8,5687,1591754133),(8,5688,1591755731),(8,6313,1591748294),(9,5544,1591830953),(9,5676,1591830960),(9,5677,1591834473),(9,5678,1591836132),(9,5679,1591838370),(9,5681,1591834415),(9,5682,1591836130),(9,5683,1591838415),(9,6313,1591808023),(10,6,1592006365),(10,503,1592008546),(10,5544,1591927070),(10,5676,1591927077),(10,5677,1591927455),(10,5678,1591928101),(10,5680,1591929482),(10,5681,1591927450),(10,5682,1591928097),(10,5683,1591928576),(10,5684,1591929480),(10,5685,1591930004),(10,5686,1591932064),(10,5687,1591932933),(10,5688,1592006365),(10,6313,1591926867),(11,6,1591921215),(11,503,1591844306),(11,891,1590963683),(11,5544,1591839117),(11,5678,1591839594),(11,5680,1591841221),(11,5681,1591839128),(11,5682,1591839591),(11,5683,1591840098),(11,5684,1591840466),(11,5685,1591841574),(11,5686,1591842764),(11,5687,1591844312),(11,5688,1591921215),(11,6313,1591838797),(12,6,1592021318),(12,503,1592021073),(12,5544,1592012134),(12,5676,1592012135),(12,5678,1592013224),(12,5679,1592013555),(12,5681,1592012420),(12,5682,1592012696),(12,5683,1592013553),(12,5684,1592014439),(12,5685,1592015342),(12,5686,1592017626),(12,5687,1592018938),(12,5688,1592021654),(12,6313,1592011922);
/*!40000 ALTER TABLE `character_achievement` ENABLE KEYS */;
UNLOCK TABLES;

--
-- Table structure for table `character_achievement_progress`
--

DROP TABLE IF EXISTS `character_achievement_progress`;
/*!40101 SET @saved_cs_client     = @@character_set_client */;
/*!40101 SET character_set_client = utf8 */;
CREATE TABLE `character_achievement_progress` (
  `guid` int(10) unsigned NOT NULL,
  `criteria` smallint(5) unsigned NOT NULL,
  `counter` bigint(20) unsigned NOT NULL,
  `date` int(10) unsigned NOT NULL DEFAULT 0,
  PRIMARY KEY (`guid`,`criteria`)
) ENGINE=InnoDB DEFAULT CHARSET=utf8;
/*!40101 SET character_set_client = @saved_cs_client */;

--
-- Dumping data for table `character_achievement_progress`
--

LOCK TABLES `character_achievement_progress` WRITE;
/*!40000 ALTER TABLE `character_achievement_progress` DISABLE KEYS */;
INSERT INTO `character_achievement_progress` VALUES (1,34,10,1580616330),(1,35,12,1580621023),(1,36,12,1580621023),(1,37,12,1580621023),(1,38,12,1580621023),(1,39,12,1580621023),(1,40,12,1580621023),(1,41,12,1580621023),(1,73,41,1590807199),(1,111,20,1580622556),(1,162,70070059,1580622695),(1,167,1,1579974359),(1,168,69,1580622931),(1,230,41,1580622824),(1,231,41,1580622824),(1,232,41,1580622824),(1,233,41,1580622824),(1,234,41,1580622824),(1,236,41,1580622824),(1,641,1,1579974359),(1,655,1,1579974359),(1,656,1,1579974359),(1,753,1,1579974359),(1,754,1,1579974359),(1,755,1,1579974359),(1,756,1,1579974359),(1,834,1,1579974359),(1,903,1,1579974523),(1,905,1,1580594171),(1,906,1,1580596708),(1,907,1,1580618910),(1,908,1,1580597182),(1,909,1,1580608169),(1,910,1,1580607096),(1,912,1,1580620269),(1,913,1,1580620053),(1,914,1,1580593634),(1,915,1,1580621351),(1,916,1,1580615713),(1,992,4853,1580621968),(1,993,11085,1580621968),(1,994,2253,1580621968),(1,995,4853,1580621968),(1,996,2153,1580621968),(1,2020,200,1579974359),(1,2072,3335,1580619903),(1,2239,41,1580622824),(1,3354,1579,1580622661),(1,3355,3502,1580622824),(1,3361,6367,1580623359),(1,3506,1579,1580622661),(1,3507,1579,1580622661),(1,3510,1579,1580622661),(1,3511,1579,1580622661),(1,3512,1579,1580622661),(1,3513,3502,1580622824),(1,3631,41,1580622824),(1,4091,6367,1580623359),(1,4092,3502,1580622824),(1,4093,1579,1580622661),(1,4220,5,1580623394),(1,4224,3738,1580621431),(1,4299,1,1580595486),(1,4943,10626,1580622627),(1,4944,431,1580622695),(1,4946,431,1580622695),(1,4948,242,1580622695),(1,4951,2,1580607554),(1,4953,187,1580622659),(1,5212,12,1580621023),(1,5215,12,1580621023),(1,5236,12,1580621023),(1,5240,38,1580623222),(1,5242,69,1580622931),(1,5249,73,1580622876),(1,5250,1,1580596343),(1,5251,15,1579974359),(1,5255,45,1580623046),(1,5300,1,1580618422),(1,5301,8,1579974552),(1,5305,4,1580619785),(1,5313,4853,1580621968),(1,5314,4853,1580621968),(1,5315,11085,1580621968),(1,5316,2253,1580621968),(1,5317,2153,1580621968),(1,5371,87,1580619903),(1,5372,23394,1580622687),(1,5373,10000000,1580607601),(1,5374,1128,1580622627),(1,5375,10626,1580622627),(1,5376,1128,1580622627),(1,5529,432,1580622695),(1,5530,432,1580622695),(1,5552,75,1580596080),(1,5559,75,1580596136),(1,5562,73,1580622876),(1,5563,69,1580622931),(1,5564,1,1580596343),(1,5566,38,1580623222),(1,5569,15,1579974359),(1,5573,45,1580623046),(1,5592,73,1580622876),(1,5696,1,1580596343),(1,5701,69,1580622931),(1,5712,38,1580623222),(1,5715,15,1579974359),(1,5719,45,1580623046),(1,6387,16,1580623400),(1,6393,16,1580616793),(1,6394,5,1580621749),(1,6521,1,1580607068),(1,6741,8,1580595704),(1,6751,16,1580616793),(1,6752,16,1580616793),(1,6753,16,1580616793),(1,6754,16,1580616793),(1,6755,16,1580616793),(1,6991,1,1580595085),(1,7221,16,1580616793),(1,7222,5,1580621749),(1,7224,16,1580623400),(1,8819,500,1579974359),(1,8820,500,1579974359),(1,8821,500,1579974359),(1,8822,500,1579974359),(1,9598,12,1580621023),(1,9683,4853,1580621968),(1,9684,4853,1580621968),(1,9685,2153,1580621968),(1,9686,11085,1580621968),(1,9687,2253,1580621968),(1,10518,5,1580596136),(1,10519,5,1580596136),(1,12698,10,1590807199),(1,13498,12,1580621023),(1,13682,38,1580623222),(1,13685,15,1579974359),(1,13689,45,1580623046),(1,13693,38,1580623222),(1,13696,15,1579974359),(1,13700,45,1580623046),(1,13714,38,1580623222),(1,13717,15,1579974359),(1,13721,45,1580623046),(1,13725,38,1580623222),(1,13728,15,1579974359),(1,13732,45,1580623046),(1,13736,38,1580623222),(1,13739,15,1579974359),(1,13743,45,1580623046),(1,13759,38,1580623222),(1,13762,15,1579974359),(1,13766,45,1580623046),(1,13770,38,1580623222),(1,13773,15,1579974359),(1,13777,45,1580623046),(1,13784,69,1580622931),(1,13785,69,1580622931),(1,13786,69,1580622931),(1,13787,69,1580622931),(1,13788,69,1580622931),(1,13789,1,1580596343),(1,13790,1,1580596343),(1,13791,1,1580596343),(1,13792,1,1580596343),(1,13793,1,1580596343),(1,13794,1,1580596343),(1,13806,73,1580622876),(1,13807,73,1580622876),(1,13808,73,1580622876),(1,13809,73,1580622876),(1,13810,73,1580622876),(1,13811,73,1580622876),(1,13819,38,1580623222),(1,13822,15,1579974359),(1,13826,45,1580623046),(1,14174,12,1580621023),(1,14176,12,1580621023),(1,15374,38,1580623222),(1,15375,69,1580622931),(1,15378,73,1580622876),(1,15379,1,1580596343),(1,15380,15,1579974359),(1,15384,45,1580623046),(1,15688,1579,1580622661),(1,15689,1579,1580622661),(1,15711,16,1580616793),(1,16187,2,1579974767),(1,16403,2,1580593188),(1,16404,1,1580594181),(1,16405,2,1580595276),(1,16406,6,1580597383),(1,16407,1,1580607596),(1,16409,1,1580617805),(1,16410,4,1580620508),(1,16411,3,1580622556),(1,16419,20,1580622556),(1,16421,20,1580622556),(1,16422,20,1580622556),(1,16423,20,1580622556),(1,16424,20,1580622556),(1,16425,20,1580622556),(1,16426,20,1580622556),(1,16433,1,1579974769),(1,16437,1,1579992276),(1,16438,1,1579992277),(1,16440,1,1579992169),(1,16443,1,1580592973),(1,16450,1,1580593719),(1,16451,1,1580593719),(1,16452,1,1580593719),(1,16454,1,1580593719),(1,16455,1,1580595328),(1,16457,1,1580594754),(1,16458,1,1580594754),(1,16459,1,1580594754),(1,16461,1,1580594754),(1,16462,4,1579992169),(1,16463,9,1580592969),(1,16464,11,1580593421),(1,16465,17,1580594754),(1,16466,18,1580595838),(1,16467,23,1580597581),(1,16468,26,1580608469),(1,16469,29,1580618291),(1,16471,75,1580596080),(1,16478,75,1580596136),(1,16482,75,1580596080),(1,16489,75,1580596136),(1,16820,3502,1580622824),(1,16825,3100,1579974359),(1,16883,1,1579974359),(1,17398,92,1580622824),(1,18672,20,1580622556),(1,18860,1,1590807199),(2,34,10,1590337207),(2,35,12,1590352904),(2,36,12,1590352904),(2,37,12,1590352904),(2,38,12,1590352904),(2,39,12,1590352904),(2,40,12,1590352904),(2,41,12,1590352904),(2,73,54,1590807247),(2,111,8,1590352036),(2,162,30046737,1590353332),(2,167,1,1580655455),(2,168,49,1590339275),(2,230,50,1590352941),(2,231,54,1590353676),(2,232,54,1590353676),(2,233,54,1590353676),(2,234,54,1590353676),(2,236,54,1590353676),(2,653,1,1580655455),(2,657,1,1580655455),(2,753,1,1580655455),(2,756,1,1580655455),(2,757,1,1580655455),(2,822,1,1580655589),(2,823,1,1580701740),(2,825,1,1590276617),(2,826,1,1590285364),(2,827,1,1590283745),(2,828,1,1590332979),(2,829,1,1590337068),(2,830,1,1590340409),(2,831,1,1590340892),(2,832,1,1590283942),(2,992,16157,1590353676),(2,993,7256,1590353676),(2,994,4656,1590353676),(2,995,11364,1590353676),(2,996,4556,1590353676),(2,1486,1,1590340892),(2,2020,200,1580655455),(2,2072,1547,1590339219),(2,2239,54,1590353676),(2,2416,3000,1580655455),(2,3316,2,1590352878),(2,3354,901,1590353278),(2,3355,8952,1590352945),(2,3361,2674,1590353581),(2,3506,901,1590353278),(2,3507,901,1590353278),(2,3510,901,1590353278),(2,3511,901,1590353278),(2,3512,901,1590353278),(2,3513,8952,1590352945),(2,3631,54,1590353676),(2,4091,2674,1590353581),(2,4092,8952,1590352945),(2,4093,901,1590353278),(2,4224,8475,1590353581),(2,4299,2,1590351971),(2,4742,3000,1580655455),(2,4943,298,1590352883),(2,4944,287,1590353332),(2,4946,268,1590353332),(2,4948,110,1590353332),(2,4949,12,1590353164),(2,4951,23,1590352108),(2,4953,137,1590353277),(2,4956,4,1590276410),(2,4990,5,1590286723),(2,4991,3,1590353569),(2,5018,12,1590352904),(2,5212,12,1590352904),(2,5235,12,1590352904),(2,5242,49,1590339275),(2,5243,4,1590353569),(2,5249,42,1590286646),(2,5250,5,1590333688),(2,5257,1,1590286694),(2,5274,1,1590333633),(2,5288,4,1590333688),(2,5289,3,1590338372),(2,5300,2,1590338091),(2,5301,12,1590340714),(2,5304,11,1590353569),(2,5305,4,1590334064),(2,5313,11364,1590353676),(2,5314,16157,1590353676),(2,5315,7256,1590353676),(2,5316,4656,1590353676),(2,5317,4556,1590353676),(2,5371,100,1590352213),(2,5372,7908,1590353191),(2,5373,10000000,1590333551),(2,5374,88,1590283290),(2,5375,298,1590352883),(2,5376,88,1590283290),(2,5529,287,1590353332),(2,5530,287,1590353332),(2,5553,75,1590286723),(2,5561,75,1590286694),(2,5562,42,1590286646),(2,5563,49,1590339275),(2,5564,5,1590333688),(2,5567,4,1590353569),(2,5575,1,1590286694),(2,5592,42,1590286646),(2,5695,4,1590333688),(2,5696,5,1590333688),(2,5701,49,1590339275),(2,5713,4,1590353569),(2,5714,1,1590286694),(2,5756,4,1590333688),(2,5757,4,1590333688),(2,5758,4,1590333688),(2,5759,4,1590333688),(2,5760,4,1590333688),(2,5761,4,1590333688),(2,6392,6,1590286701),(2,6393,9,1590339244),(2,6394,2,1590286570),(2,6481,10,1590351841),(2,6565,3,1590285871),(2,6751,9,1590339244),(2,6752,9,1590339244),(2,6753,9,1590339244),(2,6754,9,1590339244),(2,6755,9,1590339244),(2,6924,1,1590334331),(2,6987,1,1590351984),(2,6991,1,1590336980),(2,7102,1,1590339613),(2,7221,9,1590339244),(2,7222,2,1590286570),(2,7225,5,1590286723),(2,7230,6,1590286701),(2,8819,750,1590340719),(2,8820,750,1590340719),(2,8821,750,1590340719),(2,8822,1000,1590340719),(2,9598,12,1590352904),(2,9683,16157,1590353676),(2,9684,11364,1590353676),(2,9685,4556,1590353676),(2,9686,7256,1590353676),(2,9687,4656,1590353676),(2,12698,30,1590807247),(2,13498,12,1590352904),(2,13683,4,1590353569),(2,13691,1,1590286694),(2,13694,4,1590353569),(2,13702,1,1590286694),(2,13715,4,1590353569),(2,13723,1,1590286694),(2,13726,4,1590353569),(2,13734,1,1590286694),(2,13737,4,1590353569),(2,13745,1,1590286694),(2,13760,4,1590353569),(2,13768,1,1590286694),(2,13771,4,1590353569),(2,13779,1,1590286694),(2,13784,49,1590339275),(2,13785,49,1590339275),(2,13786,49,1590339275),(2,13787,49,1590339275),(2,13788,49,1590339275),(2,13789,5,1590333688),(2,13790,5,1590333688),(2,13791,5,1590333688),(2,13792,5,1590333688),(2,13793,5,1590333688),(2,13794,5,1590333688),(2,13806,42,1590286646),(2,13807,42,1590286646),(2,13808,42,1590286646),(2,13809,42,1590286646),(2,13810,42,1590286646),(2,13811,42,1590286646),(2,13820,4,1590353569),(2,13828,1,1590286694),(2,14042,1,1590332975),(2,14086,1,1590277313),(2,14087,1,1590332975),(2,14174,12,1590352904),(2,14181,12,1590352904),(2,15375,49,1590339275),(2,15376,4,1590353569),(2,15378,42,1590286646),(2,15379,5,1590333688),(2,15386,1,1590286694),(2,15688,901,1590353278),(2,15689,901,1590353278),(2,15711,9,1590339244),(2,15885,1,1590333633),(2,15886,1,1590333653),(2,15889,1,1590333688),(2,15929,3,1590276611),(2,16187,2,1580655790),(2,16404,1,1590276206),(2,16407,3,1590286083),(2,16409,2,1590339828),(2,16410,2,1590352036),(2,16419,8,1590352036),(2,16421,8,1590352036),(2,16422,8,1590352036),(2,16423,8,1590352036),(2,16424,8,1590352036),(2,16425,8,1590352036),(2,16426,8,1590352036),(2,16430,1,1580655793),(2,16431,1,1580655991),(2,16441,1,1580656674),(2,16442,1,1580700813),(2,16443,1,1580700808),(2,16444,1,1580656851),(2,16445,1,1580656851),(2,16448,1,1580701400),(2,16449,1,1580701195),(2,16450,1,1580701831),(2,16451,1,1580701221),(2,16452,1,1580701996),(2,16453,1,1580701592),(2,16462,4,1580656007),(2,16463,6,1580656672),(2,16464,11,1580701193),(2,16465,17,1590277154),(2,16466,19,1590277179),(2,16467,26,1590284597),(2,16468,29,1590332832),(2,16469,35,1590337448),(2,16472,75,1590286723),(2,16480,75,1590286694),(2,16483,75,1590286723),(2,16491,75,1590286694),(2,16820,8952,1590352945),(2,16825,3610,1590332964),(2,16883,1,1580655455),(2,17398,162,1590353676),(2,18672,8,1590352036),(2,18860,1,1590807247),(3,34,10,1590891623),(3,35,12,1590896436),(3,36,12,1590896436),(3,37,12,1590896436),(3,38,12,1590896436),(3,39,12,1590896436),(3,40,12,1590896436),(3,41,12,1590896436),(3,73,55,1590896705),(3,111,4,1590890860),(3,162,38224,1590896228),(3,167,1,1590808226),(3,168,60,1590891399),(3,230,50,1590895306),(3,231,55,1590896705),(3,232,55,1590896705),(3,233,55,1590896705),(3,234,55,1590896705),(3,236,55,1590896705),(3,502,1,1590808934),(3,504,1,1590889677),(3,505,1,1590811326),(3,507,1,1590885785),(3,508,1,1590891316),(3,509,1,1590894066),(3,510,1,1590892189),(3,515,1,1590811319),(3,517,1,1590889677),(3,641,1,1590808226),(3,653,1,1590808226),(3,655,1,1590808226),(3,657,1,1590808226),(3,754,1,1590808226),(3,756,1,1590808226),(3,834,1,1590808226),(3,2020,200,1590808226),(3,2030,7535,1590896705),(3,2031,16236,1590896705),(3,2032,7535,1590896705),(3,2033,13219,1590896705),(3,2034,7435,1590896705),(3,2072,1655,1590887262),(3,2239,55,1590896705),(3,3311,1,1590888888),(3,3316,1,1590887708),(3,3354,1249,1590896230),(3,3355,7738,1590896705),(3,3356,297,1590896260),(3,3361,2331,1590896741),(3,3506,1249,1590896230),(3,3507,1249,1590896230),(3,3510,1249,1590896230),(3,3511,1249,1590896230),(3,3512,1249,1590896230),(3,3513,7738,1590896705),(3,3631,55,1590896705),(3,4091,2331,1590896741),(3,4092,7738,1590896705),(3,4093,1249,1590896230),(3,4220,3,1591838538),(3,4224,5586,1590896741),(3,4705,3,1590891003),(3,4943,3249,1590894619),(3,4944,308,1590896228),(3,4946,301,1590896228),(3,4948,49,1590894615),(3,4951,11,1590895991),(3,4953,240,1590896228),(3,4954,2,1590889732),(3,4956,6,1590894209),(3,5212,12,1590896436),(3,5213,12,1590896436),(3,5232,12,1590896436),(3,5242,60,1590891399),(3,5249,77,1590893876),(3,5250,1,1590893749),(3,5254,17,1590892054),(3,5256,20,1590891791),(3,5300,2,1590892110),(3,5301,7,1590808226),(3,5305,7,1590896260),(3,5328,7535,1590896705),(3,5329,13219,1590896705),(3,5330,16236,1590896705),(3,5331,7535,1590896705),(3,5332,7435,1590896705),(3,5371,33,1590891986),(3,5372,8939,1590896227),(3,5373,10000000,1590896074),(3,5374,140,1590888685),(3,5375,3249,1590894619),(3,5376,140,1590888685),(3,5512,308,1590896228),(3,5529,308,1590896228),(3,5558,75,1590843290),(3,5560,75,1590843302),(3,5562,77,1590893876),(3,5563,60,1590891399),(3,5564,1,1590893749),(3,5572,17,1590892054),(3,5574,20,1590891791),(3,5592,77,1590893876),(3,5696,1,1590893749),(3,5701,60,1590891399),(3,5718,17,1590892054),(3,5720,20,1590891791),(3,6391,7,1590843290),(3,6393,16,1590893778),(3,6394,5,1590893858),(3,6716,3,1590843635),(3,6751,16,1590893778),(3,6752,16,1590893778),(3,6753,16,1590893778),(3,6754,16,1590893778),(3,6755,16,1590893778),(3,6924,4,1590889017),(3,7102,5,1590893006),(3,7221,16,1590893778),(3,7222,5,1590893858),(3,7229,7,1590843290),(3,8819,500,1590808226),(3,8820,500,1590808226),(3,8821,500,1590808226),(3,8822,500,1590808226),(3,9598,12,1590896436),(3,9678,7535,1590896705),(3,9679,7435,1590896705),(3,9680,13219,1590896705),(3,9681,16236,1590896705),(3,9682,7535,1590896705),(3,12698,20,1590895306),(3,13498,12,1590896436),(3,13688,17,1590892054),(3,13690,20,1590891791),(3,13699,17,1590892054),(3,13701,20,1590891791),(3,13720,17,1590892054),(3,13722,20,1590891791),(3,13731,17,1590892054),(3,13733,20,1590891791),(3,13742,17,1590892054),(3,13744,20,1590891791),(3,13765,17,1590892054),(3,13767,20,1590891791),(3,13776,17,1590892054),(3,13778,20,1590891791),(3,13784,60,1590891399),(3,13785,60,1590891399),(3,13786,60,1590891399),(3,13787,60,1590891399),(3,13788,60,1590891399),(3,13789,1,1590893749),(3,13790,1,1590893749),(3,13791,1,1590893749),(3,13792,1,1590893749),(3,13793,1,1590893749),(3,13794,1,1590893749),(3,13806,77,1590893876),(3,13807,77,1590893876),(3,13808,77,1590893876),(3,13809,77,1590893876),(3,13810,77,1590893876),(3,13811,77,1590893876),(3,13825,17,1590892054),(3,13827,20,1590891791),(3,14148,1,1590808754),(3,14149,1,1590885785),(3,14150,1,1590889619),(3,14151,1,1590895080),(3,14173,12,1590896436),(3,14174,12,1590896436),(3,15375,60,1590891399),(3,15378,77,1590893876),(3,15379,1,1590893749),(3,15383,17,1590892054),(3,15385,20,1590891791),(3,15688,1249,1590896230),(3,15689,1249,1590896230),(3,15711,16,1590893778),(3,16187,1,1590808876),(3,16405,2,1590843800),(3,16406,1,1590886371),(3,16408,1,1590890860),(3,16419,4,1590890860),(3,16421,4,1590890860),(3,16422,4,1590890860),(3,16423,4,1590890860),(3,16424,4,1590890860),(3,16425,4,1590890860),(3,16426,4,1590890860),(3,16430,1,1590808994),(3,16432,1,1590808877),(3,16441,1,1590809834),(3,16447,1,1590810427),(3,16448,1,1590842781),(3,16449,1,1590842781),(3,16451,1,1590810867),(3,16452,1,1590842781),(3,16453,1,1590842781),(3,16454,1,1590842781),(3,16455,1,1590885485),(3,16456,1,1590885485),(3,16458,1,1590885485),(3,16459,1,1590885485),(3,16460,1,1590885485),(3,16461,1,1590885485),(3,16462,5,1590809406),(3,16463,9,1590809832),(3,16464,15,1590810865),(3,16465,22,1590843081),(3,16466,25,1590886590),(3,16467,28,1590887861),(3,16468,30,1590890331),(3,16469,38,1590892099),(3,16477,75,1590843290),(3,16479,75,1590843302),(3,16488,75,1590843290),(3,16490,75,1590843302),(3,16820,7738,1590896705),(3,16826,4435,1590896705),(3,18672,4,1590890860),(3,18860,1,1590808226),(4,34,10,1590947897),(4,35,11,1590960556),(4,36,11,1590960556),(4,37,11,1590960556),(4,38,11,1590960556),(4,39,11,1590960556),(4,40,11,1590960556),(4,41,11,1590960556),(4,73,52,1590961601),(4,162,19225,1590961390),(4,167,1,1590937479),(4,168,57,1590948765),(4,230,50,1590960483),(4,231,52,1590961601),(4,232,52,1590961601),(4,233,52,1590961601),(4,234,52,1590961601),(4,236,52,1590961601),(4,641,1,1590937479),(4,651,1,1590937479),(4,652,1,1590937479),(4,653,1,1590937479),(4,654,1,1590937479),(4,656,1,1590937479),(4,657,1,1590937479),(4,753,1,1590937479),(4,754,1,1590937479),(4,755,1,1590937479),(4,756,1,1590937479),(4,1146,1,1590937606),(4,1147,1,1590938977),(4,1148,1,1590940741),(4,1151,1,1590940741),(4,1152,1,1590942940),(4,1153,1,1590948348),(4,1154,1,1590947397),(4,1155,1,1590948821),(4,1156,1,1590942643),(4,1157,1,1590946787),(4,1249,1,1590961382),(4,1251,1,1590961327),(4,1285,1,1590960445),(4,2020,200,1590937479),(4,2030,13005,1590961601),(4,2031,5319,1590961601),(4,2032,5319,1590961601),(4,2033,5319,1590961601),(4,2034,5219,1590961601),(4,2072,1524,1590939915),(4,2239,52,1590961601),(4,3354,1556,1590961102),(4,3355,2787,1590948284),(4,3356,99,1590948910),(4,3361,2398,1590961622),(4,3506,1556,1590961102),(4,3507,1556,1590961102),(4,3510,1556,1590961102),(4,3511,1556,1590961102),(4,3512,1556,1590961102),(4,3513,2787,1590948284),(4,3631,52,1590961601),(4,4091,2398,1590961622),(4,4092,2787,1590948284),(4,4093,1556,1590961102),(4,4224,3894,1590961622),(4,4299,1,1590947247),(4,4943,80,1590947247),(4,4944,255,1590961390),(4,4946,252,1590961390),(4,4948,63,1590961390),(4,4953,191,1590961101),(4,4954,1,1590937925),(4,5212,11,1590960556),(4,5218,11,1590960556),(4,5233,11,1590960556),(4,5242,57,1590948765),(4,5244,58,1590943854),(4,5249,26,1590942528),(4,5250,3,1590939765),(4,5255,35,1590948849),(4,5288,2,1590939765),(4,5300,1,1590945708),(4,5301,7,1590937479),(4,5305,6,1590961639),(4,5328,5319,1590961601),(4,5329,5319,1590961601),(4,5330,5319,1590961601),(4,5331,13005,1590961601),(4,5332,5219,1590961601),(4,5371,27,1590960754),(4,5372,2180,1590961388),(4,5373,110,1590960768),(4,5374,80,1590947247),(4,5375,155,1590960774),(4,5376,80,1590947247),(4,5512,254,1590961390),(4,5529,254,1590961390),(4,5554,75,1590940566),(4,5559,75,1590940580),(4,5562,26,1590942528),(4,5563,57,1590948765),(4,5564,3,1590939765),(4,5568,58,1590943854),(4,5573,35,1590948849),(4,5592,26,1590942528),(4,5695,2,1590939765),(4,5696,3,1590939765),(4,5701,57,1590948765),(4,5719,35,1590948849),(4,5722,58,1590943854),(4,5756,2,1590939765),(4,5757,2,1590939765),(4,5758,2,1590939765),(4,5759,2,1590939765),(4,5760,2,1590939765),(4,5761,2,1590939765),(4,6388,6,1590943708),(4,6393,7,1590939797),(4,6394,2,1590940639),(4,6751,7,1590939797),(4,6752,7,1590939797),(4,6753,7,1590939797),(4,6754,7,1590939797),(4,6755,7,1590939797),(4,7221,7,1590939797),(4,7222,2,1590940639),(4,7226,6,1590943708),(4,8819,500,1590937479),(4,8820,500,1590937479),(4,8821,500,1590937479),(4,8822,500,1590937479),(4,9058,1,1590937479),(4,9598,11,1590960556),(4,9678,5319,1590961601),(4,9679,5219,1590961601),(4,9680,5319,1590961601),(4,9681,5319,1590961601),(4,9682,13005,1590961601),(4,10518,5,1590940580),(4,10519,5,1590940580),(4,12698,30,1590960483),(4,13498,11,1590960556),(4,13684,58,1590943854),(4,13689,35,1590948849),(4,13695,58,1590943854),(4,13700,35,1590948849),(4,13716,58,1590943854),(4,13721,35,1590948849),(4,13727,58,1590943854),(4,13732,35,1590948849),(4,13738,58,1590943854),(4,13743,35,1590948849),(4,13761,58,1590943854),(4,13766,35,1590948849),(4,13772,58,1590943854),(4,13777,35,1590948849),(4,13784,57,1590948765),(4,13785,57,1590948765),(4,13786,57,1590948765),(4,13787,57,1590948765),(4,13788,57,1590948765),(4,13789,3,1590939765),(4,13790,3,1590939765),(4,13791,3,1590939765),(4,13792,3,1590939765),(4,13793,3,1590939765),(4,13794,3,1590939765),(4,13806,26,1590942528),(4,13807,26,1590942528),(4,13808,26,1590942528),(4,13809,26,1590942528),(4,13810,26,1590942528),(4,13811,26,1590942528),(4,13821,58,1590943854),(4,13826,35,1590948849),(4,14147,1,1590960445),(4,14174,11,1590960556),(4,14179,11,1590960556),(4,15375,57,1590948765),(4,15377,58,1590943854),(4,15378,26,1590942528),(4,15379,3,1590939765),(4,15384,35,1590948849),(4,15688,1556,1590961102),(4,15689,1556,1590961102),(4,15711,7,1590939797),(4,15929,2,1590942792),(4,16187,1,1590937708),(4,16435,1,1590937864),(4,16443,1,1590938233),(4,16444,1,1590938230),(4,16445,1,1590938229),(4,16448,1,1590939013),(4,16453,1,1590939106),(4,16454,1,1590938620),(4,16455,1,1590940411),(4,16456,1,1590940411),(4,16457,1,1590940411),(4,16458,1,1590940411),(4,16459,1,1590940411),(4,16460,1,1590940411),(4,16461,1,1590940411),(4,16462,2,1590937874),(4,16463,6,1590938208),(4,16464,9,1590938593),(4,16465,18,1590939900),(4,16466,21,1590941465),(4,16467,30,1590942435),(4,16468,33,1590945880),(4,16469,41,1590947897),(4,16473,75,1590940566),(4,16478,75,1590940580),(4,16484,75,1590940566),(4,16489,75,1590940580),(4,16820,2787,1590948284),(4,16826,2219,1590961601),(4,18860,1,1590937479),(5,34,10,1590980892),(5,35,12,1591061722),(5,36,12,1591061722),(5,37,12,1591061722),(5,38,12,1591061722),(5,39,12,1591061722),(5,40,12,1591061722),(5,41,12,1591061722),(5,73,59,1591062604),(5,111,2,1591062152),(5,162,35778,1591062120),(5,167,1,1590962129),(5,168,39,1591062915),(5,230,50,1591061388),(5,231,59,1591062604),(5,232,59,1591062604),(5,233,59,1591062604),(5,234,59,1591062604),(5,236,59,1591062604),(5,653,1,1590962129),(5,655,1,1590962129),(5,656,1,1590962129),(5,657,1,1590962129),(5,756,1,1590962129),(5,822,1,1590975743),(5,823,1,1590973315),(5,825,1,1590966323),(5,826,1,1590976900),(5,827,1,1590975949),(5,828,1,1590980076),(5,829,1,1590981840),(5,830,1,1590979409),(5,831,1,1591061788),(5,832,1,1590976339),(5,834,1,1591543487),(5,925,1,1590981280),(5,992,13119,1591062604),(5,993,7247,1591062604),(5,994,4647,1591062604),(5,995,14499,1591062604),(5,996,4547,1591062604),(5,1486,1,1591061788),(5,2020,200,1590965502),(5,2045,2000,1590965502),(5,2072,1597,1590982296),(5,2239,59,1591062604),(5,3354,822,1591062122),(5,3355,8997,1591061726),(5,3361,3623,1591062918),(5,3506,822,1591062122),(5,3507,822,1591062122),(5,3510,822,1591062122),(5,3511,822,1591062122),(5,3512,822,1591062122),(5,3513,8997,1591061726),(5,3631,59,1591062604),(5,4091,3623,1591062918),(5,4092,8997,1591061726),(5,4093,822,1591062122),(5,4220,14,1591109386),(5,4224,7725,1591062122),(5,4370,1,1590979199),(5,4695,1,1591060501),(5,4705,1,1590974678),(5,4943,7374,1591061695),(5,4944,289,1591062120),(5,4946,262,1591062120),(5,4948,78,1591061509),(5,4949,4,1591060981),(5,4951,24,1591060563),(5,4953,165,1591062120),(5,4956,18,1590975329),(5,5212,12,1591061722),(5,5214,12,1591061722),(5,5237,12,1591061722),(5,5242,39,1591062915),(5,5249,67,1591062865),(5,5254,12,1591061300),(5,5256,17,1591061511),(5,5289,1,1591060104),(5,5300,2,1590980379),(5,5301,11,1590982891),(5,5305,2,1590976753),(5,5313,14499,1591062604),(5,5314,13119,1591062604),(5,5315,7247,1591062604),(5,5316,4647,1591062604),(5,5317,4547,1591062604),(5,5371,41,1590977340),(5,5372,13733,1591062932),(5,5373,10000000,1590980310),(5,5374,105,1591061691),(5,5375,7230,1591061695),(5,5376,105,1591061691),(5,5529,288,1591062120),(5,5530,288,1591062120),(5,5558,75,1590976008),(5,5560,75,1590976020),(5,5562,67,1591062865),(5,5563,39,1591062915),(5,5572,12,1591061300),(5,5574,17,1591061511),(5,5592,67,1591062865),(5,5701,39,1591062915),(5,5718,12,1591061300),(5,5720,17,1591061511),(5,6391,7,1590976008),(5,6393,9,1590977601),(5,6394,5,1591062873),(5,6751,9,1590977601),(5,6752,9,1590977601),(5,6753,9,1590977601),(5,6754,9,1590977601),(5,6755,9,1590977601),(5,6991,1,1590980569),(5,7221,9,1590977601),(5,7222,5,1591062873),(5,7229,7,1590976008),(5,8819,750,1591056727),(5,8820,750,1591056727),(5,8821,750,1591056727),(5,8822,1000,1591056727),(5,9598,12,1591061722),(5,9683,13119,1591062604),(5,9684,14499,1591062604),(5,9685,4547,1591062604),(5,9686,7247,1591062604),(5,9687,4647,1591062604),(5,12698,30,1591061788),(5,13498,12,1591061722),(5,13688,12,1591061300),(5,13690,17,1591061511),(5,13699,12,1591061300),(5,13701,17,1591061511),(5,13720,12,1591061300),(5,13722,17,1591061511),(5,13731,12,1591061300),(5,13733,17,1591061511),(5,13742,12,1591061300),(5,13744,17,1591061511),(5,13765,12,1591061300),(5,13767,17,1591061511),(5,13776,12,1591061300),(5,13778,17,1591061511),(5,13784,39,1591062915),(5,13785,39,1591062915),(5,13786,39,1591062915),(5,13787,39,1591062915),(5,13788,39,1591062915),(5,13806,67,1591062865),(5,13807,67,1591062865),(5,13808,67,1591062865),(5,13809,67,1591062865),(5,13810,67,1591062865),(5,13811,67,1591062865),(5,13825,12,1591061300),(5,13827,17,1591061511),(5,14042,1,1590979412),(5,14086,1,1590974197),(5,14087,1,1590979412),(5,14174,12,1591061722),(5,14175,12,1591061722),(5,15375,39,1591062915),(5,15378,67,1591062865),(5,15383,12,1591061300),(5,15385,17,1591061511),(5,15688,822,1591062122),(5,15689,822,1591062122),(5,15711,9,1590977601),(5,16187,3,1590965822),(5,16411,2,1591062152),(5,16419,2,1591062152),(5,16421,2,1591062152),(5,16422,2,1591062152),(5,16423,2,1591062152),(5,16424,2,1591062152),(5,16425,2,1591062152),(5,16426,2,1591062152),(5,16440,1,1590966273),(5,16441,1,1590971360),(5,16443,1,1590972346),(5,16445,1,1590971360),(5,16447,1,1590971360),(5,16449,1,1590973167),(5,16452,1,1590972859),(5,16460,1,1590974846),(5,16462,4,1590966003),(5,16463,9,1590971360),(5,16464,16,1590972849),(5,16465,20,1590974834),(5,16466,22,1590974854),(5,16467,31,1590977527),(5,16468,36,1590979189),(5,16469,41,1590981033),(5,16477,75,1590976008),(5,16479,75,1590976020),(5,16488,75,1590976008),(5,16490,75,1590976020),(5,16820,8997,1591061726),(5,16825,7631,1591062604),(5,18672,2,1591062152),(5,18860,1,1590965502),(6,34,10,1591579375),(6,35,12,1591583457),(6,36,12,1591583457),(6,37,12,1591583457),(6,38,12,1591583457),(6,39,12,1591583457),(6,40,12,1591583457),(6,41,12,1591583457),(6,73,61,1591583822),(6,111,1,1591575569),(6,162,34895,1591583393),(6,167,1,1590962444),(6,168,59,1591583812),(6,230,50,1591580407),(6,231,61,1591583822),(6,232,61,1591583822),(6,233,61,1591583822),(6,234,61,1591583822),(6,236,61,1591583822),(6,616,36,1591581230),(6,641,1,1590962444),(6,651,1,1590962444),(6,652,1,1590962444),(6,653,1,1590962444),(6,654,1,1590962444),(6,655,1,1590962444),(6,753,1,1590962444),(6,756,1,1590962444),(6,992,3146,1591583822),(6,993,3146,1591583822),(6,994,14700,1591583822),(6,995,3146,1591583822),(6,996,5746,1591583822),(6,1037,1,1591550688),(6,1038,1,1591562242),(6,1039,1,1591579482),(6,1041,1,1591575736),(6,1042,1,1591573990),(6,1043,1,1591574435),(6,1044,1,1591577287),(6,1045,1,1591575632),(6,1046,1,1591576928),(6,1047,1,1591581536),(6,1048,1,1591581619),(6,1049,1,1591582548),(6,1051,1,1591581619),(6,2020,200,1591550185),(6,2239,61,1591583822),(6,3316,3,1591576168),(6,3354,3366,1591583166),(6,3355,8078,1591583822),(6,3356,99,1591583714),(6,3361,3616,1591584003),(6,3506,3366,1591583166),(6,3507,3366,1591583166),(6,3510,3366,1591583166),(6,3511,3366,1591583166),(6,3512,3366,1591583166),(6,3513,8078,1591583822),(6,3631,61,1591583822),(6,4091,3616,1591584003),(6,4092,8078,1591583822),(6,4093,3366,1591583166),(6,4220,1,1591583977),(6,4224,12628,1591583822),(6,4299,4,1591580094),(6,4943,989,1591583008),(6,4944,264,1591583393),(6,4946,264,1591583393),(6,4948,72,1591583393),(6,4953,103,1591583164),(6,4954,1,1591560657),(6,4955,88,1591581031),(6,5212,12,1591583457),(6,5221,12,1591583457),(6,5238,12,1591583457),(6,5241,36,1591581230),(6,5242,59,1591583812),(6,5249,47,1591582120),(6,5250,3,1591576967),(6,5251,42,1591583477),(6,5288,2,1591576967),(6,5289,1,1591582703),(6,5300,1,1591575147),(6,5301,8,1591584417),(6,5305,4,1591583872),(6,5313,3146,1591583822),(6,5314,3146,1591583822),(6,5315,3146,1591583822),(6,5316,14700,1591583822),(6,5317,5746,1591583822),(6,5371,38,1591580143),(6,5372,9536,1591583392),(6,5373,10000000,1591582913),(6,5374,90,1591575944),(6,5375,989,1591583008),(6,5376,90,1591575944),(6,5512,264,1591583393),(6,5529,264,1591583393),(6,5562,47,1591582120),(6,5563,59,1591583812),(6,5564,3,1591576967),(6,5565,36,1591581230),(6,5569,42,1591583477),(6,5592,47,1591582120),(6,5695,1,1591576954),(6,5696,3,1591576967),(6,5701,59,1591583812),(6,5711,36,1591581230),(6,5715,42,1591583477),(6,5756,2,1591576967),(6,5757,2,1591576967),(6,5758,2,1591576967),(6,5759,2,1591576967),(6,5760,2,1591576967),(6,5761,2,1591576967),(6,6386,4,1591574479),(6,6393,17,1591584008),(6,6394,4,1591580760),(6,6475,1,1591578602),(6,6547,1,1591579709),(6,6684,4,1591579768),(6,6751,17,1591584008),(6,6752,17,1591584008),(6,6753,17,1591584008),(6,6754,17,1591584008),(6,6755,17,1591584008),(6,7221,17,1591584008),(6,7222,4,1591580760),(6,7223,4,1591574479),(6,8076,3,1591582497),(6,8819,500,1591550185),(6,8820,500,1591550185),(6,8821,500,1591550185),(6,8822,500,1591550185),(6,9378,1,1590962444),(6,9598,12,1591583457),(6,9683,3146,1591583822),(6,9684,3146,1591583822),(6,9685,5746,1591583822),(6,9686,3146,1591583822),(6,9687,14700,1591583822),(6,12698,20,1591580407),(6,13498,12,1591583457),(6,13685,42,1591583477),(6,13692,36,1591581230),(6,13696,42,1591583477),(6,13713,36,1591581230),(6,13717,42,1591583477),(6,13724,36,1591581230),(6,13728,42,1591583477),(6,13735,36,1591581230),(6,13739,42,1591583477),(6,13758,36,1591581230),(6,13762,42,1591583477),(6,13769,36,1591581230),(6,13773,42,1591583477),(6,13784,59,1591583812),(6,13785,59,1591583812),(6,13786,59,1591583812),(6,13787,59,1591583812),(6,13788,59,1591583812),(6,13789,3,1591576967),(6,13790,3,1591576967),(6,13791,3,1591576967),(6,13792,3,1591576967),(6,13793,3,1591576967),(6,13794,3,1591576967),(6,13806,47,1591582120),(6,13807,47,1591582120),(6,13808,47,1591582120),(6,13809,47,1591582120),(6,13810,47,1591582120),(6,13811,47,1591582120),(6,13818,36,1591581230),(6,13822,42,1591583477),(6,14154,1,1591581445),(6,14155,1,1591562041),(6,14174,12,1591583457),(6,14183,12,1591583457),(6,15373,36,1591581230),(6,15375,59,1591583812),(6,15378,47,1591582120),(6,15379,3,1591576967),(6,15380,42,1591583477),(6,15688,3366,1591583166),(6,15689,3366,1591583166),(6,15711,17,1591584008),(6,15885,1,1591576954),(6,16082,1,1591584140),(6,16187,3,1591550650),(6,16406,1,1591575569),(6,16419,1,1591575569),(6,16421,1,1591575569),(6,16422,1,1591575569),(6,16423,1,1591575569),(6,16424,1,1591575569),(6,16425,1,1591575569),(6,16426,1,1591575569),(6,16429,1,1591560434),(6,16434,1,1591560698),(6,16442,1,1591561007),(6,16443,1,1591560997),(6,16444,1,1591560999),(6,16445,1,1591561005),(6,16447,1,1591561375),(6,16448,1,1591572276),(6,16449,1,1591572276),(6,16450,1,1591572276),(6,16451,1,1591572276),(6,16452,1,1591572276),(6,16454,1,1591572276),(6,16457,1,1591573081),(6,16460,1,1591573886),(6,16461,1,1591572857),(6,16462,9,1591560671),(6,16463,14,1591560995),(6,16464,17,1591561711),(6,16465,21,1591572850),(6,16466,26,1591574394),(6,16467,33,1591576265),(6,16468,43,1591578277),(6,16469,47,1591579416),(6,16820,8078,1591583822),(6,16825,5746,1591583822),(6,18672,1,1591575569),(6,18860,1,1591550185),(7,34,55,1591661778),(7,35,55,1591661778),(7,36,55,1591661778),(7,37,55,1591661778),(7,38,55,1591661778),(7,39,58,1591667176),(7,40,58,1591667176),(7,41,58,1591667176),(7,73,46,1591669820),(7,111,1,1591668485),(7,162,1677612,1591669620),(7,167,270,1590962660),(7,230,46,1591669820),(7,231,46,1591669820),(7,232,46,1591669820),(7,233,46,1591669820),(7,234,46,1591669820),(7,236,46,1591669820),(7,641,270,1590962661),(7,655,270,1591661778),(7,656,270,1590962660),(7,753,270,1590962661),(7,754,270,1590962661),(7,755,270,1590962661),(7,756,270,1590962660),(7,834,270,1590962660),(7,2020,200,1591661778),(7,2022,22815,1591670116),(7,2030,9100,1591669820),(7,2031,4600,1591669820),(7,2032,4600,1591669820),(7,2033,5500,1591669820),(7,2034,4500,1591669820),(7,2035,22815,1591670116),(7,2239,46,1591669820),(7,2415,22815,1591670116),(7,2416,22815,1591670116),(7,2417,7763,1591670116),(7,2425,22815,1591670116),(7,3355,277300,1591669202),(7,3361,87959,1591667513),(7,3513,277300,1591669202),(7,3631,46,1591669820),(7,4091,87959,1591667513),(7,4092,277300,1591669202),(7,4220,6,1591669969),(7,4224,276841,1591667513),(7,4737,22815,1591670116),(7,4738,22815,1591670116),(7,4741,22815,1591670116),(7,4742,22815,1591670116),(7,4743,7763,1591670116),(7,4787,1,1591663805),(7,4943,41881,1591669619),(7,4944,427,1591669620),(7,4946,287,1591669620),(7,4948,2,1591663137),(7,4953,402,1591668739),(7,4954,10,1591668179),(7,4955,13,1591669620),(7,5212,58,1591667176),(7,5219,58,1591667176),(7,5229,58,1591667176),(7,5249,270,1590962660),(7,5289,1,1591667028),(7,5299,6,1591669820),(7,5300,7,1591669820),(7,5301,16,1591670149),(7,5305,6,1591667790),(7,5328,4600,1591669820),(7,5329,5500,1591669820),(7,5330,4600,1591669820),(7,5331,9100,1591669820),(7,5332,4500,1591669820),(7,5371,29632,1591668485),(7,5372,525211,1591669619),(7,5373,10000000,1591668532),(7,5374,16808,1591668654),(7,5375,453777,1591669619),(7,5376,4982,1591669497),(7,5512,11,1591669620),(7,5529,454,1591669620),(7,5562,270,1590962660),(7,5592,270,1590962660),(7,6394,26,1590962660),(7,6460,1,1591665384),(7,7222,26,1590962660),(7,7550,1,1591663805),(7,7551,1,1591663805),(7,7552,1,1591663805),(7,8819,500,1591661778),(7,8820,500,1591661778),(7,8821,500,1591661778),(7,8822,500,1591661778),(7,9223,1,1591663805),(7,9598,55,1591661778),(7,9678,4600,1591669820),(7,9679,4500,1591669820),(7,9680,5500,1591669820),(7,9681,4600,1591669820),(7,9682,9100,1591669820),(7,12698,70,1591661778),(7,13498,58,1591667176),(7,13806,270,1590962660),(7,13807,270,1590962660),(7,13808,270,1590962660),(7,13809,270,1590962660),(7,13810,270,1590962660),(7,13811,270,1590962660),(7,14174,58,1591667176),(7,14180,58,1591667176),(7,15378,270,1590962660),(7,16419,1,1591668485),(7,16421,1,1591668485),(7,16422,1,1591668485),(7,16423,1,1591668485),(7,16424,1,1591668485),(7,16425,1,1591668485),(7,16426,1,1591668485),(7,16820,277300,1591669202),(7,16826,1500,1591669820),(7,18672,1,1591668485),(7,18860,1,1591661778),(8,34,10,1591754707),(8,35,12,1591757565),(8,36,12,1591757565),(8,37,12,1591757565),(8,38,12,1591757565),(8,39,12,1591757565),(8,40,12,1591757565),(8,41,12,1591757565),(8,73,52,1591758094),(8,162,46229,1591757639),(8,167,1,1590962886),(8,168,50,1591758464),(8,230,50,1591757768),(8,231,52,1591758094),(8,232,52,1591758094),(8,233,52,1591758094),(8,234,52,1591758094),(8,236,52,1591758094),(8,653,1,1591748294),(8,657,1,1590962886),(8,753,1,1591748294),(8,756,1,1590962886),(8,757,5,1590962886),(8,1299,1,1591748387),(8,1300,1,1591753380),(8,1302,1,1591757481),(8,1303,1,1591752533),(8,1304,1,1591757370),(8,1305,1,1591750326),(8,1306,1,1591754855),(8,1307,1,1591754660),(8,1308,1,1591750793),(8,2020,200,1591748294),(8,2030,5617,1591758094),(8,2031,5617,1591758094),(8,2032,14170,1591758094),(8,2033,5617,1591758094),(8,2034,5517,1591758094),(8,2072,2212,1591758112),(8,2239,52,1591758094),(8,2416,3000,1591748294),(8,3354,1831,1591757012),(8,3355,8580,1591758094),(8,3361,3010,1591758951),(8,3506,1831,1591757012),(8,3507,1831,1591757012),(8,3510,1831,1591757012),(8,3511,1831,1591757012),(8,3512,1831,1591757012),(8,3513,8580,1591758094),(8,3631,52,1591758094),(8,4091,3010,1591758951),(8,4092,8580,1591758094),(8,4093,1831,1591757012),(8,4224,12577,1591758094),(8,4705,1,1591753935),(8,4742,3000,1591748294),(8,4943,193,1591757636),(8,4944,306,1591757639),(8,4946,305,1591757639),(8,4948,54,1591757410),(8,4949,67,1591757599),(8,4951,48,1591755614),(8,4953,133,1591757011),(8,4954,2,1591749284),(8,4956,1,1591757639),(8,4958,1,1591757565),(8,4990,7,1591759025),(8,4991,9,1591758902),(8,5018,12,1591757565),(8,5212,12,1591757565),(8,5234,12,1591757565),(8,5242,50,1591758464),(8,5243,20,1591759020),(8,5249,1,1591758547),(8,5257,59,1591758825),(8,5289,2,1591749361),(8,5300,1,1591752612),(8,5301,8,1591759142),(8,5304,14,1591758902),(8,5305,3,1591756627),(8,5328,14170,1591758094),(8,5329,5617,1591758094),(8,5330,5617,1591758094),(8,5331,5617,1591758094),(8,5332,5517,1591758094),(8,5371,56,1591753818),(8,5372,3282,1591758112),(8,5373,202,1591757565),(8,5374,47,1591757565),(8,5375,193,1591757636),(8,5376,47,1591757565),(8,5529,306,1591757639),(8,5530,306,1591757639),(8,5562,1,1591758547),(8,5563,50,1591758464),(8,5567,20,1591759020),(8,5575,59,1591758825),(8,5592,1,1591758547),(8,5701,50,1591758464),(8,5713,20,1591759020),(8,5714,59,1591758825),(8,6392,18,1591758829),(8,6393,12,1591758466),(8,6394,2,1591758547),(8,6565,1,1591751330),(8,6751,12,1591758466),(8,6752,12,1591758466),(8,6753,12,1591758466),(8,6754,12,1591758466),(8,6755,12,1591758466),(8,6991,1,1591753933),(8,7221,12,1591758466),(8,7222,2,1591758547),(8,7225,7,1591759025),(8,7230,18,1591758829),(8,8819,500,1591748294),(8,8820,500,1591748294),(8,8821,500,1591748294),(8,8822,500,1591748294),(8,9598,12,1591757565),(8,9678,14170,1591758094),(8,9679,5517,1591758094),(8,9680,5617,1591758094),(8,9681,5617,1591758094),(8,9682,5617,1591758094),(8,12698,20,1591757768),(8,13498,12,1591757565),(8,13683,20,1591759020),(8,13691,59,1591758825),(8,13694,20,1591759020),(8,13702,59,1591758825),(8,13715,20,1591759020),(8,13723,59,1591758825),(8,13726,20,1591759020),(8,13734,59,1591758825),(8,13737,20,1591759020),(8,13745,59,1591758825),(8,13760,20,1591759020),(8,13768,59,1591758825),(8,13771,20,1591759020),(8,13779,59,1591758825),(8,13784,50,1591758464),(8,13785,50,1591758464),(8,13786,50,1591758464),(8,13787,50,1591758464),(8,13788,50,1591758464),(8,13806,1,1591758547),(8,13807,1,1591758547),(8,13808,1,1591758547),(8,13809,1,1591758547),(8,13810,1,1591758547),(8,13811,1,1591758547),(8,13820,20,1591759020),(8,13828,59,1591758825),(8,14088,1,1591756858),(8,14089,1,1591750448),(8,14174,12,1591757565),(8,14181,12,1591757565),(8,15375,50,1591758464),(8,15376,20,1591759020),(8,15378,1,1591758547),(8,15386,59,1591758825),(8,15688,1831,1591757012),(8,15689,1831,1591757012),(8,15711,12,1591758466),(8,16187,1,1591748444),(8,16430,1,1591748450),(8,16432,1,1591748531),(8,16438,1,1591749527),(8,16447,1,1591749798),(8,16448,1,1591750035),(8,16456,1,1591751595),(8,16462,4,1591748622),(8,16463,11,1591749794),(8,16464,15,1591750032),(8,16465,21,1591750980),(8,16466,26,1591751834),(8,16467,30,1591752612),(8,16468,34,1591754133),(8,16469,37,1591755731),(8,16820,8580,1591758094),(8,16826,2517,1591758094),(8,18860,1,1591748294),(9,34,5,1591838415),(9,35,5,1591838415),(9,36,5,1591838415),(9,37,5,1591838415),(9,38,5,1591838415),(9,39,5,1591838415),(9,40,5,1591838415),(9,41,5,1591838415),(9,73,25,1591838415),(9,162,1254,1591835558),(9,167,1,1590963098),(9,230,25,1591838415),(9,231,25,1591838415),(9,232,25,1591838415),(9,233,25,1591838415),(9,234,25,1591838415),(9,236,25,1591838415),(9,653,1,1590963098),(9,657,1,1590963098),(9,756,1,1590963098),(9,757,5,1590963098),(9,992,4155,1591838415),(9,993,4155,1591838415),(9,994,1555,1591838415),(9,995,4239,1591838415),(9,996,1455,1591838415),(9,2020,200,1591808023),(9,2072,4833,1591835428),(9,2239,25,1591838415),(9,3355,758,1591837567),(9,3361,55,1591835804),(9,3513,758,1591837567),(9,3631,25,1591838415),(9,4091,55,1591835804),(9,4092,758,1591837567),(9,4224,856,1591838370),(9,4944,6,1591830898),(9,4946,6,1591830898),(9,4948,6,1591830898),(9,5212,5,1591838415),(9,5217,5,1591838415),(9,5289,6,1591835401),(9,5301,7,1591808023),(9,5313,4239,1591838415),(9,5314,4155,1591838415),(9,5315,4155,1591838415),(9,5316,1555,1591838415),(9,5317,1455,1591838415),(9,5371,89,1591835428),(9,5372,148,1591835557),(9,5373,10000000,1591834830),(9,5529,12,1591834838),(9,8819,500,1591808023),(9,8820,500,1591808023),(9,8821,500,1591808023),(9,8822,500,1591808023),(9,9598,5,1591838415),(9,9683,4155,1591838415),(9,9684,4239,1591838415),(9,9685,1455,1591838415),(9,9686,4155,1591838415),(9,9687,1555,1591838415),(9,13498,5,1591838415),(9,14174,5,1591838415),(9,14178,5,1591838415),(9,16187,2,1591830953),(9,16428,1,1591830960),(9,16431,1,1591833962),(9,16434,1,1591834473),(9,16441,1,1591836889),(9,16442,1,1591836889),(9,16443,1,1591836132),(9,16445,1,1591836889),(9,16448,1,1591838370),(9,16449,1,1591838370),(9,16450,1,1591838370),(9,16451,1,1591838370),(9,16452,1,1591838370),(9,16462,9,1591834415),(9,16463,17,1591836130),(9,16464,25,1591838415),(9,16820,758,1591837567),(9,16825,7370,1591838415),(9,18860,1,1591808023),(10,34,10,1592006365),(10,35,12,1592009918),(10,36,12,1592009918),(10,37,12,1592009918),(10,38,12,1592009918),(10,39,12,1592009918),(10,40,12,1592009918),(10,41,12,1592009918),(10,73,70,1592011128),(10,111,1,1591931748),(10,162,32500,1592011107),(10,167,1,1590963537),(10,168,35,1592007234),(10,230,50,1592008546),(10,231,70,1592011128),(10,232,70,1592011128),(10,233,70,1592011128),(10,234,70,1592011128),(10,236,70,1592011128),(10,641,1,1590963537),(10,651,1,1590963537),(10,652,1,1590963537),(10,653,1,1590963537),(10,654,1,1590963537),(10,655,1,1590963537),(10,656,1,1590963537),(10,657,1,1590963537),(10,753,1,1590963537),(10,754,1,1590963537),(10,755,1,1590963537),(10,756,1,1590963537),(10,834,1,1590963537),(10,992,3527,1592011128),(10,993,3527,1592011128),(10,994,6127,1592011128),(10,995,3584,1592011128),(10,996,16188,1592011128),(10,1508,1,1591926965),(10,1509,1,1591928721),(10,1510,1,1591929719),(10,1511,1,1591931068),(10,1512,1,1591929626),(10,1513,1,1592009946),(10,1514,1,1592007807),(10,1515,1,1591930660),(10,1516,1,1592008860),(10,1517,1,1591930525),(10,1518,1,1592009973),(10,1519,1,1592007961),(10,1520,1,1592005952),(10,1521,1,1591930706),(10,1523,1,1592008431),(10,1524,1,1592005904),(10,1525,1,1592008198),(10,1526,1,1592010569),(10,1527,1,1592010862),(10,1528,1,1591930994),(10,1529,1,1591932245),(10,1530,1,1592009575),(10,1531,1,1591931637),(10,1532,1,1592008218),(10,1884,3500,1591926867),(10,2020,200,1591926867),(10,2072,3210,1592008441),(10,2239,70,1592011128),(10,3236,2,1592011353),(10,3354,1570,1592011108),(10,3355,9495,1592011068),(10,3361,2390,1592011403),(10,3506,1570,1592011108),(10,3507,1570,1592011108),(10,3510,1570,1592011108),(10,3511,1570,1592011108),(10,3512,1570,1592011108),(10,3513,9495,1592011068),(10,3631,70,1592011128),(10,4091,2390,1592011403),(10,4092,9495,1592011068),(10,4093,1570,1592011108),(10,4220,1,1592011529),(10,4224,9963,1592011403),(10,4763,3500,1591926867),(10,4943,5073,1592011107),(10,4944,247,1592011107),(10,4946,247,1592011107),(10,4948,35,1592009319),(10,4951,64,1592009378),(10,4953,109,1592009014),(10,4955,39,1592011107),(10,5212,12,1592009918),(10,5220,12,1592009918),(10,5230,12,1592009918),(10,5242,35,1592007234),(10,5249,47,1592011375),(10,5250,1,1592011385),(10,5255,1,1592007640),(10,5300,1,1591930671),(10,5301,9,1592011463),(10,5305,4,1592011257),(10,5313,3584,1592011128),(10,5314,3527,1592011128),(10,5315,3527,1592011128),(10,5316,6127,1592011128),(10,5317,16188,1592011128),(10,5371,77,1592008441),(10,5372,9856,1592011107),(10,5373,10000000,1591932786),(10,5374,106,1592009938),(10,5375,5073,1592011107),(10,5376,106,1592009938),(10,5529,247,1592011107),(10,5531,247,1592011107),(10,5562,47,1592011375),(10,5563,35,1592007234),(10,5564,1,1592011385),(10,5573,1,1592007640),(10,5592,47,1592011375),(10,5696,1,1592011385),(10,5701,35,1592007234),(10,5719,1,1592007640),(10,6393,8,1592007270),(10,6394,4,1592011368),(10,6751,8,1592007270),(10,6752,8,1592007270),(10,6753,8,1592007270),(10,6754,8,1592007270),(10,6755,8,1592007270),(10,6991,1,1592006063),(10,7221,8,1592007270),(10,7222,4,1592011368),(10,8819,500,1591926867),(10,8820,500,1591926867),(10,8821,500,1591926867),(10,8822,500,1591926867),(10,9378,1,1590963537),(10,9598,12,1592009918),(10,9683,3527,1592011128),(10,9684,3584,1592011128),(10,9685,16188,1592011128),(10,9686,3527,1592011128),(10,9687,6127,1592011128),(10,10518,5,1592007640),(10,10519,5,1592007640),(10,12698,20,1592008546),(10,13409,3500,1591926867),(10,13498,12,1592009918),(10,13689,1,1592007640),(10,13700,1,1592007640),(10,13711,1,1592011128),(10,13721,1,1592007640),(10,13732,1,1592007640),(10,13743,1,1592007640),(10,13766,1,1592007640),(10,13777,1,1592007640),(10,13784,35,1592007234),(10,13785,35,1592007234),(10,13786,35,1592007234),(10,13787,35,1592007234),(10,13788,35,1592007234),(10,13789,1,1592011385),(10,13790,1,1592011385),(10,13791,1,1592011385),(10,13792,1,1592011385),(10,13793,1,1592011385),(10,13794,1,1592011385),(10,13806,47,1592011375),(10,13807,47,1592011375),(10,13808,47,1592011375),(10,13809,47,1592011375),(10,13810,47,1592011375),(10,13811,47,1592011375),(10,13826,1,1592007640),(10,14174,12,1592009918),(10,14182,12,1592009918),(10,15375,35,1592007234),(10,15378,47,1592011375),(10,15379,1,1592011385),(10,15384,1,1592007640),(10,15688,1570,1592011108),(10,15689,1570,1592011108),(10,15711,8,1592007270),(10,15929,1,1591931834),(10,16187,1,1591927070),(10,16407,1,1591931748),(10,16419,1,1591931748),(10,16421,1,1591931748),(10,16422,1,1591931748),(10,16423,1,1591931748),(10,16424,1,1591931748),(10,16425,1,1591931748),(10,16426,1,1591931748),(10,16428,1,1591927077),(10,16432,1,1591927420),(10,16434,1,1591927455),(10,16443,1,1591928154),(10,16447,1,1591928101),(10,16457,1,1591929482),(10,16462,3,1591927450),(10,16463,8,1591928097),(10,16464,11,1591928576),(10,16465,17,1591929480),(10,16466,23,1591930004),(10,16467,34,1591932064),(10,16468,35,1591932933),(10,16469,43,1592006365),(10,16820,9495,1592011068),(10,16825,6127,1592011128),(10,18672,1,1591931748),(10,18860,1,1591926867),(11,34,10,1591921215),(11,35,13,1591926008),(11,36,13,1591926008),(11,37,13,1591926008),(11,38,13,1591926008),(11,39,13,1591926008),(11,40,13,1591926008),(11,41,13,1591926008),(11,73,81,1591926247),(11,111,1,1591925102),(11,162,54675,1591926008),(11,167,1,1590963683),(11,168,1,1591840689),(11,230,50,1591844306),(11,231,81,1591926247),(11,232,81,1591926247),(11,233,81,1591926247),(11,234,81,1591926247),(11,236,81,1591926247),(11,653,1,1590963683),(11,657,1,1590963683),(11,756,1,1590963683),(11,757,5,1590963683),(11,1870,75,1590963683),(11,1871,75,1590963683),(11,1872,75,1590963683),(11,1873,75,1590963683),(11,2020,200,1591838797),(11,2030,6553,1591926247),(11,2031,6830,1591926247),(11,2032,6723,1591926247),(11,2033,6553,1591926247),(11,2034,6453,1591926247),(11,2239,81,1591926247),(11,3355,11234,1591926247),(11,3361,1114,1591924662),(11,3513,11234,1591926247),(11,3631,81,1591926247),(11,4091,1114,1591924662),(11,4092,11234,1591926247),(11,4224,14533,1591926247),(11,4299,2,1591924292),(11,4943,1232,1591924974),(11,4944,295,1591926008),(11,4946,295,1591926008),(11,4948,13,1591924530),(11,4953,264,1591925130),(11,4955,18,1591926008),(11,5212,13,1591926008),(11,5217,13,1591926008),(11,5242,1,1591840689),(11,5249,1,1591840704),(11,5289,1,1591844074),(11,5300,1,1591842743),(11,5301,7,1591838797),(11,5328,6723,1591926247),(11,5329,6553,1591926247),(11,5330,6830,1591926247),(11,5331,6553,1591926247),(11,5332,6453,1591926247),(11,5371,36,1591925100),(11,5372,4877,1591925102),(11,5373,10000000,1591843397),(11,5374,118,1591924759),(11,5375,725,1591924971),(11,5376,1236,1591924965),(11,5529,299,1591926008),(11,5562,1,1591840704),(11,5563,1,1591840689),(11,5592,1,1591840704),(11,5701,1,1591840689),(11,6393,6,1591840690),(11,6394,2,1591840704),(11,6751,6,1591840690),(11,6752,6,1591840690),(11,6753,6,1591840690),(11,6754,6,1591840690),(11,6755,6,1591840690),(11,7120,1,1591924200),(11,7221,6,1591840690),(11,7222,2,1591840704),(11,7970,1,1591924299),(11,8819,500,1591838797),(11,8820,500,1591838797),(11,8821,500,1591838797),(11,8822,500,1591838797),(11,9598,13,1591926008),(11,9678,6723,1591926247),(11,9679,6453,1591926247),(11,9680,6553,1591926247),(11,9681,6830,1591926247),(11,9682,6553,1591926247),(11,12698,30,1591921215),(11,13498,13,1591926008),(11,13784,1,1591840689),(11,13785,1,1591840689),(11,13786,1,1591840689),(11,13787,1,1591840689),(11,13788,1,1591840689),(11,13806,1,1591840704),(11,13807,1,1591840704),(11,13808,1,1591840704),(11,13809,1,1591840704),(11,13810,1,1591840704),(11,13811,1,1591840704),(11,14174,13,1591926008),(11,14178,13,1591926008),(11,14758,75,1590963683),(11,15375,1,1591840689),(11,15378,1,1591840704),(11,15711,6,1591840690),(11,15885,1,1591924171),(11,15889,1,1591924197),(11,16091,75,1590963683),(11,16187,3,1591839117),(11,16411,1,1591925102),(11,16419,1,1591925102),(11,16421,1,1591925102),(11,16422,1,1591925102),(11,16423,1,1591925102),(11,16424,1,1591925102),(11,16425,1,1591925102),(11,16426,1,1591925102),(11,16443,1,1591839594),(11,16447,1,1591839857),(11,16457,1,1591841221),(11,16458,1,1591841526),(11,16460,1,1591841534),(11,16461,1,1591841221),(11,16462,5,1591839128),(11,16463,13,1591839591),(11,16464,20,1591840098),(11,16465,24,1591840466),(11,16466,31,1591841574),(11,16467,37,1591842764),(11,16468,51,1591844312),(11,16469,59,1591921215),(11,16820,11234,1591926247),(11,16826,16805,1591926247),(11,18672,1,1591925102),(11,18860,1,1591838797),(12,34,10,1592021318),(12,35,11,1592088558),(12,36,11,1592088558),(12,37,11,1592088558),(12,38,11,1592088558),(12,39,11,1592088558),(12,40,11,1592088558),(12,41,11,1592088558),(12,73,63,1592089445),(12,111,1,1592020589),(12,149,1,1592020589),(12,162,23261,1592088858),(12,167,1,1590963790),(12,168,52,1592089038),(12,230,50,1592021073),(12,231,63,1592089445),(12,232,63,1592089445),(12,233,63,1592089445),(12,234,63,1592089445),(12,236,63,1592089445),(12,653,1,1592011922),(12,655,1,1590963790),(12,657,1,1590963790),(12,756,1,1590963790),(12,757,5,1590963790),(12,1552,1,1592011999),(12,1553,1,1592013823),(12,1554,1,1592014326),(12,1555,1,1592021065),(12,1556,1,1592087682),(12,1557,1,1592089187),(12,1558,1,1592016078),(12,1559,1,1592020515),(12,1560,1,1592015594),(12,1561,1,1592021525),(12,1562,1,1592015009),(12,1563,1,1592088309),(12,1564,1,1592018019),(12,1565,1,1592087517),(12,1566,1,1592014564),(12,1568,1,1592016886),(12,2020,200,1592011922),(12,2030,6747,1592089445),(12,2031,6202,1592089445),(12,2032,6961,1592089445),(12,2033,6014,1592089445),(12,2034,13897,1592089445),(12,2072,1969,1592089094),(12,2239,63,1592089445),(12,3316,1,1592087739),(12,3354,884,1592088859),(12,3355,3850,1592088545),(12,3361,2165,1592089616),(12,3506,884,1592088859),(12,3507,884,1592088859),(12,3510,884,1592088859),(12,3511,884,1592088859),(12,3512,884,1592088859),(12,3513,3850,1592088545),(12,3610,3500,1592011922),(12,3631,63,1592089445),(12,4091,2165,1592089616),(12,4092,3850,1592088545),(12,4093,884,1592088859),(12,4220,2,1592089649),(12,4224,6010,1592089616),(12,4705,11,1592088375),(12,4762,3500,1592011922),(12,4943,3133,1592088766),(12,4944,177,1592088858),(12,4946,177,1592088858),(12,4948,46,1592088717),(12,4951,36,1592088492),(12,4953,94,1592088858),(12,4955,1,1592088254),(12,5212,11,1592088558),(12,5216,11,1592088558),(12,5231,11,1592088558),(12,5242,52,1592089038),(12,5249,13,1592089599),(12,5250,1,1592013846),(12,5289,2,1592012175),(12,5300,1,1592015342),(12,5301,8,1592089699),(12,5305,3,1592089467),(12,5328,6961,1592089445),(12,5329,6014,1592089445),(12,5330,6202,1592089445),(12,5331,6747,1592089445),(12,5332,13897,1592089445),(12,5371,172,1592020589),(12,5372,6554,1592089094),(12,5373,176,1592088737),(12,5374,392,1592016156),(12,5375,3085,1592088766),(12,5376,392,1592016156),(12,5529,178,1592088858),(12,5531,178,1592088858),(12,5562,13,1592089599),(12,5563,52,1592089038),(12,5564,1,1592013846),(12,5592,13,1592089599),(12,5696,1,1592013846),(12,5701,52,1592089038),(12,6393,9,1592016346),(12,6394,2,1592014359),(12,6751,9,1592016346),(12,6752,9,1592016346),(12,6753,9,1592016346),(12,6754,9,1592016346),(12,6755,9,1592016346),(12,6927,1,1592019678),(12,7125,4,1592088374),(12,7221,9,1592016346),(12,7222,2,1592014359),(12,8819,500,1592011922),(12,8820,500,1592011922),(12,8821,500,1592011922),(12,8822,500,1592011922),(12,9598,11,1592088558),(12,9678,6961,1592089445),(12,9679,13897,1592089445),(12,9680,6014,1592089445),(12,9681,6202,1592089445),(12,9682,6747,1592089445),(12,12698,20,1592021318),(12,13395,3500,1592011922),(12,13498,11,1592088558),(12,13784,52,1592089038),(12,13785,52,1592089038),(12,13786,52,1592089038),(12,13787,52,1592089038),(12,13788,52,1592089038),(12,13789,1,1592013846),(12,13790,1,1592013846),(12,13791,1,1592013846),(12,13792,1,1592013846),(12,13793,1,1592013846),(12,13794,1,1592013846),(12,13806,13,1592089599),(12,13807,13,1592089599),(12,13808,13,1592089599),(12,13809,13,1592089599),(12,13810,13,1592089599),(12,13811,13,1592089599),(12,14174,11,1592088558),(12,14177,11,1592088558),(12,15375,52,1592089038),(12,15378,13,1592089599),(12,15379,1,1592013846),(12,15688,884,1592088859),(12,15689,884,1592088859),(12,15711,9,1592016346),(12,15929,1,1592019276),(12,16187,2,1592012134),(12,16408,1,1592020589),(12,16419,1,1592020589),(12,16421,1,1592020589),(12,16422,1,1592020589),(12,16423,1,1592020589),(12,16424,1,1592020589),(12,16425,1,1592020589),(12,16426,1,1592020589),(12,16428,1,1592012135),(12,16445,1,1592013224),(12,16448,1,1592013555),(12,16454,1,1592013702),(12,16462,6,1592012420),(12,16463,9,1592012696),(12,16464,16,1592013553),(12,16465,22,1592014439),(12,16466,28,1592015342),(12,16467,35,1592017626),(12,16468,38,1592018938),(12,16469,51,1592021654),(12,16820,3850,1592088545),(12,16826,2914,1592089445),(12,18672,1,1592020589),(12,18860,1,1592011922);
/*!40000 ALTER TABLE `character_achievement_progress` ENABLE KEYS */;
UNLOCK TABLES;

--
-- Table structure for table `character_action`
--

DROP TABLE IF EXISTS `character_action`;
/*!40101 SET @saved_cs_client     = @@character_set_client */;
/*!40101 SET character_set_client = utf8 */;
CREATE TABLE `character_action` (
  `guid` int(10) unsigned NOT NULL DEFAULT 0,
  `spec` tinyint(3) unsigned NOT NULL DEFAULT 0,
  `button` tinyint(3) unsigned NOT NULL DEFAULT 0,
  `action` int(10) unsigned NOT NULL DEFAULT 0,
  `type` tinyint(3) unsigned NOT NULL DEFAULT 0,
  PRIMARY KEY (`guid`,`spec`,`button`)
) ENGINE=InnoDB DEFAULT CHARSET=utf8;
/*!40101 SET character_set_client = @saved_cs_client */;

--
-- Dumping data for table `character_action`
--

LOCK TABLES `character_action` WRITE;
/*!40000 ALTER TABLE `character_action` DISABLE KEYS */;
INSERT INTO `character_action` VALUES (1,0,0,6603,0),(1,0,1,35395,0),(1,0,2,20271,0),(1,0,3,85256,0),(1,0,4,20154,0),(1,0,9,635,0),(1,0,10,85673,0),(1,0,11,20549,0),(1,0,50,2,64),(1,0,52,1,64),(1,0,54,465,0),(1,0,60,3273,0),(1,0,61,818,0),(1,0,62,3102,0),(1,0,63,7620,0),(1,0,64,2018,0),(1,0,65,2656,0),(2,0,1,133,0),(2,0,2,2136,0),(2,0,3,5143,0),(2,0,4,116,0),(2,0,5,122,0),(2,0,10,11366,0),(2,0,24,2139,0),(2,0,35,33702,0),(2,0,50,2,64),(2,0,52,1,64),(2,0,60,3273,0),(2,0,61,818,0),(2,0,62,2550,0),(2,0,63,7620,0),(2,0,64,3908,0),(2,0,65,7411,0),(2,0,66,13262,0),(3,0,0,6603,0),(3,0,1,403,0),(3,0,2,73899,0),(3,0,3,8042,0),(3,0,4,60103,0),(3,0,7,324,0),(3,0,9,331,0),(3,0,11,20594,0),(3,0,24,8075,0),(3,0,36,1,64),(3,0,38,2,64),(3,0,60,3274,0),(3,0,61,818,0),(3,0,62,3102,0),(3,0,64,2108,0),(3,0,72,403,0),(3,0,132,3599,0),(3,0,133,8075,0),(3,0,136,3599,0),(3,0,137,8075,0),(3,0,140,3599,0),(3,0,141,8075,0),(4,0,0,75,0),(4,0,1,3044,0),(4,0,2,56641,0),(4,0,5,5116,0),(4,0,11,19577,0),(4,0,23,982,0),(4,0,24,2973,0),(4,0,35,59752,0),(4,0,54,9,48),(4,0,60,3273,0),(4,0,61,818,0),(4,0,62,2550,0),(4,0,63,7620,0),(4,0,64,4036,0),(4,0,65,2656,0),(5,0,0,6603,0),(5,0,1,5176,0),(5,0,2,8921,0),(5,0,3,2912,0),(5,0,8,774,0),(5,0,9,8936,0),(5,0,10,50464,0),(5,0,11,339,0),(5,0,23,50769,0),(5,0,28,467,0),(5,0,35,26297,0),(5,0,50,2,64),(5,0,52,1,64),(5,0,56,768,0),(5,0,60,3274,0),(5,0,61,818,0),(5,0,62,2550,0),(5,0,64,2108,0),(5,0,72,6603,0),(5,0,73,33876,0),(5,0,75,1822,0),(5,0,76,22568,0),(5,0,83,5215,0),(5,0,84,6603,0),(5,0,96,6603,0),(5,0,97,33878,0),(6,0,0,6603,0),(6,0,1,1752,0),(6,0,4,2098,0),(6,0,9,13877,0),(6,0,10,5277,0),(6,0,11,1784,0),(6,0,24,2764,0),(6,0,35,20577,0),(6,0,50,2,64),(6,0,52,1,64),(6,0,60,3273,0),(6,0,61,818,0),(6,0,62,3102,0),(6,0,63,7620,0),(6,0,64,2259,0),(6,0,72,921,0),(6,0,73,1752,0),(6,0,74,8676,0),(6,0,79,6770,0),(6,0,83,1784,0),(7,0,0,6603,0),(7,0,1,45477,0),(7,0,2,45462,0),(7,0,3,45902,0),(7,0,4,55090,0),(7,0,5,47541,0),(7,0,6,49998,0),(7,0,12,48778,0),(7,0,24,49576,0),(7,0,25,48721,0),(7,0,26,50842,0),(7,0,27,47528,0),(7,0,28,45524,0),(7,0,33,46584,0),(7,0,35,20589,0),(7,0,50,2,64),(7,0,52,1,64),(7,0,71,50977,0),(7,0,72,6603,0),(7,0,83,117,128),(7,0,84,6603,0),(7,0,96,6603,0),(7,0,108,6603,0),(8,0,0,6603,0),(8,0,1,133,0),(8,0,2,44425,0),(8,0,3,5143,0),(8,0,4,2136,0),(8,0,5,122,0),(8,0,6,116,0),(8,0,24,2139,0),(8,0,35,58984,0),(8,0,50,2,64),(8,0,52,1,64),(8,0,60,3273,0),(8,0,61,818,0),(8,0,62,2550,0),(8,0,64,3909,0),(8,0,65,7411,0),(8,0,66,13262,0),(9,0,0,6603,0),(9,0,1,686,0),(9,0,2,348,0),(9,0,23,69070,0),(9,0,35,69041,0),(9,0,36,10,48),(9,0,50,2,64),(9,0,52,1,64),(10,0,24,3018,0),(10,0,35,69179,0),(10,0,50,2,64),(10,0,52,1,64),(10,0,60,3273,0),(10,0,61,818,0),(10,0,62,2550,0),(10,0,63,7620,0),(10,0,66,2656,0),(10,0,72,88163,0),(10,0,73,23881,0),(10,0,74,772,0),(10,0,75,34428,0),(10,0,76,6343,0),(10,0,80,100,0),(11,0,0,6603,0),(11,0,1,686,0),(11,0,2,348,0),(11,0,3,172,0),(11,0,4,30108,0),(11,0,8,689,0),(11,0,18,6201,0),(11,0,23,74434,0),(11,0,24,1120,0),(11,0,27,687,0),(11,0,33,1454,0),(11,0,35,68992,0),(11,0,36,10,48),(11,0,50,2,64),(11,0,52,1,64),(11,0,59,3,64),(11,0,60,3273,0),(11,0,61,818,0),(11,0,62,2550,0),(11,0,71,68996,0),(12,0,0,6603,0),(12,0,1,15407,0),(12,0,2,589,0),(12,0,3,8092,0),(12,0,7,17,0),(12,0,8,139,0),(12,0,9,2061,0),(12,0,23,585,0),(12,0,27,588,0),(12,0,35,59544,0),(12,0,50,2,64),(12,0,52,1,64),(12,0,60,3273,0),(12,0,61,818,0),(12,0,62,2550,0),(12,0,63,7620,0),(12,0,83,4540,128);
/*!40000 ALTER TABLE `character_action` ENABLE KEYS */;
UNLOCK TABLES;

--
-- Table structure for table `character_archaeology_completed`
--

DROP TABLE IF EXISTS `character_archaeology_completed`;
/*!40101 SET @saved_cs_client     = @@character_set_client */;
/*!40101 SET character_set_client = utf8 */;
CREATE TABLE `character_archaeology_completed` (
  `guid` int(10) unsigned NOT NULL,
  `project` smallint(5) unsigned NOT NULL,
  `time` int(10) NOT NULL,
  `count` int(10) NOT NULL,
  PRIMARY KEY (`guid`,`project`)
) ENGINE=InnoDB DEFAULT CHARSET=utf8;
/*!40101 SET character_set_client = @saved_cs_client */;

--
-- Dumping data for table `character_archaeology_completed`
--

LOCK TABLES `character_archaeology_completed` WRITE;
/*!40000 ALTER TABLE `character_archaeology_completed` DISABLE KEYS */;
/*!40000 ALTER TABLE `character_archaeology_completed` ENABLE KEYS */;
UNLOCK TABLES;

--
-- Table structure for table `character_archaeology_projects`
--

DROP TABLE IF EXISTS `character_archaeology_projects`;
/*!40101 SET @saved_cs_client     = @@character_set_client */;
/*!40101 SET character_set_client = utf8 */;
CREATE TABLE `character_archaeology_projects` (
  `guid` int(10) unsigned NOT NULL,
  `branch` tinyint(3) unsigned NOT NULL,
  `project` mediumint(8) unsigned NOT NULL,
  PRIMARY KEY (`guid`,`branch`)
) ENGINE=InnoDB DEFAULT CHARSET=latin1;
/*!40101 SET character_set_client = @saved_cs_client */;

--
-- Dumping data for table `character_archaeology_projects`
--

LOCK TABLES `character_archaeology_projects` WRITE;
/*!40000 ALTER TABLE `character_archaeology_projects` DISABLE KEYS */;
/*!40000 ALTER TABLE `character_archaeology_projects` ENABLE KEYS */;
UNLOCK TABLES;

--
-- Table structure for table `character_archaeology_sites`
--

DROP TABLE IF EXISTS `character_archaeology_sites`;
/*!40101 SET @saved_cs_client     = @@character_set_client */;
/*!40101 SET character_set_client = utf8 */;
CREATE TABLE `character_archaeology_sites` (
  `guid` int(10) unsigned NOT NULL,
  `site` tinyint(3) unsigned NOT NULL,
  `type` smallint(5) unsigned NOT NULL,
  `finds` tinyint(3) unsigned NOT NULL,
  PRIMARY KEY (`guid`,`site`)
) ENGINE=InnoDB DEFAULT CHARSET=utf8;
/*!40101 SET character_set_client = @saved_cs_client */;

--
-- Dumping data for table `character_archaeology_sites`
--

LOCK TABLES `character_archaeology_sites` WRITE;
/*!40000 ALTER TABLE `character_archaeology_sites` DISABLE KEYS */;
/*!40000 ALTER TABLE `character_archaeology_sites` ENABLE KEYS */;
UNLOCK TABLES;

--
-- Table structure for table `character_arena_stats`
--

DROP TABLE IF EXISTS `character_arena_stats`;
/*!40101 SET @saved_cs_client     = @@character_set_client */;
/*!40101 SET character_set_client = utf8 */;
CREATE TABLE `character_arena_stats` (
  `guid` int(10) unsigned NOT NULL DEFAULT 0,
  `slot` tinyint(3) unsigned NOT NULL DEFAULT 0,
  `matchMakerRating` smallint(5) unsigned NOT NULL DEFAULT 0,
  PRIMARY KEY (`guid`,`slot`)
) ENGINE=InnoDB DEFAULT CHARSET=utf8;
/*!40101 SET character_set_client = @saved_cs_client */;

--
-- Dumping data for table `character_arena_stats`
--

LOCK TABLES `character_arena_stats` WRITE;
/*!40000 ALTER TABLE `character_arena_stats` DISABLE KEYS */;
/*!40000 ALTER TABLE `character_arena_stats` ENABLE KEYS */;
UNLOCK TABLES;

--
-- Table structure for table `character_aura`
--

DROP TABLE IF EXISTS `character_aura`;
/*!40101 SET @saved_cs_client     = @@character_set_client */;
/*!40101 SET character_set_client = utf8 */;
CREATE TABLE `character_aura` (
  `guid` int(10) unsigned NOT NULL DEFAULT 0 COMMENT 'Global Unique Identifier',
  `casterGuid` bigint(20) unsigned NOT NULL DEFAULT 0 COMMENT 'Full Global Unique Identifier',
  `spell` mediumint(8) unsigned NOT NULL DEFAULT 0,
  `effectMask` tinyint(3) unsigned NOT NULL DEFAULT 0,
  `recalculateMask` tinyint(3) unsigned NOT NULL DEFAULT 0,
  `stackCount` tinyint(3) unsigned NOT NULL DEFAULT 1,
  `amount0` int(11) NOT NULL DEFAULT 0,
  `amount1` int(11) NOT NULL DEFAULT 0,
  `amount2` int(11) NOT NULL DEFAULT 0,
  `base_amount0` int(11) NOT NULL DEFAULT 0,
  `base_amount1` int(11) NOT NULL DEFAULT 0,
  `base_amount2` int(11) NOT NULL DEFAULT 0,
  `maxDuration` int(11) NOT NULL DEFAULT 0,
  `remainTime` int(11) NOT NULL DEFAULT 0,
  `remainCharges` tinyint(3) unsigned NOT NULL DEFAULT 0,
  PRIMARY KEY (`guid`,`casterGuid`,`spell`,`effectMask`)
) ENGINE=InnoDB DEFAULT CHARSET=utf8 COMMENT='Player System';
/*!40101 SET character_set_client = @saved_cs_client */;

--
-- Dumping data for table `character_aura`
--

LOCK TABLES `character_aura` WRITE;
/*!40000 ALTER TABLE `character_aura` DISABLE KEYS */;
INSERT INTO `character_aura` VALUES (6,6,2383,1,1,1,0,0,0,0,0,0,-1,-1,0),(6,6,3219,1,1,1,2,0,0,2,0,0,3600000,1930966,0),(7,7,48266,7,7,1,10,10,10,10,10,10,-1,-1,0),(7,7,63622,1,1,1,15,0,0,15,0,0,-1,-1,0),(9,9,66985,7,7,1,0,0,0,0,0,0,-1,-1,0),(9,9,91847,1,1,1,0,0,0,0,0,0,-1,-1,0),(9,17379539963028181998,74973,1,1,1,6,0,0,3,0,0,1800000,957728,0),(10,10,2457,1,1,1,0,0,0,0,0,0,-1,-1,0),(10,10,2580,1,1,1,0,0,0,0,0,0,-1,-1,0),(10,10,8112,1,1,1,3,0,0,3,0,0,1800000,140949,0),(11,11,97709,1,1,3,0,0,0,0,0,0,-1,-1,0),(11,11,98274,1,1,1,0,0,0,0,0,0,-1,-1,0),(12,12,588,7,7,1,60,9,9,60,0,0,-1,-1,0);
/*!40000 ALTER TABLE `character_aura` ENABLE KEYS */;
UNLOCK TABLES;

--
-- Table structure for table `character_banned`
--

DROP TABLE IF EXISTS `character_banned`;
/*!40101 SET @saved_cs_client     = @@character_set_client */;
/*!40101 SET character_set_client = utf8 */;
CREATE TABLE `character_banned` (
  `guid` int(10) unsigned NOT NULL DEFAULT 0 COMMENT 'Global Unique Identifier',
  `bandate` int(10) unsigned NOT NULL DEFAULT 0,
  `unbandate` int(10) unsigned NOT NULL DEFAULT 0,
  `bannedby` varchar(50) NOT NULL,
  `banreason` varchar(255) NOT NULL,
  `active` tinyint(3) unsigned NOT NULL DEFAULT 1,
  PRIMARY KEY (`guid`,`bandate`)
) ENGINE=InnoDB DEFAULT CHARSET=utf8 COMMENT='Ban List';
/*!40101 SET character_set_client = @saved_cs_client */;

--
-- Dumping data for table `character_banned`
--

LOCK TABLES `character_banned` WRITE;
/*!40000 ALTER TABLE `character_banned` DISABLE KEYS */;
/*!40000 ALTER TABLE `character_banned` ENABLE KEYS */;
UNLOCK TABLES;

--
-- Table structure for table `character_battleground_data`
--

DROP TABLE IF EXISTS `character_battleground_data`;
/*!40101 SET @saved_cs_client     = @@character_set_client */;
/*!40101 SET character_set_client = utf8 */;
CREATE TABLE `character_battleground_data` (
  `guid` int(10) unsigned NOT NULL DEFAULT 0 COMMENT 'Global Unique Identifier',
  `instanceId` int(10) unsigned NOT NULL COMMENT 'Instance Identifier',
  `team` smallint(5) unsigned NOT NULL,
  `joinX` float NOT NULL DEFAULT 0,
  `joinY` float NOT NULL DEFAULT 0,
  `joinZ` float NOT NULL DEFAULT 0,
  `joinO` float NOT NULL DEFAULT 0,
  `joinMapId` smallint(5) unsigned NOT NULL DEFAULT 0 COMMENT 'Map Identifier',
  `taxiStart` int(10) unsigned NOT NULL DEFAULT 0,
  `taxiEnd` int(10) unsigned NOT NULL DEFAULT 0,
  `mountSpell` mediumint(8) unsigned NOT NULL DEFAULT 0,
  PRIMARY KEY (`guid`)
) ENGINE=InnoDB DEFAULT CHARSET=utf8 COMMENT='Player System';
/*!40101 SET character_set_client = @saved_cs_client */;

--
-- Dumping data for table `character_battleground_data`
--

LOCK TABLES `character_battleground_data` WRITE;
/*!40000 ALTER TABLE `character_battleground_data` DISABLE KEYS */;
INSERT INTO `character_battleground_data` VALUES (1,0,0,0,0,0,0,65535,0,0,0),(2,0,0,0,0,0,0,65535,0,0,0),(3,0,0,0,0,0,0,65535,0,0,0),(4,0,0,0,0,0,0,65535,0,0,0),(5,0,0,0,0,0,0,65535,0,0,0),(6,0,0,0,0,0,0,65535,0,0,0),(7,0,0,0,0,0,0,65535,0,0,0),(8,0,0,0,0,0,0,65535,0,0,0),(9,0,0,0,0,0,0,65535,0,0,0),(10,0,0,0,0,0,0,65535,0,0,0),(11,0,0,0,0,0,0,65535,0,0,0),(12,0,0,0,0,0,0,65535,0,0,0);
/*!40000 ALTER TABLE `character_battleground_data` ENABLE KEYS */;
UNLOCK TABLES;

--
-- Table structure for table `character_battleground_random`
--

DROP TABLE IF EXISTS `character_battleground_random`;
/*!40101 SET @saved_cs_client     = @@character_set_client */;
/*!40101 SET character_set_client = utf8 */;
CREATE TABLE `character_battleground_random` (
  `guid` int(10) unsigned NOT NULL DEFAULT 0,
  PRIMARY KEY (`guid`)
) ENGINE=InnoDB DEFAULT CHARSET=utf8;
/*!40101 SET character_set_client = @saved_cs_client */;

--
-- Dumping data for table `character_battleground_random`
--

LOCK TABLES `character_battleground_random` WRITE;
/*!40000 ALTER TABLE `character_battleground_random` DISABLE KEYS */;
/*!40000 ALTER TABLE `character_battleground_random` ENABLE KEYS */;
UNLOCK TABLES;

--
-- Table structure for table `character_cuf_profiles`
--

DROP TABLE IF EXISTS `character_cuf_profiles`;
/*!40101 SET @saved_cs_client     = @@character_set_client */;
/*!40101 SET character_set_client = utf8 */;
CREATE TABLE `character_cuf_profiles` (
  `guid` int(10) unsigned NOT NULL COMMENT 'Character Guid',
  `id` tinyint(3) unsigned NOT NULL COMMENT 'Profile Id (0-4)',
  `name` varchar(12) NOT NULL COMMENT 'Profile Name',
  `frameHeight` smallint(5) unsigned NOT NULL DEFAULT 0 COMMENT 'Profile Frame Height',
  `frameWidth` smallint(5) unsigned NOT NULL DEFAULT 0 COMMENT 'Profile Frame Width',
  `sortBy` tinyint(3) unsigned NOT NULL DEFAULT 0 COMMENT 'Frame Sort By',
  `healthText` tinyint(3) unsigned NOT NULL DEFAULT 0 COMMENT 'Frame Health Text',
  `boolOptions` int(10) unsigned NOT NULL DEFAULT 0 COMMENT 'Many Configurable Bool Options',
  `unk146` tinyint(3) unsigned NOT NULL DEFAULT 0 COMMENT 'Profile Unk Int8',
  `unk147` tinyint(3) unsigned NOT NULL DEFAULT 0 COMMENT 'Profile Unk Int8',
  `unk148` tinyint(3) unsigned NOT NULL DEFAULT 0 COMMENT 'Profile Unk Int8',
  `unk150` smallint(5) unsigned NOT NULL DEFAULT 0 COMMENT 'Profile Unk Int16',
  `unk152` smallint(5) unsigned NOT NULL DEFAULT 0 COMMENT 'Profile Unk Int16',
  `unk154` smallint(5) unsigned NOT NULL DEFAULT 0 COMMENT 'Profile Unk Int16',
  PRIMARY KEY (`guid`,`id`),
  KEY `index` (`id`)
) ENGINE=InnoDB DEFAULT CHARSET=utf8;
/*!40101 SET character_set_client = @saved_cs_client */;

--
-- Dumping data for table `character_cuf_profiles`
--

LOCK TABLES `character_cuf_profiles` WRITE;
/*!40000 ALTER TABLE `character_cuf_profiles` DISABLE KEYS */;
INSERT INTO `character_cuf_profiles` VALUES (1,0,'Primary',36,72,0,0,117441180,0,0,0,0,0,0),(2,0,'Primary',36,72,0,0,117441180,0,0,0,0,0,0),(3,0,'Primary',36,72,0,0,117441180,0,0,0,0,0,0),(4,0,'Primary',36,72,0,0,117441180,0,0,0,0,0,0),(5,0,'Primary',36,72,0,0,117441180,0,0,0,0,0,0),(6,0,'Primary',36,72,0,0,117441180,0,0,0,0,0,0),(7,0,'Primary',36,72,0,0,117441180,0,0,0,0,0,0),(8,0,'Primary',36,72,0,0,117441180,0,0,0,0,0,0),(9,0,'Primary',36,72,0,0,117441180,0,0,0,0,0,0),(10,0,'Primary',36,72,0,0,117441180,0,0,0,0,0,0),(11,0,'Primary',36,72,0,0,117441180,0,0,0,0,0,0),(12,0,'Primary',36,72,0,0,117441180,0,0,0,0,0,0);
/*!40000 ALTER TABLE `character_cuf_profiles` ENABLE KEYS */;
UNLOCK TABLES;

--
-- Table structure for table `character_currency`
--

DROP TABLE IF EXISTS `character_currency`;
/*!40101 SET @saved_cs_client     = @@character_set_client */;
/*!40101 SET character_set_client = utf8 */;
CREATE TABLE `character_currency` (
  `CharacterGuid` int(10) unsigned NOT NULL,
  `Currency` smallint(5) unsigned NOT NULL,
  `Quantity` int(10) unsigned NOT NULL,
  `WeeklyQuantity` int(10) unsigned NOT NULL,
  `TrackedQuantity` int(10) unsigned NOT NULL,
  `Flags` tinyint(2) unsigned NOT NULL,
  PRIMARY KEY (`CharacterGuid`,`Currency`)
) ENGINE=InnoDB DEFAULT CHARSET=utf8;
/*!40101 SET character_set_client = @saved_cs_client */;

--
-- Dumping data for table `character_currency`
--

LOCK TABLES `character_currency` WRITE;
/*!40000 ALTER TABLE `character_currency` DISABLE KEYS */;
INSERT INTO `character_currency` VALUES (1,390,0,0,0,0),(1,392,0,0,0,0),(1,395,0,0,0,0),(2,390,0,0,0,0),(2,392,0,0,0,0),(2,395,0,0,0,0),(3,390,0,0,0,0),(3,392,0,0,0,0),(3,395,0,0,0,0),(4,390,0,0,0,0),(4,392,0,0,0,0),(4,395,0,0,0,0),(5,390,0,0,0,0),(5,392,0,0,0,0),(5,395,0,0,0,0),(6,390,0,0,0,0),(6,392,0,0,0,0),(6,395,0,0,0,0),(7,390,0,0,0,0),(7,392,0,0,0,0),(7,395,0,0,0,0),(8,390,0,0,0,0),(8,392,0,0,0,0),(8,395,0,0,0,0),(9,390,0,0,0,0),(9,392,0,0,0,0),(9,395,0,0,0,0),(10,390,0,0,0,0),(10,392,0,0,0,0),(10,395,0,0,0,0),(11,390,0,0,0,0),(11,392,0,0,0,0),(11,395,0,0,0,0),(12,390,0,0,0,0),(12,392,0,0,0,0),(12,395,0,0,0,0);
/*!40000 ALTER TABLE `character_currency` ENABLE KEYS */;
UNLOCK TABLES;

--
-- Table structure for table `character_declinedname`
--

DROP TABLE IF EXISTS `character_declinedname`;
/*!40101 SET @saved_cs_client     = @@character_set_client */;
/*!40101 SET character_set_client = utf8 */;
CREATE TABLE `character_declinedname` (
  `guid` int(10) unsigned NOT NULL DEFAULT 0 COMMENT 'Global Unique Identifier',
  `genitive` varchar(15) NOT NULL DEFAULT '',
  `dative` varchar(15) NOT NULL DEFAULT '',
  `accusative` varchar(15) NOT NULL DEFAULT '',
  `instrumental` varchar(15) NOT NULL DEFAULT '',
  `prepositional` varchar(15) NOT NULL DEFAULT '',
  PRIMARY KEY (`guid`)
) ENGINE=InnoDB DEFAULT CHARSET=utf8;
/*!40101 SET character_set_client = @saved_cs_client */;

--
-- Dumping data for table `character_declinedname`
--

LOCK TABLES `character_declinedname` WRITE;
/*!40000 ALTER TABLE `character_declinedname` DISABLE KEYS */;
/*!40000 ALTER TABLE `character_declinedname` ENABLE KEYS */;
UNLOCK TABLES;

--
-- Table structure for table `character_equipmentsets`
--

DROP TABLE IF EXISTS `character_equipmentsets`;
/*!40101 SET @saved_cs_client     = @@character_set_client */;
/*!40101 SET character_set_client = utf8 */;
CREATE TABLE `character_equipmentsets` (
  `guid` int(10) unsigned NOT NULL DEFAULT 0,
  `setguid` bigint(20) unsigned NOT NULL AUTO_INCREMENT,
  `setindex` tinyint(3) unsigned NOT NULL DEFAULT 0,
  `name` varchar(31) NOT NULL,
  `iconname` varchar(100) NOT NULL,
  `ignore_mask` int(11) unsigned NOT NULL DEFAULT 0,
  `item0` int(11) unsigned NOT NULL DEFAULT 0,
  `item1` int(11) unsigned NOT NULL DEFAULT 0,
  `item2` int(11) unsigned NOT NULL DEFAULT 0,
  `item3` int(11) unsigned NOT NULL DEFAULT 0,
  `item4` int(11) unsigned NOT NULL DEFAULT 0,
  `item5` int(11) unsigned NOT NULL DEFAULT 0,
  `item6` int(11) unsigned NOT NULL DEFAULT 0,
  `item7` int(11) unsigned NOT NULL DEFAULT 0,
  `item8` int(11) unsigned NOT NULL DEFAULT 0,
  `item9` int(11) unsigned NOT NULL DEFAULT 0,
  `item10` int(11) unsigned NOT NULL DEFAULT 0,
  `item11` int(11) unsigned NOT NULL DEFAULT 0,
  `item12` int(11) unsigned NOT NULL DEFAULT 0,
  `item13` int(11) unsigned NOT NULL DEFAULT 0,
  `item14` int(11) unsigned NOT NULL DEFAULT 0,
  `item15` int(11) unsigned NOT NULL DEFAULT 0,
  `item16` int(11) unsigned NOT NULL DEFAULT 0,
  `item17` int(11) unsigned NOT NULL DEFAULT 0,
  `item18` int(11) unsigned NOT NULL DEFAULT 0,
  PRIMARY KEY (`setguid`),
  UNIQUE KEY `idx_set` (`guid`,`setguid`,`setindex`),
  KEY `Idx_setindex` (`setindex`)
) ENGINE=InnoDB DEFAULT CHARSET=utf8;
/*!40101 SET character_set_client = @saved_cs_client */;

--
-- Dumping data for table `character_equipmentsets`
--

LOCK TABLES `character_equipmentsets` WRITE;
/*!40000 ALTER TABLE `character_equipmentsets` DISABLE KEYS */;
/*!40000 ALTER TABLE `character_equipmentsets` ENABLE KEYS */;
UNLOCK TABLES;

--
-- Table structure for table `character_fishingsteps`
--

DROP TABLE IF EXISTS `character_fishingsteps`;
/*!40101 SET @saved_cs_client     = @@character_set_client */;
/*!40101 SET character_set_client = utf8 */;
CREATE TABLE `character_fishingsteps` (
  `guid` int(10) unsigned NOT NULL DEFAULT 0 COMMENT 'Global Unique Identifier',
  `fishingSteps` tinyint(3) unsigned NOT NULL DEFAULT 0,
  PRIMARY KEY (`guid`)
) ENGINE=InnoDB DEFAULT CHARSET=utf8;
/*!40101 SET character_set_client = @saved_cs_client */;

--
-- Dumping data for table `character_fishingsteps`
--

LOCK TABLES `character_fishingsteps` WRITE;
/*!40000 ALTER TABLE `character_fishingsteps` DISABLE KEYS */;
/*!40000 ALTER TABLE `character_fishingsteps` ENABLE KEYS */;
UNLOCK TABLES;

--
-- Table structure for table `character_gifts`
--

DROP TABLE IF EXISTS `character_gifts`;
/*!40101 SET @saved_cs_client     = @@character_set_client */;
/*!40101 SET character_set_client = utf8 */;
CREATE TABLE `character_gifts` (
  `guid` int(10) unsigned NOT NULL DEFAULT 0,
  `item_guid` int(10) unsigned NOT NULL DEFAULT 0,
  `entry` int(10) unsigned NOT NULL DEFAULT 0,
  `flags` int(10) unsigned NOT NULL DEFAULT 0,
  PRIMARY KEY (`item_guid`),
  KEY `idx_guid` (`guid`)
) ENGINE=InnoDB DEFAULT CHARSET=utf8;
/*!40101 SET character_set_client = @saved_cs_client */;

--
-- Dumping data for table `character_gifts`
--

LOCK TABLES `character_gifts` WRITE;
/*!40000 ALTER TABLE `character_gifts` DISABLE KEYS */;
/*!40000 ALTER TABLE `character_gifts` ENABLE KEYS */;
UNLOCK TABLES;

--
-- Table structure for table `character_glyphs`
--

DROP TABLE IF EXISTS `character_glyphs`;
/*!40101 SET @saved_cs_client     = @@character_set_client */;
/*!40101 SET character_set_client = utf8 */;
CREATE TABLE `character_glyphs` (
  `guid` int(10) unsigned NOT NULL,
  `talentGroup` tinyint(3) unsigned NOT NULL DEFAULT 0,
  `glyph1` smallint(5) unsigned DEFAULT 0,
  `glyph2` smallint(5) unsigned DEFAULT 0,
  `glyph3` smallint(5) unsigned DEFAULT 0,
  `glyph4` smallint(5) unsigned DEFAULT 0,
  `glyph5` smallint(5) unsigned DEFAULT 0,
  `glyph6` smallint(5) unsigned DEFAULT 0,
  `glyph7` smallint(5) unsigned DEFAULT 0,
  `glyph8` smallint(5) unsigned DEFAULT 0,
  `glyph9` smallint(5) unsigned DEFAULT 0,
  PRIMARY KEY (`guid`,`talentGroup`)
) ENGINE=InnoDB DEFAULT CHARSET=utf8;
/*!40101 SET character_set_client = @saved_cs_client */;

--
-- Dumping data for table `character_glyphs`
--

LOCK TABLES `character_glyphs` WRITE;
/*!40000 ALTER TABLE `character_glyphs` DISABLE KEYS */;
INSERT INTO `character_glyphs` VALUES (1,0,0,0,0,0,0,0,0,0,0),(2,0,0,0,0,0,0,0,0,0,0),(3,0,0,0,0,0,0,0,0,0,0),(4,0,0,0,0,0,0,0,0,0,0),(5,0,0,0,0,0,0,0,0,0,0),(6,0,0,0,0,0,0,0,0,0,0),(7,0,0,0,0,0,0,0,0,0,0),(8,0,0,0,0,0,0,0,0,0,0),(9,0,0,0,0,0,0,0,0,0,0),(10,0,0,0,0,0,0,0,0,0,0),(11,0,0,0,0,0,0,0,0,0,0),(12,0,0,0,0,0,0,0,0,0,0);
/*!40000 ALTER TABLE `character_glyphs` ENABLE KEYS */;
UNLOCK TABLES;

--
-- Table structure for table `character_homebind`
--

DROP TABLE IF EXISTS `character_homebind`;
/*!40101 SET @saved_cs_client     = @@character_set_client */;
/*!40101 SET character_set_client = utf8 */;
CREATE TABLE `character_homebind` (
  `guid` int(10) unsigned NOT NULL DEFAULT 0 COMMENT 'Global Unique Identifier',
  `mapId` smallint(5) unsigned NOT NULL DEFAULT 0 COMMENT 'Map Identifier',
  `zoneId` smallint(5) unsigned NOT NULL DEFAULT 0 COMMENT 'Zone Identifier',
  `posX` float NOT NULL DEFAULT 0,
  `posY` float NOT NULL DEFAULT 0,
  `posZ` float NOT NULL DEFAULT 0,
  PRIMARY KEY (`guid`)
) ENGINE=InnoDB DEFAULT CHARSET=utf8 COMMENT='Player System';
/*!40101 SET character_set_client = @saved_cs_client */;

--
-- Dumping data for table `character_homebind`
--

LOCK TABLES `character_homebind` WRITE;
/*!40000 ALTER TABLE `character_homebind` DISABLE KEYS */;
INSERT INTO `character_homebind` VALUES (1,1,222,-2360.55,-348.575,-8.95705),(2,1,12,-618.518,-4251.67,38.718),(3,0,1,-6240.32,331.033,382.758),(4,0,9,-8914.57,-133.909,80.5378),(5,1,5691,-1171.45,-5263.65,0.847728),(6,0,5692,1699.85,1706.56,135.928),(7,0,4342,2359.64,-5662.41,382.261),(8,1,141,10311.3,832.463,1326.41),(9,648,4765,-8423.81,1361.3,104.671),(10,530,3431,10349.6,-6357.29,33.4026),(11,65535,5687,-1288.23,2101.57,5.13565),(12,530,3526,-3961.64,-13931.2,100.615);
/*!40000 ALTER TABLE `character_homebind` ENABLE KEYS */;
UNLOCK TABLES;

--
-- Table structure for table `character_instance`
--

DROP TABLE IF EXISTS `character_instance`;
/*!40101 SET @saved_cs_client     = @@character_set_client */;
/*!40101 SET character_set_client = utf8 */;
CREATE TABLE `character_instance` (
  `guid` int(10) unsigned NOT NULL DEFAULT 0,
  `instance` int(10) unsigned NOT NULL DEFAULT 0,
  `permanent` tinyint(3) unsigned NOT NULL DEFAULT 0,
  `extendState` tinyint(2) unsigned NOT NULL DEFAULT 1,
  PRIMARY KEY (`guid`,`instance`),
  KEY `instance` (`instance`)
) ENGINE=InnoDB DEFAULT CHARSET=utf8;
/*!40101 SET character_set_client = @saved_cs_client */;

--
-- Dumping data for table `character_instance`
--

LOCK TABLES `character_instance` WRITE;
/*!40000 ALTER TABLE `character_instance` DISABLE KEYS */;
/*!40000 ALTER TABLE `character_instance` ENABLE KEYS */;
UNLOCK TABLES;

--
-- Table structure for table `character_inventory`
--

DROP TABLE IF EXISTS `character_inventory`;
/*!40101 SET @saved_cs_client     = @@character_set_client */;
/*!40101 SET character_set_client = utf8 */;
CREATE TABLE `character_inventory` (
  `guid` int(10) unsigned NOT NULL DEFAULT 0 COMMENT 'Global Unique Identifier',
  `bag` int(10) unsigned NOT NULL DEFAULT 0,
  `slot` tinyint(3) unsigned NOT NULL DEFAULT 0,
  `item` int(10) unsigned NOT NULL DEFAULT 0 COMMENT 'Item Global Unique Identifier',
  PRIMARY KEY (`item`),
  UNIQUE KEY `guid` (`guid`,`bag`,`slot`),
  KEY `idx_guid` (`guid`)
) ENGINE=InnoDB DEFAULT CHARSET=utf8 COMMENT='Player System';
/*!40101 SET character_set_client = @saved_cs_client */;

--
-- Dumping data for table `character_inventory`
--

LOCK TABLES `character_inventory` WRITE;
/*!40000 ALTER TABLE `character_inventory` DISABLE KEYS */;
INSERT INTO `character_inventory` VALUES (1,0,4,18),(1,0,5,29),(1,0,6,16),(1,0,7,19),(1,0,8,10),(1,0,9,7),(1,0,14,14),(1,0,15,22),(1,0,19,23),(1,0,20,3),(1,0,21,4),(1,0,22,5),(1,0,23,1),(1,0,26,21),(1,0,32,28),(1,0,33,26),(1,0,34,27),(1,3,0,13),(1,3,1,17),(1,3,4,24),(1,3,5,2),(1,4,4,11),(1,4,5,6),(1,5,0,9),(1,5,1,8),(1,5,2,15),(1,5,3,25),(1,5,5,12),(1,23,3,20),(2,0,4,48),(2,0,5,58),(2,0,6,38),(2,0,7,59),(2,0,8,32),(2,0,9,57),(2,0,14,50),(2,0,15,55),(2,0,19,49),(2,0,20,36),(2,0,21,37),(2,0,22,33),(2,0,23,30),(2,0,24,53),(2,0,25,31),(2,0,26,47),(2,0,27,34),(2,0,28,42),(2,0,29,44),(2,0,30,45),(2,0,31,46),(2,0,32,51),(2,0,35,52),(2,0,38,56),(2,33,4,43),(2,33,5,54),(2,36,1,39),(2,37,0,41),(2,37,1,40),(2,37,4,60),(2,37,5,35),(3,0,4,80),(3,0,5,73),(3,0,6,75),(3,0,7,77),(3,0,8,79),(3,0,9,65),(3,0,14,69),(3,0,15,82),(3,0,16,64),(3,0,19,76),(3,0,23,61),(3,0,24,67),(3,0,25,68),(3,0,26,62),(3,0,27,74),(3,0,28,66),(3,0,30,71),(3,76,2,63),(3,76,3,78),(4,0,3,106),(4,0,4,116),(4,0,5,107),(4,0,6,100),(4,0,7,113),(4,0,8,103),(4,0,9,105),(4,0,14,85),(4,0,15,86),(4,0,17,101),(4,0,19,84),(4,0,20,104),(4,0,23,83),(4,0,24,91),(4,0,25,87),(4,0,26,89),(4,0,27,102),(4,0,28,92),(4,0,29,114),(4,0,30,96),(4,0,31,112),(4,0,34,109),(4,0,35,115),(4,0,37,110),(4,84,0,90),(4,84,1,94),(4,84,3,111),(4,84,5,88),(4,104,0,95),(4,104,1,93),(4,104,2,99),(4,104,3,97),(4,104,4,98),(4,104,7,108),(5,0,4,123),(5,0,5,127),(5,0,6,124),(5,0,7,133),(5,0,8,130),(5,0,9,131),(5,0,14,125),(5,0,15,128),(5,0,19,119),(5,0,20,126),(5,0,23,117),(5,0,24,118),(5,0,25,122),(5,0,26,129),(5,126,0,120),(5,126,2,134),(5,126,3,121),(5,126,4,132),(6,0,4,542),(6,0,5,563),(6,0,6,481),(6,0,7,635),(6,0,8,612),(6,0,9,300),(6,0,14,675),(6,0,15,726),(6,0,16,271),(6,0,17,724),(6,0,19,299),(6,0,20,725),(6,0,23,141),(6,0,24,631),(6,0,25,731),(6,0,26,448),(6,0,27,491),(6,0,30,663),(6,299,0,660),(6,299,1,570),(6,299,4,686),(6,299,5,461),(7,0,0,997),(7,0,1,741),(7,0,2,995),(7,0,4,964),(7,0,5,968),(7,0,6,819),(7,0,7,971),(7,0,8,817),(7,0,9,962),(7,0,10,793),(7,0,11,994),(7,0,12,967),(7,0,13,812),(7,0,14,792),(7,0,15,998),(7,0,17,798),(7,0,19,153),(7,0,20,154),(7,0,21,155),(7,0,22,156),(7,0,23,158),(7,0,25,743),(7,0,26,749),(7,0,30,845),(7,0,32,895),(7,0,33,868),(7,0,39,142),(7,0,40,144),(7,0,41,143),(7,0,42,145),(7,0,43,146),(7,0,44,147),(7,0,45,148),(7,0,46,149),(7,0,47,150),(7,0,48,794),(7,0,49,739),(7,154,2,975),(7,154,3,797),(8,0,4,1198),(8,0,5,1245),(8,0,6,1277),(8,0,7,1089),(8,0,8,1257),(8,0,9,1411),(8,0,14,1248),(8,0,15,1050),(8,0,19,1025),(8,0,20,1071),(8,0,21,1212),(8,0,22,1260),(8,0,23,163),(8,0,24,1335),(8,0,37,1134),(8,0,38,1151),(8,1071,2,1183),(8,1071,5,1090),(8,1212,4,1127),(8,1212,5,1338),(8,1260,2,1421),(8,1260,3,1427),(9,0,4,1451),(9,0,5,1457),(9,0,6,1444),(9,0,7,1440),(9,0,8,1468),(9,0,15,167),(9,0,19,1466),(9,0,23,168),(9,0,24,1436),(9,0,25,1460),(9,0,26,1467),(10,0,4,1890),(10,0,5,2057),(10,0,6,1841),(10,0,7,2005),(10,0,8,1932),(10,0,9,1939),(10,0,14,2002),(10,0,15,2019),(10,0,16,2032),(10,0,17,2022),(10,0,19,1695),(10,0,20,1940),(10,0,23,173),(10,0,24,1764),(10,0,25,1817),(10,0,26,1856),(10,0,27,2094),(10,0,30,2058),(10,1695,0,2011),(10,1940,2,2096),(10,1940,3,2000),(11,0,0,1608),(11,0,4,1591),(11,0,5,1659),(11,0,6,1590),(11,0,7,1562),(11,0,8,1527),(11,0,9,1620),(11,0,14,1661),(11,0,15,1686),(11,0,17,1504),(11,0,19,1479),(11,0,20,1486),(11,0,23,178),(11,0,24,1474),(11,0,25,1471),(11,0,26,1476),(11,0,27,1530),(11,0,28,1519),(11,0,29,1571),(11,0,30,1609),(11,0,31,1663),(11,0,32,1664),(11,0,33,1680),(11,0,34,1668),(11,0,35,1673),(11,0,36,1599),(11,0,37,1675),(11,0,38,1553),(11,1479,0,1681),(11,1479,1,1682),(11,1479,2,1650),(11,1479,3,1684),(11,1479,4,1637),(11,1479,5,1606),(11,1486,3,1632),(11,1486,5,1645),(12,0,4,2469),(12,0,5,2468),(12,0,6,2152),(12,0,7,2488),(12,0,8,2367),(12,0,9,2411),(12,0,14,2410),(12,0,15,2391),(12,0,17,2430),(12,0,19,2123),(12,0,23,182),(12,0,24,2150),(12,0,25,2153),(12,0,26,2154),(12,2123,0,2172);
/*!40000 ALTER TABLE `character_inventory` ENABLE KEYS */;
UNLOCK TABLES;

--
-- Table structure for table `character_pet`
--

DROP TABLE IF EXISTS `character_pet`;
/*!40101 SET @saved_cs_client     = @@character_set_client */;
/*!40101 SET character_set_client = utf8 */;
CREATE TABLE `character_pet` (
  `id` int(10) unsigned NOT NULL DEFAULT 0,
  `entry` int(10) unsigned NOT NULL DEFAULT 0,
  `owner` int(10) unsigned NOT NULL DEFAULT 0,
  `modelid` int(10) unsigned DEFAULT 0,
  `CreatedBySpell` mediumint(8) unsigned NOT NULL DEFAULT 0,
  `PetType` tinyint(3) unsigned NOT NULL DEFAULT 0,
  `level` smallint(5) unsigned NOT NULL DEFAULT 1,
  `exp` int(10) unsigned NOT NULL DEFAULT 0,
  `Reactstate` tinyint(3) unsigned NOT NULL DEFAULT 0,
  `name` varchar(21) NOT NULL DEFAULT 'Pet',
  `renamed` tinyint(3) unsigned NOT NULL DEFAULT 0,
  `active` tinyint(3) unsigned NOT NULL DEFAULT 0,
  `slot` tinyint(3) unsigned NOT NULL DEFAULT 0,
  `curhealth` int(10) unsigned NOT NULL DEFAULT 1,
  `curmana` int(10) unsigned NOT NULL DEFAULT 0,
  `savetime` int(10) unsigned NOT NULL DEFAULT 0,
  `abdata` text DEFAULT NULL,
  PRIMARY KEY (`id`),
  KEY `owner` (`owner`),
  KEY `idx_slot` (`slot`)
) ENGINE=InnoDB DEFAULT CHARSET=utf8 COMMENT='Pet System';
/*!40101 SET character_set_client = @saved_cs_client */;

--
-- Dumping data for table `character_pet`
--

LOCK TABLES `character_pet` WRITE;
/*!40000 ALTER TABLE `character_pet` DISABLE KEYS */;
INSERT INTO `character_pet` VALUES (1,42717,4,903,883,1,11,0,1,'Bitey',1,1,0,351,0,1591894782,'7 2 7 1 7 0 193 2649 193 17253 1 0 1 0 6 2 6 1 6 0 '),(2,26125,7,24993,52150,0,58,0,3,'Tombstealer',1,0,0,0,0,1591669567,'7 2 7 1 7 4 193 47482 193 47468 193 47481 1 47484 6 3 6 1 6 0 '),(3,416,9,4449,688,0,5,0,3,'Pippit',1,1,0,335,224,1591838425,'7 2 7 1 7 4 193 3110 193 6307 1 0 1 0 6 3 6 1 6 0 '),(4,416,11,4449,688,0,13,0,3,'Zorkin',1,1,0,562,438,1591926736,'7 2 7 1 7 4 193 3110 193 6307 1 0 1 0 6 3 6 1 6 0 '),(5,1860,11,1132,697,0,10,0,3,'Jhomkrit',1,0,1,298,572,1591922977,'7 2 7 1 7 4 193 3716 1 0 1 0 1 0 6 3 6 1 6 0 ');
/*!40000 ALTER TABLE `character_pet` ENABLE KEYS */;
UNLOCK TABLES;

--
-- Table structure for table `character_pet_declinedname`
--

DROP TABLE IF EXISTS `character_pet_declinedname`;
/*!40101 SET @saved_cs_client     = @@character_set_client */;
/*!40101 SET character_set_client = utf8 */;
CREATE TABLE `character_pet_declinedname` (
  `id` int(10) unsigned NOT NULL DEFAULT 0,
  `owner` int(10) unsigned NOT NULL DEFAULT 0,
  `genitive` varchar(12) NOT NULL DEFAULT '',
  `dative` varchar(12) NOT NULL DEFAULT '',
  `accusative` varchar(12) NOT NULL DEFAULT '',
  `instrumental` varchar(12) NOT NULL DEFAULT '',
  `prepositional` varchar(12) NOT NULL DEFAULT '',
  PRIMARY KEY (`id`),
  KEY `owner_key` (`owner`)
) ENGINE=InnoDB DEFAULT CHARSET=utf8;
/*!40101 SET character_set_client = @saved_cs_client */;

--
-- Dumping data for table `character_pet_declinedname`
--

LOCK TABLES `character_pet_declinedname` WRITE;
/*!40000 ALTER TABLE `character_pet_declinedname` DISABLE KEYS */;
/*!40000 ALTER TABLE `character_pet_declinedname` ENABLE KEYS */;
UNLOCK TABLES;

--
-- Table structure for table `character_queststatus`
--

DROP TABLE IF EXISTS `character_queststatus`;
/*!40101 SET @saved_cs_client     = @@character_set_client */;
/*!40101 SET character_set_client = utf8 */;
CREATE TABLE `character_queststatus` (
  `guid` int(10) unsigned NOT NULL DEFAULT 0 COMMENT 'Global Unique Identifier',
  `quest` int(10) unsigned NOT NULL DEFAULT 0 COMMENT 'Quest Identifier',
  `status` tinyint(3) unsigned NOT NULL DEFAULT 0,
  `explored` tinyint(3) unsigned NOT NULL DEFAULT 0,
  `timer` int(10) unsigned NOT NULL DEFAULT 0,
  `mobcount1` smallint(5) unsigned NOT NULL DEFAULT 0,
  `mobcount2` smallint(5) unsigned NOT NULL DEFAULT 0,
  `mobcount3` smallint(5) unsigned NOT NULL DEFAULT 0,
  `mobcount4` smallint(5) unsigned NOT NULL DEFAULT 0,
  `itemcount1` smallint(5) unsigned NOT NULL DEFAULT 0,
  `itemcount2` smallint(5) unsigned NOT NULL DEFAULT 0,
  `itemcount3` smallint(5) unsigned NOT NULL DEFAULT 0,
  `itemcount4` smallint(5) unsigned NOT NULL DEFAULT 0,
  `itemcount5` smallint(5) unsigned NOT NULL DEFAULT 0,
  `itemcount6` smallint(5) unsigned NOT NULL DEFAULT 0,
  `playercount` smallint(5) unsigned NOT NULL DEFAULT 0,
  PRIMARY KEY (`guid`,`quest`)
) ENGINE=InnoDB DEFAULT CHARSET=utf8 COMMENT='Player System';
/*!40101 SET character_set_client = @saved_cs_client */;

--
-- Dumping data for table `character_queststatus`
--

LOCK TABLES `character_queststatus` WRITE;
/*!40000 ALTER TABLE `character_queststatus` DISABLE KEYS */;
INSERT INTO `character_queststatus` VALUES (1,26397,1,0,1580622013,0,0,0,0,1,0,0,0,0,0,0),(1,26866,1,0,1580622155,0,0,0,0,0,0,0,0,0,0,0),(2,840,1,0,1590339502,0,0,0,0,1,0,0,0,0,0,0),(2,25264,1,0,1590353704,0,0,0,0,0,0,0,0,0,0,0),(2,25648,1,0,1590352718,0,0,0,0,0,0,0,0,0,0,0),(3,26131,1,0,1590896433,0,0,0,0,0,0,0,0,0,0,0),(4,184,1,0,1590960867,0,0,0,0,1,0,0,0,0,0,0),(4,26378,1,0,1590946528,0,0,0,0,0,0,0,0,0,0,0),(5,25648,1,0,1591060150,0,0,0,0,0,0,0,0,0,0,0),(6,26964,1,0,1591583912,0,0,0,0,0,0,0,0,0,0,0),(8,26383,1,0,1591758094,0,0,0,0,0,0,0,0,0,0,0),(10,9147,3,0,1592011218,0,0,0,0,0,0,0,0,0,0,0),(11,28517,1,0,1591926503,0,0,0,0,0,0,0,0,0,0,0),(12,9625,1,1,1592088153,0,0,0,0,0,0,0,0,0,0,0);
/*!40000 ALTER TABLE `character_queststatus` ENABLE KEYS */;
UNLOCK TABLES;

--
-- Table structure for table `character_queststatus_daily`
--

DROP TABLE IF EXISTS `character_queststatus_daily`;
/*!40101 SET @saved_cs_client     = @@character_set_client */;
/*!40101 SET character_set_client = utf8 */;
CREATE TABLE `character_queststatus_daily` (
  `guid` int(10) unsigned NOT NULL DEFAULT 0 COMMENT 'Global Unique Identifier',
  `quest` int(10) unsigned NOT NULL DEFAULT 0 COMMENT 'Quest Identifier',
  `time` int(10) unsigned NOT NULL DEFAULT 0,
  PRIMARY KEY (`guid`,`quest`),
  KEY `idx_guid` (`guid`)
) ENGINE=InnoDB DEFAULT CHARSET=utf8 COMMENT='Player System';
/*!40101 SET character_set_client = @saved_cs_client */;

--
-- Dumping data for table `character_queststatus_daily`
--

LOCK TABLES `character_queststatus_daily` WRITE;
/*!40000 ALTER TABLE `character_queststatus_daily` DISABLE KEYS */;
/*!40000 ALTER TABLE `character_queststatus_daily` ENABLE KEYS */;
UNLOCK TABLES;

--
-- Table structure for table `character_queststatus_monthly`
--

DROP TABLE IF EXISTS `character_queststatus_monthly`;
/*!40101 SET @saved_cs_client     = @@character_set_client */;
/*!40101 SET character_set_client = utf8 */;
CREATE TABLE `character_queststatus_monthly` (
  `guid` int(10) unsigned NOT NULL DEFAULT 0 COMMENT 'Global Unique Identifier',
  `quest` int(10) unsigned NOT NULL DEFAULT 0 COMMENT 'Quest Identifier',
  PRIMARY KEY (`guid`,`quest`),
  KEY `idx_guid` (`guid`)
) ENGINE=InnoDB DEFAULT CHARSET=utf8 COMMENT='Player System';
/*!40101 SET character_set_client = @saved_cs_client */;

--
-- Dumping data for table `character_queststatus_monthly`
--

LOCK TABLES `character_queststatus_monthly` WRITE;
/*!40000 ALTER TABLE `character_queststatus_monthly` DISABLE KEYS */;
/*!40000 ALTER TABLE `character_queststatus_monthly` ENABLE KEYS */;
UNLOCK TABLES;

--
-- Table structure for table `character_queststatus_rewarded`
--

DROP TABLE IF EXISTS `character_queststatus_rewarded`;
/*!40101 SET @saved_cs_client     = @@character_set_client */;
/*!40101 SET character_set_client = utf8 */;
CREATE TABLE `character_queststatus_rewarded` (
  `guid` int(10) unsigned NOT NULL DEFAULT 0 COMMENT 'Global Unique Identifier',
  `quest` int(10) unsigned NOT NULL DEFAULT 0 COMMENT 'Quest Identifier',
  `active` tinyint(10) unsigned NOT NULL DEFAULT 1,
  PRIMARY KEY (`guid`,`quest`)
) ENGINE=InnoDB DEFAULT CHARSET=utf8 COMMENT='Player System';
/*!40101 SET character_set_client = @saved_cs_client */;

--
-- Dumping data for table `character_queststatus_rewarded`
--

LOCK TABLES `character_queststatus_rewarded` WRITE;
/*!40000 ALTER TABLE `character_queststatus_rewarded` DISABLE KEYS */;
INSERT INTO `character_queststatus_rewarded` VALUES (1,743,1),(1,744,1),(1,749,1),(1,751,1),(1,761,1),(1,833,1),(1,861,1),(1,6361,1),(1,6362,1),(1,6363,1),(1,6364,1),(1,11129,1),(1,14438,1),(1,14449,1),(1,14452,1),(1,14455,1),(1,14456,1),(1,14458,1),(1,14459,1),(1,14460,1),(1,14491,1),(1,20440,1),(1,20441,1),(1,23733,1),(1,24215,1),(1,24440,1),(1,24441,1),(1,24456,1),(1,24457,1),(1,24459,1),(1,24523,1),(1,24524,1),(1,24540,1),(1,24550,1),(1,24852,1),(1,24861,1),(1,26179,1),(1,26180,1),(1,26188,1),(1,27015,1),(1,27023,1),(2,834,1),(2,835,1),(2,6365,1),(2,6384,1),(2,6385,1),(2,6386,1),(2,25126,1),(2,25127,1),(2,25128,1),(2,25129,1),(2,25130,1),(2,25131,1),(2,25132,1),(2,25133,1),(2,25134,1),(2,25135,1),(2,25136,1),(2,25138,1),(2,25149,1),(2,25152,1),(2,25165,1),(2,25167,1),(2,25168,1),(2,25169,1),(2,25170,1),(2,25171,1),(2,25172,1),(2,25173,1),(2,25176,1),(2,25177,1),(2,25178,1),(2,25179,1),(2,25187,1),(2,25188,1),(2,25190,1),(2,25192,1),(2,25193,1),(2,25194,1),(2,25195,1),(2,25196,1),(2,25205,1),(2,25206,1),(2,25227,1),(2,25232,1),(2,25236,1),(2,25256,1),(2,25257,1),(2,25258,1),(2,25259,1),(2,25260,1),(2,25261,1),(2,25262,1),(2,25263,1),(2,26951,1),(3,182,1),(3,218,1),(3,313,1),(3,314,1),(3,315,1),(3,384,1),(3,412,1),(3,432,1),(3,433,1),(3,3361,1),(3,6387,1),(3,6388,1),(3,6391,1),(3,6392,1),(3,24469,1),(3,24470,1),(3,24471,1),(3,24473,1),(3,24474,1),(3,24475,1),(3,24477,1),(3,24486,1),(3,24487,1),(3,24489,1),(3,24490,1),(3,24491,1),(3,24492,1),(3,24493,1),(3,24494,1),(3,24527,1),(3,25667,1),(3,25668,1),(3,25724,1),(3,25792,1),(3,25838,1),(3,25839,1),(3,25840,1),(3,25841,1),(3,25882,1),(3,25905,1),(3,25932,1),(3,25933,1),(3,25937,1),(3,25978,1),(3,25979,1),(3,25986,1),(3,25997,1),(3,25998,1),(3,26078,1),(3,26085,1),(3,26094,1),(3,26102,1),(3,26112,1),(3,26118,1),(3,28868,1),(4,11,1),(4,35,1),(4,37,1),(4,40,1),(4,45,1),(4,46,1),(4,47,1),(4,52,1),(4,54,1),(4,59,1),(4,60,1),(4,62,1),(4,71,1),(4,76,1),(4,83,1),(4,84,1),(4,85,1),(4,86,1),(4,87,1),(4,88,1),(4,106,1),(4,107,1),(4,111,1),(4,112,1),(4,114,1),(4,123,1),(4,147,1),(4,176,1),(4,239,1),(4,332,1),(4,333,1),(4,334,1),(4,1097,1),(4,2158,1),(4,5545,1),(4,26150,1),(4,26152,1),(4,26389,1),(4,26390,1),(4,26391,1),(4,26393,1),(4,26394,1),(4,26395,1),(4,26396,1),(4,26910,1),(4,26917,1),(4,28759,1),(4,28767,1),(4,28780,1),(4,28791,1),(4,28806,1),(4,28817,1),(5,834,1),(5,835,1),(5,6365,1),(5,6384,1),(5,6385,1),(5,6386,1),(5,24622,1),(5,24623,1),(5,24624,1),(5,24625,1),(5,24626,1),(5,24644,1),(5,24764,1),(5,24765,1),(5,24766,1),(5,24767,1),(5,24768,1),(5,24769,1),(5,24812,1),(5,24813,1),(5,24814,1),(5,25035,1),(5,25037,1),(5,25064,1),(5,25073,1),(5,25165,1),(5,25167,1),(5,25168,1),(5,25169,1),(5,25170,1),(5,25171,1),(5,25173,1),(5,25176,1),(5,25177,1),(5,25178,1),(5,25179,1),(5,25187,1),(5,25188,1),(5,25189,1),(5,25190,1),(5,25192,1),(5,25193,1),(5,25194,1),(5,25195,1),(5,25196,1),(5,25205,1),(5,25206,1),(5,25227,1),(5,25232,1),(5,25236,1),(5,25256,1),(5,25257,1),(5,25258,1),(5,25259,1),(5,25260,1),(5,25261,1),(5,25262,1),(5,25263,1),(5,26951,1),(6,6321,1),(6,6322,1),(6,6323,1),(6,6324,1),(6,24959,1),(6,24960,1),(6,24961,1),(6,24967,1),(6,24970,1),(6,24971,1),(6,24972,1),(6,24973,1),(6,24974,1),(6,24975,1),(6,24976,1),(6,24977,1),(6,24978,1),(6,24979,1),(6,24980,1),(6,24981,1),(6,24982,1),(6,24983,1),(6,24988,1),(6,24989,1),(6,24990,1),(6,24991,1),(6,24992,1),(6,24993,1),(6,24994,1),(6,24995,1),(6,24996,1),(6,24997,1),(6,24998,1),(6,24999,1),(6,25003,1),(6,25004,1),(6,25005,1),(6,25006,1),(6,25007,1),(6,25009,1),(6,25010,1),(6,25011,1),(6,25012,1),(6,25013,1),(6,25029,1),(6,25031,1),(6,25038,1),(6,25039,1),(6,25046,1),(6,25056,1),(6,25089,1),(6,25090,1),(6,26799,1),(6,26800,1),(6,26801,1),(6,26802,1),(6,28608,1),(6,28651,1),(6,28652,1),(6,28653,1),(6,28672,1),(7,12593,1),(7,12619,1),(7,12636,1),(7,12641,1),(7,12657,1),(7,12670,1),(7,12678,1),(7,12679,1),(7,12680,1),(7,12687,1),(7,12697,1),(7,12698,1),(7,12700,1),(7,12701,1),(7,12706,1),(7,12711,1),(7,12714,1),(7,12715,1),(7,12716,1),(7,12717,1),(7,12719,1),(7,12720,1),(7,12722,1),(7,12723,1),(7,12724,1),(7,12725,1),(7,12727,1),(7,12733,1),(7,12738,1),(7,12745,1),(7,12751,1),(7,12754,1),(7,12755,1),(7,12756,1),(7,12757,1),(7,12778,1),(7,12779,1),(7,12800,1),(7,12801,1),(7,12842,1),(7,12848,1),(7,12849,1),(7,12850,1),(7,13165,1),(7,13166,1),(7,13188,1),(8,475,1),(8,476,1),(8,483,1),(8,486,1),(8,487,1),(8,488,1),(8,489,1),(8,918,1),(8,919,1),(8,922,1),(8,923,1),(8,930,1),(8,931,1),(8,932,1),(8,933,1),(8,935,1),(8,937,1),(8,938,1),(8,997,1),(8,2159,1),(8,2399,1),(8,2438,1),(8,2459,1),(8,2499,1),(8,2518,1),(8,2541,1),(8,2561,1),(8,6341,1),(8,6342,1),(8,6343,1),(8,6344,1),(8,7383,1),(8,13945,1),(8,13946,1),(8,14005,1),(8,14039,1),(8,26841,1),(8,26940,1),(8,28713,1),(8,28714,1),(8,28715,1),(8,28723,1),(8,28724,1),(8,28725,1),(8,28726,1),(8,28727,1),(8,28728,1),(8,28729,1),(8,28730,1),(8,28731,1),(8,28734,1),(8,28739,1),(9,14012,1),(9,14069,1),(9,14070,1),(9,14071,1),(9,14075,1),(9,14109,1),(9,14113,1),(9,14115,1),(9,14116,1),(9,14120,1),(9,14121,1),(9,14122,1),(9,14123,1),(9,14124,1),(9,14125,1),(9,14126,1),(9,14138,1),(9,24488,1),(9,24502,1),(9,24520,1),(9,24567,1),(9,25473,1),(9,26712,1),(9,28349,1),(9,28414,1),(10,8325,1),(10,8326,1),(10,8327,1),(10,8329,1),(10,8330,1),(10,8334,1),(10,8335,1),(10,8336,1),(10,8338,1),(10,8345,1),(10,8346,1),(10,8347,1),(10,8350,1),(10,8463,1),(10,8468,1),(10,8472,1),(10,8473,1),(10,8474,1),(10,8475,1),(10,8476,1),(10,8477,1),(10,8479,1),(10,8480,1),(10,8482,1),(10,8483,1),(10,8486,1),(10,8487,1),(10,8488,1),(10,8490,1),(10,8491,1),(10,8884,1),(10,8885,1),(10,8886,1),(10,8887,1),(10,8888,1),(10,8889,1),(10,8890,1),(10,8891,1),(10,8892,1),(10,8894,1),(10,8895,1),(10,9035,1),(10,9062,1),(10,9064,1),(10,9066,1),(10,9067,1),(10,9076,1),(10,9119,1),(10,9130,1),(10,9133,1),(10,9134,1),(10,9135,1),(10,9144,1),(10,9252,1),(10,9253,1),(10,9254,1),(10,9255,1),(10,9256,1),(10,9258,1),(10,9352,1),(10,9358,1),(10,9359,1),(10,9360,1),(10,9363,1),(10,9394,1),(10,9395,1),(10,9704,1),(10,9705,1),(10,10166,1),(10,27091,1),(11,14078,1),(11,14091,1),(11,14093,1),(11,14094,1),(11,14098,1),(11,14099,1),(11,14154,1),(11,14157,1),(11,14159,1),(11,14204,1),(11,14212,1),(11,14214,1),(11,14218,1),(11,14221,1),(11,14222,1),(11,14273,1),(11,14274,1),(11,14287,1),(11,14293,1),(11,14294,1),(11,14313,1),(11,14320,1),(11,14321,1),(11,14336,1),(11,14347,1),(11,14348,1),(11,14366,1),(11,14367,1),(11,14368,1),(11,14369,1),(11,14375,1),(11,14382,1),(11,14386,1),(11,14395,1),(11,14396,1),(11,14397,1),(11,14398,1),(11,14399,1),(11,14400,1),(11,14401,1),(11,14402,1),(11,14403,1),(11,14412,1),(11,14416,1),(11,14434,1),(11,14463,1),(11,14465,1),(11,14466,1),(11,14467,1),(11,24438,1),(11,24468,1),(11,24472,1),(11,24483,1),(11,24484,1),(11,24495,1),(11,24501,1),(11,24575,1),(11,24578,1),(11,24592,1),(11,24593,1),(11,24602,1),(11,24616,1),(11,24617,1),(11,24627,1),(11,24628,1),(11,24646,1),(11,24672,1),(11,24673,1),(11,24674,1),(11,24675,1),(11,24676,1),(11,24677,1),(11,24678,1),(11,24679,1),(11,24680,1),(11,24681,1),(11,24902,1),(11,24903,1),(11,24904,1),(11,24920,1),(11,24930,1),(11,26129,1),(11,26706,1),(11,28850,1),(12,9279,1),(12,9280,1),(12,9283,1),(12,9291,1),(12,9293,1),(12,9294,1),(12,9303,1),(12,9305,1),(12,9309,1),(12,9311,1),(12,9312,1),(12,9313,1),(12,9314,1),(12,9371,1),(12,9409,1),(12,9452,1),(12,9453,1),(12,9454,1),(12,9463,1),(12,9473,1),(12,9505,1),(12,9506,1),(12,9512,1),(12,9513,1),(12,9514,1),(12,9515,1),(12,9523,1),(12,9527,1),(12,9528,1),(12,9530,1),(12,9531,1),(12,9537,1),(12,9538,1),(12,9539,1),(12,9540,1),(12,9541,1),(12,9542,1),(12,9544,1),(12,9559,1),(12,9560,1),(12,9562,1),(12,9564,1),(12,9565,1),(12,9566,1),(12,9570,1),(12,9571,1),(12,9573,1),(12,9602,1),(12,9603,1),(12,9604,1),(12,9605,1),(12,9606,1),(12,9616,1),(12,9622,1),(12,9623,1),(12,9798,1),(12,9799,1),(12,10302,1),(12,10303,1),(12,10304,1),(12,10324,1),(12,10428,1),(12,26970,1);
/*!40000 ALTER TABLE `character_queststatus_rewarded` ENABLE KEYS */;
UNLOCK TABLES;

--
-- Table structure for table `character_queststatus_seasonal`
--

DROP TABLE IF EXISTS `character_queststatus_seasonal`;
/*!40101 SET @saved_cs_client     = @@character_set_client */;
/*!40101 SET character_set_client = utf8 */;
CREATE TABLE `character_queststatus_seasonal` (
  `guid` int(10) unsigned NOT NULL DEFAULT 0 COMMENT 'Global Unique Identifier',
  `quest` int(10) unsigned NOT NULL DEFAULT 0 COMMENT 'Quest Identifier',
  `event` int(10) unsigned NOT NULL DEFAULT 0 COMMENT 'Event Identifier',
  PRIMARY KEY (`guid`,`quest`),
  KEY `idx_guid` (`guid`)
) ENGINE=InnoDB DEFAULT CHARSET=utf8 COMMENT='Player System';
/*!40101 SET character_set_client = @saved_cs_client */;

--
-- Dumping data for table `character_queststatus_seasonal`
--

LOCK TABLES `character_queststatus_seasonal` WRITE;
/*!40000 ALTER TABLE `character_queststatus_seasonal` DISABLE KEYS */;
/*!40000 ALTER TABLE `character_queststatus_seasonal` ENABLE KEYS */;
UNLOCK TABLES;

--
-- Table structure for table `character_queststatus_weekly`
--

DROP TABLE IF EXISTS `character_queststatus_weekly`;
/*!40101 SET @saved_cs_client     = @@character_set_client */;
/*!40101 SET character_set_client = utf8 */;
CREATE TABLE `character_queststatus_weekly` (
  `guid` int(10) unsigned NOT NULL DEFAULT 0 COMMENT 'Global Unique Identifier',
  `quest` int(10) unsigned NOT NULL DEFAULT 0 COMMENT 'Quest Identifier',
  PRIMARY KEY (`guid`,`quest`),
  KEY `idx_guid` (`guid`)
) ENGINE=InnoDB DEFAULT CHARSET=utf8 COMMENT='Player System';
/*!40101 SET character_set_client = @saved_cs_client */;

--
-- Dumping data for table `character_queststatus_weekly`
--

LOCK TABLES `character_queststatus_weekly` WRITE;
/*!40000 ALTER TABLE `character_queststatus_weekly` DISABLE KEYS */;
INSERT INTO `character_queststatus_weekly` VALUES (8,2438);
/*!40000 ALTER TABLE `character_queststatus_weekly` ENABLE KEYS */;
UNLOCK TABLES;

--
-- Table structure for table `character_reputation`
--

DROP TABLE IF EXISTS `character_reputation`;
/*!40101 SET @saved_cs_client     = @@character_set_client */;
/*!40101 SET character_set_client = utf8 */;
CREATE TABLE `character_reputation` (
  `guid` int(10) unsigned NOT NULL DEFAULT 0 COMMENT 'Global Unique Identifier',
  `faction` smallint(5) unsigned NOT NULL DEFAULT 0,
  `standing` int(11) NOT NULL DEFAULT 0,
  `flags` smallint(5) unsigned NOT NULL DEFAULT 0,
  PRIMARY KEY (`guid`,`faction`)
) ENGINE=InnoDB DEFAULT CHARSET=utf8 COMMENT='Player System';
/*!40101 SET character_set_client = @saved_cs_client */;

--
-- Dumping data for table `character_reputation`
--

LOCK TABLES `character_reputation` WRITE;
/*!40000 ALTER TABLE `character_reputation` DISABLE KEYS */;
INSERT INTO `character_reputation` VALUES (1,21,0,64),(1,46,0,4),(1,47,0,6),(1,54,0,6),(1,59,0,16),(1,67,0,25),(1,68,1753,17),(1,69,0,6),(1,70,0,2),(1,72,0,6),(1,76,1753,17),(1,81,7085,17),(1,83,0,4),(1,86,0,4),(1,87,0,2),(1,92,0,2),(1,93,0,2),(1,169,0,12),(1,270,0,16),(1,289,0,4),(1,349,0,0),(1,369,0,64),(1,469,0,14),(1,470,0,64),(1,471,0,22),(1,509,0,2),(1,510,0,16),(1,529,0,0),(1,530,1753,17),(1,549,0,4),(1,550,0,4),(1,551,0,4),(1,569,0,4),(1,570,0,4),(1,571,0,4),(1,574,0,4),(1,576,0,0),(1,577,0,64),(1,589,0,6),(1,609,0,0),(1,729,0,16),(1,730,0,6),(1,749,0,0),(1,809,0,16),(1,889,0,16),(1,890,0,6),(1,891,0,14),(1,892,0,24),(1,909,0,16),(1,910,0,2),(1,911,1753,17),(1,922,0,16),(1,930,0,6),(1,932,0,80),(1,933,0,16),(1,934,0,80),(1,935,0,16),(1,936,0,28),(1,941,0,16),(1,942,0,16),(1,946,0,2),(1,947,0,16),(1,948,0,8),(1,949,0,24),(1,952,0,0),(1,967,0,16),(1,970,0,0),(1,978,0,2),(1,980,0,24),(1,989,0,16),(1,990,0,16),(1,1005,0,20),(1,1011,0,16),(1,1012,0,16),(1,1015,0,2),(1,1031,0,16),(1,1037,0,6),(1,1038,0,16),(1,1050,0,6),(1,1052,0,152),(1,1064,0,16),(1,1067,0,16),(1,1068,0,6),(1,1073,0,16),(1,1077,0,16),(1,1082,0,2),(1,1085,0,16),(1,1090,0,16),(1,1091,0,16),(1,1094,0,6),(1,1097,0,12),(1,1098,0,16),(1,1104,0,16),(1,1105,0,16),(1,1106,0,16),(1,1117,0,12),(1,1118,0,12),(1,1119,0,2),(1,1124,0,16),(1,1126,0,2),(1,1133,0,17),(1,1134,0,6),(1,1135,0,16),(1,1136,0,4),(1,1137,0,4),(1,1154,0,4),(1,1155,0,4),(1,1156,0,16),(1,1158,0,16),(1,1162,0,8),(1,1163,0,0),(1,1166,0,0),(1,1167,0,0),(1,1168,92,17),(1,1169,0,28),(1,1171,0,66),(1,1172,0,16),(1,1173,0,16),(1,1174,0,6),(1,1177,0,6),(1,1178,0,16),(1,1181,0,20),(1,1204,0,16),(2,21,250,65),(2,46,0,4),(2,47,0,6),(2,54,0,6),(2,59,0,16),(2,67,0,25),(2,68,4156,17),(2,69,0,6),(2,70,0,2),(2,72,0,6),(2,76,12157,17),(2,81,4156,17),(2,83,0,4),(2,86,0,4),(2,87,0,2),(2,92,0,2),(2,93,0,2),(2,169,0,12),(2,270,0,16),(2,289,0,4),(2,349,0,0),(2,369,250,65),(2,469,0,14),(2,470,500,65),(2,471,0,22),(2,509,0,2),(2,510,0,16),(2,529,0,0),(2,530,8264,17),(2,549,0,4),(2,550,0,4),(2,551,0,4),(2,569,0,4),(2,570,0,4),(2,571,0,4),(2,574,0,4),(2,576,0,0),(2,577,250,65),(2,589,0,6),(2,609,0,0),(2,729,0,16),(2,730,0,6),(2,749,0,0),(2,809,0,16),(2,889,0,16),(2,890,0,6),(2,891,0,14),(2,892,0,24),(2,909,0,16),(2,910,0,2),(2,911,4156,17),(2,922,0,16),(2,930,0,6),(2,932,0,80),(2,933,0,16),(2,934,0,80),(2,935,0,16),(2,936,0,28),(2,941,0,16),(2,942,0,16),(2,946,0,2),(2,947,0,16),(2,948,0,8),(2,949,0,24),(2,952,0,0),(2,967,0,16),(2,970,0,0),(2,978,0,2),(2,980,0,24),(2,989,0,16),(2,990,0,16),(2,1005,0,20),(2,1011,0,16),(2,1012,0,16),(2,1015,0,2),(2,1031,0,16),(2,1037,0,6),(2,1038,0,16),(2,1050,0,6),(2,1052,0,152),(2,1064,0,16),(2,1067,0,16),(2,1068,0,6),(2,1073,0,16),(2,1077,0,16),(2,1082,0,2),(2,1085,0,16),(2,1090,0,16),(2,1091,0,16),(2,1094,0,6),(2,1097,0,12),(2,1098,0,16),(2,1104,0,16),(2,1105,0,16),(2,1106,0,16),(2,1117,0,12),(2,1118,0,12),(2,1119,0,2),(2,1124,0,16),(2,1126,0,2),(2,1133,510,17),(2,1134,0,6),(2,1135,0,16),(2,1136,0,4),(2,1137,0,4),(2,1154,0,4),(2,1155,0,4),(2,1156,0,16),(2,1158,0,16),(2,1162,0,8),(2,1163,0,0),(2,1166,0,0),(2,1167,0,0),(2,1168,162,17),(2,1169,0,28),(2,1171,0,66),(2,1172,0,16),(2,1173,0,16),(2,1174,0,6),(2,1177,0,6),(2,1178,0,16),(2,1181,0,20),(2,1204,0,16),(3,21,0,64),(3,46,0,4),(3,47,12236,17),(3,54,10119,17),(3,59,0,16),(3,67,0,14),(3,68,0,6),(3,69,4435,17),(3,70,0,2),(3,72,4435,17),(3,76,0,6),(3,81,0,6),(3,83,0,4),(3,86,0,4),(3,87,0,2),(3,92,0,2),(3,93,0,2),(3,169,0,12),(3,270,0,16),(3,289,0,4),(3,349,0,0),(3,369,0,64),(3,469,0,25),(3,470,0,64),(3,471,0,4),(3,509,0,16),(3,510,0,2),(3,529,0,0),(3,530,0,6),(3,549,0,4),(3,550,0,4),(3,551,0,4),(3,569,0,4),(3,570,0,4),(3,571,0,4),(3,574,0,4),(3,576,0,0),(3,577,0,64),(3,589,0,0),(3,609,0,0),(3,729,0,6),(3,730,0,16),(3,749,0,0),(3,809,0,16),(3,889,0,6),(3,890,0,16),(3,891,0,24),(3,892,0,14),(3,909,0,16),(3,910,0,2),(3,911,0,6),(3,922,0,6),(3,930,4435,17),(3,932,0,80),(3,933,0,16),(3,934,0,80),(3,935,0,16),(3,936,0,28),(3,941,0,6),(3,942,0,16),(3,946,0,16),(3,947,0,2),(3,948,0,8),(3,949,0,24),(3,952,0,0),(3,967,0,16),(3,970,0,0),(3,978,0,16),(3,980,0,24),(3,989,0,16),(3,990,0,16),(3,1005,0,20),(3,1011,0,16),(3,1012,0,16),(3,1015,0,2),(3,1031,0,16),(3,1037,0,136),(3,1038,0,16),(3,1050,0,16),(3,1052,0,2),(3,1064,0,6),(3,1067,0,2),(3,1068,0,16),(3,1073,0,16),(3,1077,0,16),(3,1082,0,4),(3,1085,0,6),(3,1090,0,16),(3,1091,0,16),(3,1094,0,16),(3,1097,0,12),(3,1098,0,16),(3,1104,0,16),(3,1105,0,16),(3,1106,0,16),(3,1117,0,12),(3,1118,0,12),(3,1119,0,2),(3,1124,0,6),(3,1126,0,16),(3,1133,0,6),(3,1134,4435,17),(3,1135,0,16),(3,1136,0,4),(3,1137,0,4),(3,1154,0,4),(3,1155,0,4),(3,1156,0,16),(3,1158,0,16),(3,1162,0,8),(3,1163,0,0),(3,1166,0,0),(3,1167,0,0),(3,1168,0,16),(3,1169,0,28),(3,1171,0,66),(3,1172,0,2),(3,1173,0,16),(3,1174,0,16),(3,1177,0,0),(3,1178,0,6),(3,1181,0,20),(3,1204,0,16),(4,21,0,64),(4,46,0,4),(4,47,2219,17),(4,54,2219,17),(4,59,0,16),(4,67,0,14),(4,68,0,6),(4,69,2219,17),(4,70,0,2),(4,72,9005,17),(4,76,0,6),(4,81,0,6),(4,83,0,4),(4,86,0,4),(4,87,0,2),(4,92,0,2),(4,93,0,2),(4,169,0,12),(4,270,0,16),(4,289,0,4),(4,349,0,0),(4,369,0,64),(4,469,0,25),(4,470,0,64),(4,471,0,20),(4,509,0,16),(4,510,0,2),(4,529,0,0),(4,530,0,6),(4,549,0,4),(4,550,0,4),(4,551,0,4),(4,569,0,4),(4,570,0,4),(4,571,0,4),(4,574,0,4),(4,576,0,0),(4,577,0,64),(4,589,0,0),(4,609,0,0),(4,729,0,6),(4,730,0,16),(4,749,0,0),(4,809,0,16),(4,889,0,6),(4,890,0,16),(4,891,0,24),(4,892,0,14),(4,909,0,16),(4,910,0,2),(4,911,0,6),(4,922,0,6),(4,930,2219,17),(4,932,0,80),(4,933,0,16),(4,934,0,80),(4,935,0,16),(4,936,0,28),(4,941,0,6),(4,942,0,16),(4,946,0,16),(4,947,0,2),(4,948,0,8),(4,949,0,24),(4,952,0,0),(4,967,0,16),(4,970,0,0),(4,978,0,16),(4,980,0,24),(4,989,0,16),(4,990,0,16),(4,1005,0,20),(4,1011,0,16),(4,1012,0,16),(4,1015,0,2),(4,1031,0,16),(4,1037,0,136),(4,1038,0,16),(4,1050,0,16),(4,1052,0,2),(4,1064,0,6),(4,1067,0,2),(4,1068,0,16),(4,1073,0,16),(4,1077,0,16),(4,1082,0,4),(4,1085,0,6),(4,1090,0,16),(4,1091,0,16),(4,1094,0,16),(4,1097,0,12),(4,1098,0,16),(4,1104,0,16),(4,1105,0,16),(4,1106,0,16),(4,1117,0,12),(4,1118,0,12),(4,1119,0,2),(4,1124,0,6),(4,1126,0,16),(4,1133,0,6),(4,1134,2219,17),(4,1135,0,16),(4,1136,0,4),(4,1137,0,4),(4,1154,0,4),(4,1155,0,4),(4,1156,0,16),(4,1158,0,16),(4,1162,0,8),(4,1163,0,0),(4,1166,0,0),(4,1167,0,0),(4,1168,0,16),(4,1169,0,28),(4,1171,0,66),(4,1172,0,2),(4,1173,0,16),(4,1174,0,16),(4,1177,0,0),(4,1178,0,6),(4,1181,0,20),(4,1204,0,16),(5,21,250,65),(5,46,0,4),(5,47,0,6),(5,54,0,6),(5,59,0,16),(5,67,0,25),(5,68,4147,17),(5,69,0,6),(5,70,0,2),(5,72,0,6),(5,76,10019,17),(5,81,4147,17),(5,83,0,4),(5,86,0,4),(5,87,0,2),(5,92,0,2),(5,93,0,2),(5,169,0,12),(5,270,0,16),(5,289,0,4),(5,349,0,0),(5,369,250,65),(5,469,0,14),(5,470,500,65),(5,471,0,22),(5,509,0,2),(5,510,0,16),(5,529,0,0),(5,530,10499,17),(5,549,0,4),(5,550,0,4),(5,551,0,4),(5,569,0,4),(5,570,0,4),(5,571,0,4),(5,574,0,4),(5,576,0,0),(5,577,250,65),(5,589,0,6),(5,609,0,0),(5,729,0,16),(5,730,0,6),(5,749,0,0),(5,809,0,16),(5,889,0,16),(5,890,0,6),(5,891,0,14),(5,892,0,24),(5,909,0,16),(5,910,0,2),(5,911,4147,17),(5,922,0,16),(5,930,0,6),(5,932,0,80),(5,933,0,16),(5,934,0,80),(5,935,0,16),(5,936,0,28),(5,941,0,16),(5,942,0,16),(5,946,0,2),(5,947,0,16),(5,948,0,8),(5,949,0,24),(5,952,0,0),(5,967,0,16),(5,970,0,0),(5,978,0,2),(5,980,0,24),(5,989,0,16),(5,990,0,16),(5,1005,0,20),(5,1011,0,16),(5,1012,0,16),(5,1015,0,2),(5,1031,0,16),(5,1037,0,6),(5,1038,0,16),(5,1050,0,6),(5,1052,0,152),(5,1064,0,16),(5,1067,0,16),(5,1068,0,6),(5,1073,0,16),(5,1077,0,16),(5,1082,0,2),(5,1085,0,16),(5,1090,0,16),(5,1091,0,16),(5,1094,0,6),(5,1097,0,12),(5,1098,0,16),(5,1104,0,16),(5,1105,0,16),(5,1106,0,16),(5,1117,0,12),(5,1118,0,12),(5,1119,0,2),(5,1124,0,16),(5,1126,0,2),(5,1133,4531,17),(5,1134,0,6),(5,1135,0,16),(5,1136,0,4),(5,1137,0,4),(5,1154,0,4),(5,1155,0,4),(5,1156,0,16),(5,1158,0,16),(5,1162,0,8),(5,1163,0,0),(5,1166,0,0),(5,1167,0,0),(5,1168,0,16),(5,1169,0,28),(5,1171,0,66),(5,1172,0,16),(5,1173,0,16),(5,1174,0,6),(5,1177,0,6),(5,1178,0,16),(5,1181,0,20),(5,1204,0,16),(6,21,0,64),(6,46,0,4),(6,47,0,6),(6,54,0,6),(6,59,0,16),(6,67,0,25),(6,68,10700,17),(6,69,0,6),(6,70,0,2),(6,72,0,6),(6,76,2646,17),(6,81,2646,17),(6,83,0,4),(6,86,0,4),(6,87,0,2),(6,92,0,2),(6,93,0,2),(6,169,0,12),(6,270,0,16),(6,289,0,4),(6,349,0,0),(6,369,0,64),(6,469,0,14),(6,470,0,64),(6,471,0,22),(6,509,0,2),(6,510,0,16),(6,529,0,0),(6,530,2646,17),(6,549,0,4),(6,550,0,4),(6,551,0,4),(6,569,0,4),(6,570,0,4),(6,571,0,4),(6,574,0,4),(6,576,0,0),(6,577,0,64),(6,589,0,6),(6,609,0,0),(6,729,0,16),(6,730,0,6),(6,749,0,0),(6,809,0,16),(6,889,0,16),(6,890,0,6),(6,891,0,14),(6,892,0,24),(6,909,0,16),(6,910,0,2),(6,911,2646,17),(6,922,0,16),(6,930,0,6),(6,932,0,80),(6,933,0,16),(6,934,0,80),(6,935,0,16),(6,936,0,28),(6,941,0,16),(6,942,0,16),(6,946,0,2),(6,947,0,16),(6,948,0,8),(6,949,0,24),(6,952,0,0),(6,967,0,16),(6,970,0,0),(6,978,0,2),(6,980,0,24),(6,989,0,16),(6,990,0,16),(6,1005,0,20),(6,1011,0,16),(6,1012,0,16),(6,1015,0,2),(6,1031,0,16),(6,1037,0,6),(6,1038,0,16),(6,1050,0,6),(6,1052,0,152),(6,1064,0,16),(6,1067,0,16),(6,1068,0,6),(6,1073,0,16),(6,1077,0,16),(6,1082,0,2),(6,1085,0,16),(6,1090,0,16),(6,1091,0,16),(6,1094,0,6),(6,1097,0,12),(6,1098,0,16),(6,1104,0,16),(6,1105,0,16),(6,1106,0,16),(6,1117,0,12),(6,1118,0,12),(6,1119,0,2),(6,1124,0,16),(6,1126,0,2),(6,1133,2646,17),(6,1134,0,6),(6,1135,0,16),(6,1136,0,4),(6,1137,0,4),(6,1154,0,4),(6,1155,0,4),(6,1156,0,16),(6,1158,0,16),(6,1162,0,8),(6,1163,0,0),(6,1166,0,0),(6,1167,0,0),(6,1168,0,17),(6,1169,0,28),(6,1171,0,66),(6,1172,0,16),(6,1173,0,16),(6,1174,0,6),(6,1177,0,6),(6,1178,0,16),(6,1181,0,20),(6,1204,0,16),(7,21,0,64),(7,46,0,4),(7,47,1500,17),(7,54,1500,17),(7,59,0,16),(7,67,0,14),(7,68,0,6),(7,69,1500,17),(7,70,0,2),(7,72,6000,17),(7,76,0,6),(7,81,0,6),(7,83,0,4),(7,86,0,4),(7,87,0,2),(7,92,0,2),(7,93,0,2),(7,169,0,12),(7,270,0,16),(7,289,0,4),(7,349,0,0),(7,369,0,64),(7,469,0,25),(7,470,0,64),(7,471,0,20),(7,509,0,16),(7,510,0,2),(7,529,0,0),(7,530,0,6),(7,549,0,4),(7,550,0,4),(7,551,0,4),(7,569,0,4),(7,570,0,4),(7,571,0,4),(7,574,0,4),(7,576,0,0),(7,577,0,64),(7,589,0,0),(7,609,0,0),(7,729,0,6),(7,730,0,16),(7,749,0,0),(7,809,0,16),(7,889,0,6),(7,890,0,16),(7,891,0,24),(7,892,0,14),(7,909,0,16),(7,910,0,2),(7,911,0,6),(7,922,0,6),(7,930,1500,17),(7,932,0,80),(7,933,0,16),(7,934,0,80),(7,935,0,16),(7,936,0,28),(7,941,0,6),(7,942,0,16),(7,946,0,16),(7,947,0,2),(7,948,0,8),(7,949,0,24),(7,952,0,0),(7,967,0,16),(7,970,0,0),(7,978,0,16),(7,980,0,24),(7,989,0,16),(7,990,0,16),(7,1005,0,0),(7,1011,0,16),(7,1012,0,16),(7,1015,0,2),(7,1031,0,16),(7,1037,22815,137),(7,1038,0,16),(7,1050,0,16),(7,1052,22815,3),(7,1064,0,6),(7,1067,0,2),(7,1068,0,16),(7,1073,22815,17),(7,1077,0,16),(7,1082,0,4),(7,1085,0,6),(7,1090,22815,17),(7,1091,22815,17),(7,1094,0,16),(7,1097,0,12),(7,1098,4563,17),(7,1104,0,16),(7,1105,0,16),(7,1106,22815,17),(7,1117,22815,12),(7,1118,0,12),(7,1119,22815,3),(7,1124,0,6),(7,1126,0,16),(7,1133,0,6),(7,1134,1500,17),(7,1135,0,16),(7,1136,0,4),(7,1137,0,4),(7,1154,0,4),(7,1155,0,4),(7,1156,0,16),(7,1158,0,16),(7,1162,0,8),(7,1163,0,0),(7,1166,0,0),(7,1167,0,0),(7,1168,0,17),(7,1169,0,28),(7,1171,0,66),(7,1172,0,2),(7,1173,0,16),(7,1174,0,16),(7,1177,0,0),(7,1178,0,6),(7,1181,0,20),(7,1204,0,16),(8,21,0,64),(8,46,0,4),(8,47,2517,17),(8,54,2517,17),(8,59,0,16),(8,67,0,14),(8,68,0,6),(8,69,10170,17),(8,70,0,2),(8,72,2517,17),(8,76,0,6),(8,81,0,6),(8,83,0,4),(8,86,0,4),(8,87,0,2),(8,92,0,2),(8,93,0,2),(8,169,0,12),(8,270,0,16),(8,289,0,4),(8,349,0,0),(8,369,0,64),(8,469,0,25),(8,470,0,64),(8,471,0,20),(8,509,0,16),(8,510,0,2),(8,529,0,0),(8,530,0,6),(8,549,0,4),(8,550,0,4),(8,551,0,4),(8,569,0,4),(8,570,0,4),(8,571,0,4),(8,574,0,4),(8,576,0,0),(8,577,0,64),(8,589,0,0),(8,609,0,0),(8,729,0,6),(8,730,0,16),(8,749,0,0),(8,809,0,16),(8,889,0,6),(8,890,0,16),(8,891,0,24),(8,892,0,14),(8,909,0,16),(8,910,0,2),(8,911,0,6),(8,922,0,6),(8,930,2517,17),(8,932,0,80),(8,933,0,16),(8,934,0,80),(8,935,0,16),(8,936,0,28),(8,941,0,6),(8,942,0,16),(8,946,0,16),(8,947,0,2),(8,948,0,8),(8,949,0,24),(8,952,0,0),(8,967,0,16),(8,970,0,0),(8,978,0,16),(8,980,0,24),(8,989,0,16),(8,990,0,16),(8,1005,0,20),(8,1011,0,16),(8,1012,0,16),(8,1015,0,2),(8,1031,0,16),(8,1037,0,136),(8,1038,0,16),(8,1050,0,16),(8,1052,0,2),(8,1064,0,6),(8,1067,0,2),(8,1068,0,16),(8,1073,0,16),(8,1077,0,16),(8,1082,0,4),(8,1085,0,6),(8,1090,0,16),(8,1091,0,16),(8,1094,0,16),(8,1097,0,12),(8,1098,0,16),(8,1104,0,16),(8,1105,0,16),(8,1106,0,16),(8,1117,0,12),(8,1118,0,12),(8,1119,0,2),(8,1124,0,6),(8,1126,0,16),(8,1133,0,6),(8,1134,2517,17),(8,1135,0,16),(8,1136,0,4),(8,1137,0,4),(8,1154,0,4),(8,1155,0,4),(8,1156,0,16),(8,1158,0,16),(8,1162,0,8),(8,1163,0,0),(8,1166,0,0),(8,1167,0,0),(8,1168,0,17),(8,1169,0,28),(8,1171,0,66),(8,1172,0,2),(8,1173,0,16),(8,1174,0,16),(8,1177,0,0),(8,1178,0,6),(8,1181,0,20),(8,1204,0,16),(9,21,0,64),(9,46,0,4),(9,47,0,6),(9,54,0,6),(9,59,0,16),(9,67,0,25),(9,68,1055,17),(9,69,0,6),(9,70,0,2),(9,72,0,6),(9,76,1055,17),(9,81,1055,17),(9,83,0,0),(9,86,0,0),(9,87,0,2),(9,92,0,2),(9,93,0,2),(9,169,0,12),(9,270,0,16),(9,289,0,4),(9,349,0,0),(9,369,0,64),(9,469,0,14),(9,470,0,64),(9,471,0,0),(9,509,0,2),(9,510,0,16),(9,529,0,0),(9,530,1139,17),(9,549,0,0),(9,550,0,0),(9,551,0,0),(9,569,0,0),(9,570,0,0),(9,571,0,0),(9,574,0,4),(9,576,0,0),(9,577,0,64),(9,589,0,6),(9,609,0,0),(9,729,0,16),(9,730,0,6),(9,749,0,0),(9,809,0,16),(9,889,0,16),(9,890,0,6),(9,891,0,14),(9,892,0,24),(9,909,0,16),(9,910,0,2),(9,911,1055,17),(9,922,0,16),(9,930,0,6),(9,932,0,80),(9,933,0,16),(9,934,0,80),(9,935,0,16),(9,936,0,28),(9,941,0,16),(9,942,0,16),(9,946,0,2),(9,947,0,16),(9,948,0,8),(9,949,0,24),(9,952,0,0),(9,967,0,16),(9,970,0,0),(9,978,0,2),(9,980,0,24),(9,989,0,16),(9,990,0,16),(9,1005,0,20),(9,1011,0,16),(9,1012,0,16),(9,1015,0,2),(9,1031,0,16),(9,1037,0,0),(9,1038,0,16),(9,1050,0,6),(9,1052,0,152),(9,1064,0,16),(9,1067,0,16),(9,1068,0,6),(9,1073,0,16),(9,1077,0,16),(9,1082,0,0),(9,1085,0,16),(9,1090,0,16),(9,1091,0,16),(9,1094,0,6),(9,1097,0,12),(9,1098,0,16),(9,1104,0,16),(9,1105,0,16),(9,1106,0,16),(9,1117,0,12),(9,1118,0,12),(9,1119,0,2),(9,1124,0,16),(9,1126,0,2),(9,1133,4270,17),(9,1134,0,6),(9,1135,0,16),(9,1136,0,4),(9,1137,0,4),(9,1154,0,4),(9,1155,0,4),(9,1156,0,16),(9,1158,0,16),(9,1162,0,8),(9,1163,0,0),(9,1166,0,0),(9,1167,0,0),(9,1168,0,16),(9,1169,0,28),(9,1171,0,66),(9,1172,0,16),(9,1173,0,16),(9,1174,0,6),(9,1177,0,6),(9,1178,0,16),(9,1181,0,20),(9,1204,0,16),(10,21,0,64),(10,46,0,4),(10,47,0,6),(10,54,0,6),(10,59,0,16),(10,67,0,25),(10,68,3027,17),(10,69,0,6),(10,70,0,2),(10,72,0,6),(10,76,3027,17),(10,81,3027,17),(10,83,0,4),(10,86,0,4),(10,87,0,2),(10,92,0,2),(10,93,0,2),(10,169,0,12),(10,270,0,16),(10,289,0,4),(10,349,0,0),(10,369,0,64),(10,469,0,14),(10,470,0,64),(10,471,0,22),(10,509,0,2),(10,510,0,16),(10,529,0,0),(10,530,3084,17),(10,549,0,4),(10,550,0,4),(10,551,0,4),(10,569,0,4),(10,570,0,4),(10,571,0,4),(10,574,0,4),(10,576,0,0),(10,577,0,64),(10,589,0,6),(10,609,0,0),(10,729,0,16),(10,730,0,6),(10,749,0,0),(10,809,0,16),(10,889,0,16),(10,890,0,6),(10,891,0,0),(10,892,0,24),(10,909,0,16),(10,910,0,2),(10,911,12188,17),(10,922,0,17),(10,930,0,6),(10,932,0,82),(10,933,0,16),(10,934,0,80),(10,935,0,16),(10,936,0,28),(10,941,0,16),(10,942,0,16),(10,946,0,2),(10,947,0,16),(10,948,0,8),(10,949,0,24),(10,952,0,0),(10,967,0,16),(10,970,0,0),(10,978,0,2),(10,980,0,24),(10,989,0,16),(10,990,0,16),(10,1005,0,20),(10,1011,0,16),(10,1012,0,16),(10,1015,0,2),(10,1031,0,16),(10,1037,0,6),(10,1038,0,16),(10,1050,0,6),(10,1052,0,152),(10,1064,0,16),(10,1067,0,16),(10,1068,0,6),(10,1073,0,16),(10,1077,0,16),(10,1082,0,2),(10,1085,0,16),(10,1090,0,16),(10,1091,0,16),(10,1094,0,6),(10,1097,0,0),(10,1098,0,16),(10,1104,0,16),(10,1105,0,16),(10,1106,0,16),(10,1117,0,12),(10,1118,0,12),(10,1119,0,2),(10,1124,0,16),(10,1126,0,2),(10,1133,3027,17),(10,1134,0,6),(10,1135,0,16),(10,1136,0,4),(10,1137,0,4),(10,1154,0,4),(10,1155,0,4),(10,1156,0,16),(10,1158,0,16),(10,1162,0,8),(10,1163,0,0),(10,1166,0,0),(10,1167,0,0),(10,1168,0,17),(10,1169,0,28),(10,1171,0,66),(10,1172,0,16),(10,1173,0,16),(10,1174,0,6),(10,1177,0,6),(10,1178,0,16),(10,1181,0,20),(10,1204,0,16),(11,21,0,64),(11,46,0,4),(11,47,3959,17),(11,54,3665,17),(11,59,0,16),(11,67,0,14),(11,68,0,6),(11,69,3835,17),(11,70,0,2),(11,72,3665,17),(11,76,0,6),(11,81,0,6),(11,83,0,0),(11,86,0,0),(11,87,0,2),(11,92,0,2),(11,93,0,2),(11,169,0,12),(11,270,0,16),(11,289,0,4),(11,349,0,0),(11,369,0,64),(11,469,0,25),(11,470,0,64),(11,471,0,0),(11,509,0,16),(11,510,0,2),(11,529,0,0),(11,530,0,6),(11,549,0,0),(11,550,0,0),(11,551,0,0),(11,569,0,0),(11,570,0,0),(11,571,0,0),(11,574,0,4),(11,576,0,0),(11,577,0,64),(11,589,0,0),(11,609,0,0),(11,729,0,6),(11,730,0,16),(11,749,0,0),(11,809,0,16),(11,889,0,6),(11,890,0,16),(11,891,0,24),(11,892,0,14),(11,909,0,16),(11,910,0,2),(11,911,0,6),(11,922,0,6),(11,930,3665,17),(11,932,0,80),(11,933,0,16),(11,934,0,80),(11,935,0,16),(11,936,0,0),(11,941,0,6),(11,942,0,16),(11,946,0,16),(11,947,0,2),(11,948,0,0),(11,949,0,0),(11,952,0,0),(11,967,0,16),(11,970,0,0),(11,978,0,16),(11,980,0,24),(11,989,0,16),(11,990,0,16),(11,1005,0,20),(11,1011,0,16),(11,1012,0,16),(11,1015,0,2),(11,1031,0,16),(11,1037,0,136),(11,1038,0,16),(11,1050,0,16),(11,1052,0,2),(11,1064,0,6),(11,1067,0,2),(11,1068,0,16),(11,1073,0,16),(11,1077,0,16),(11,1082,0,0),(11,1085,0,6),(11,1090,0,16),(11,1091,0,16),(11,1094,0,16),(11,1097,0,12),(11,1098,0,16),(11,1104,0,16),(11,1105,0,16),(11,1106,0,16),(11,1117,0,12),(11,1118,0,12),(11,1119,0,2),(11,1124,0,6),(11,1126,0,16),(11,1133,0,6),(11,1134,14655,17),(11,1135,0,16),(11,1136,0,4),(11,1137,0,4),(11,1154,0,4),(11,1155,0,4),(11,1156,0,16),(11,1158,0,16),(11,1162,0,8),(11,1163,0,0),(11,1166,0,0),(11,1167,0,0),(11,1168,0,17),(11,1169,0,28),(11,1171,0,66),(11,1172,0,2),(11,1173,0,16),(11,1174,0,16),(11,1177,0,0),(11,1178,0,6),(11,1181,0,20),(11,1204,0,16),(12,21,0,64),(12,46,0,4),(12,47,3102,17),(12,54,2914,17),(12,59,0,16),(12,67,0,14),(12,68,0,6),(12,69,3861,17),(12,70,0,2),(12,72,3647,17),(12,76,0,6),(12,81,0,6),(12,83,0,4),(12,86,0,4),(12,87,0,2),(12,92,0,2),(12,93,0,2),(12,169,0,12),(12,270,0,16),(12,289,0,4),(12,349,0,0),(12,369,0,64),(12,469,0,25),(12,470,0,64),(12,471,0,20),(12,509,0,16),(12,510,0,2),(12,529,0,0),(12,530,0,6),(12,549,0,4),(12,550,0,4),(12,551,0,4),(12,569,0,4),(12,570,0,4),(12,571,0,4),(12,574,0,4),(12,576,0,0),(12,577,0,64),(12,589,0,0),(12,609,0,0),(12,729,0,6),(12,730,0,16),(12,749,0,0),(12,809,0,16),(12,889,0,6),(12,890,0,16),(12,891,0,24),(12,892,0,14),(12,909,0,16),(12,910,0,2),(12,911,0,6),(12,922,0,6),(12,930,9897,17),(12,932,0,80),(12,933,0,16),(12,934,0,82),(12,935,0,16),(12,936,0,28),(12,941,0,6),(12,942,0,16),(12,946,0,16),(12,947,0,2),(12,948,0,8),(12,949,0,24),(12,952,0,0),(12,967,0,16),(12,970,0,0),(12,978,0,16),(12,980,0,24),(12,989,0,16),(12,990,0,16),(12,1005,0,20),(12,1011,0,16),(12,1012,0,16),(12,1015,0,2),(12,1031,0,16),(12,1037,0,136),(12,1038,0,16),(12,1050,0,16),(12,1052,0,2),(12,1064,0,6),(12,1067,0,2),(12,1068,0,16),(12,1073,0,16),(12,1077,0,16),(12,1082,0,4),(12,1085,0,6),(12,1090,0,16),(12,1091,0,16),(12,1094,0,16),(12,1097,0,0),(12,1098,0,16),(12,1104,0,16),(12,1105,0,16),(12,1106,0,16),(12,1117,0,12),(12,1118,0,12),(12,1119,0,2),(12,1124,0,6),(12,1126,0,16),(12,1133,0,6),(12,1134,2914,17),(12,1135,0,16),(12,1136,0,4),(12,1137,0,4),(12,1154,0,4),(12,1155,0,4),(12,1156,0,16),(12,1158,0,16),(12,1162,0,8),(12,1163,0,0),(12,1166,0,0),(12,1167,0,0),(12,1168,0,17),(12,1169,0,28),(12,1171,0,66),(12,1172,0,2),(12,1173,0,16),(12,1174,0,16),(12,1177,0,0),(12,1178,0,6),(12,1181,0,20),(12,1204,0,16);
/*!40000 ALTER TABLE `character_reputation` ENABLE KEYS */;
UNLOCK TABLES;

--
-- Table structure for table `character_rewardstatus_lfg`
--

DROP TABLE IF EXISTS `character_rewardstatus_lfg`;
/*!40101 SET @saved_cs_client     = @@character_set_client */;
/*!40101 SET character_set_client = utf8 */;
CREATE TABLE `character_rewardstatus_lfg` (
  `guid` int(10) NOT NULL DEFAULT 0 COMMENT 'Global Unique Identifier',
  `dungeonId` smallint(3) NOT NULL DEFAULT 0 COMMENT 'Dungeon ID Identifier',
  `rewardCount` tinyint(3) unsigned DEFAULT 0 COMMENT 'Dungeon First Reward Count Identifier',
  `dailyReset` tinyint(1) unsigned DEFAULT 0 COMMENT 'Reward Count Daily Reset Identifier'
) ENGINE=InnoDB DEFAULT CHARSET=utf8 COLLATE=utf8_unicode_ci;
/*!40101 SET character_set_client = @saved_cs_client */;

--
-- Dumping data for table `character_rewardstatus_lfg`
--

LOCK TABLES `character_rewardstatus_lfg` WRITE;
/*!40000 ALTER TABLE `character_rewardstatus_lfg` DISABLE KEYS */;
/*!40000 ALTER TABLE `character_rewardstatus_lfg` ENABLE KEYS */;
UNLOCK TABLES;

--
-- Table structure for table `character_skills`
--

DROP TABLE IF EXISTS `character_skills`;
/*!40101 SET @saved_cs_client     = @@character_set_client */;
/*!40101 SET character_set_client = utf8 */;
CREATE TABLE `character_skills` (
  `guid` int(10) unsigned NOT NULL COMMENT 'Global Unique Identifier',
  `skill` smallint(5) unsigned NOT NULL,
  `value` smallint(5) unsigned NOT NULL,
  `max` smallint(5) unsigned NOT NULL,
  PRIMARY KEY (`guid`,`skill`)
) ENGINE=InnoDB DEFAULT CHARSET=utf8 COMMENT='Player System';
/*!40101 SET character_set_client = @saved_cs_client */;

--
-- Dumping data for table `character_skills`
--

LOCK TABLES `character_skills` WRITE;
/*!40000 ALTER TABLE `character_skills` DISABLE KEYS */;
INSERT INTO `character_skills` VALUES (1,43,1,5),(1,44,1,5),(1,54,1,5),(1,55,1,5),(1,95,1,5),(1,109,300,300),(1,115,300,300),(1,124,60,60),(1,129,73,150),(1,160,1,5),(1,162,1,5),(1,164,38,75),(1,172,1,5),(1,183,60,60),(1,184,60,60),(1,185,69,150),(1,186,45,75),(1,229,1,5),(1,267,60,60),(1,356,1,75),(1,413,1,1),(1,414,1,1),(1,415,1,1),(1,433,1,1),(1,594,60,60),(1,777,60,60),(1,778,60,60),(1,800,60,60),(1,810,60,60),(2,6,60,60),(2,8,60,60),(2,43,1,5),(2,95,1,5),(2,109,300,300),(2,125,60,60),(2,129,42,75),(2,136,1,5),(2,162,1,5),(2,173,1,5),(2,183,60,60),(2,185,49,75),(2,197,1,75),(2,228,1,5),(2,237,60,60),(2,333,4,75),(2,356,5,75),(2,415,1,1),(2,777,60,60),(2,778,60,60),(2,799,60,60),(2,810,60,60),(3,44,1,5),(3,54,1,5),(3,95,1,5),(3,98,300,300),(3,101,60,60),(3,111,300,300),(3,118,1,1),(3,129,77,150),(3,136,1,5),(3,160,1,5),(3,162,1,5),(3,165,17,75),(3,172,1,5),(3,173,1,5),(3,183,60,60),(3,185,60,150),(3,356,1,75),(3,373,60,60),(3,374,60,60),(3,375,60,60),(3,393,20,75),(3,414,1,1),(3,415,1,1),(3,433,1,1),(3,473,1,60),(3,777,60,60),(3,778,60,60),(3,801,60,60),(3,810,60,60),(4,43,1,5),(4,44,1,5),(4,45,1,5),(4,46,1,5),(4,50,55,55),(4,51,55,55),(4,55,1,5),(4,95,1,5),(4,98,300,300),(4,129,26,75),(4,136,1,5),(4,162,1,5),(4,163,55,55),(4,172,1,5),(4,173,1,5),(4,183,55,55),(4,185,57,75),(4,186,35,75),(4,202,58,75),(4,226,1,5),(4,229,1,5),(4,356,3,75),(4,414,1,1),(4,415,1,1),(4,473,1,55),(4,754,55,55),(4,777,55,55),(4,778,55,55),(4,795,55,55),(4,810,55,55),(5,54,1,5),(5,95,1,5),(5,109,300,300),(5,129,67,150),(5,134,60,60),(5,136,1,5),(5,160,1,60),(5,162,1,5),(5,165,12,75),(5,173,1,5),(5,183,60,60),(5,185,39,75),(5,229,1,5),(5,315,300,300),(5,393,17,75),(5,414,1,1),(5,415,1,1),(5,473,1,60),(5,573,60,60),(5,574,60,60),(5,733,60,60),(5,777,60,60),(5,778,60,60),(5,798,60,60),(5,810,60,60),(6,38,60,60),(6,39,60,60),(6,43,1,5),(6,44,1,5),(6,45,1,5),(6,46,1,5),(6,54,1,5),(6,95,1,5),(6,109,300,300),(6,118,5,5),(6,129,47,75),(6,162,1,5),(6,171,36,75),(6,173,1,5),(6,176,1,5),(6,182,42,75),(6,183,60,60),(6,185,59,150),(6,220,60,60),(6,226,1,5),(6,253,60,60),(6,356,3,75),(6,414,1,1),(6,415,1,1),(6,473,1,60),(6,673,300,300),(6,777,60,60),(6,778,60,60),(6,797,60,60),(6,810,60,60),(7,43,270,275),(7,44,270,275),(7,54,270,275),(7,55,270,275),(7,95,270,275),(7,98,300,300),(7,118,275,275),(7,129,270,300),(7,160,270,275),(7,162,270,275),(7,172,270,275),(7,183,290,290),(7,229,270,275),(7,293,1,1),(7,313,300,300),(7,413,1,1),(7,414,1,1),(7,415,1,1),(7,753,290,290),(7,762,150,150),(7,770,290,290),(7,771,290,290),(7,772,290,290),(7,776,1,1),(7,777,290,290),(7,778,290,290),(7,796,290,290),(7,810,290,290),(8,6,60,60),(8,8,60,60),(8,43,1,5),(8,95,1,5),(8,98,300,300),(8,113,300,300),(8,126,60,60),(8,129,1,75),(8,136,1,5),(8,162,1,5),(8,173,1,5),(8,183,60,60),(8,185,50,75),(8,197,59,150),(8,228,5,5),(8,237,60,60),(8,333,20,75),(8,415,1,1),(8,777,60,60),(8,778,60,60),(8,799,60,60),(8,810,60,60),(9,95,1,5),(9,109,300,300),(9,136,1,5),(9,162,1,5),(9,173,1,5),(9,183,25,25),(9,228,5,5),(9,354,25,25),(9,355,25,25),(9,415,1,1),(9,593,25,25),(9,777,25,25),(9,778,25,25),(9,790,25,25),(9,792,300,300),(9,802,25,25),(9,810,25,25),(10,26,45,45),(10,43,1,5),(10,44,1,5),(10,45,1,5),(10,46,1,5),(10,54,1,5),(10,55,1,5),(10,95,1,5),(10,109,300,300),(10,118,1,1),(10,129,47,75),(10,136,1,5),(10,137,300,300),(10,160,1,5),(10,162,1,5),(10,172,1,5),(10,173,1,5),(10,176,1,5),(10,183,45,45),(10,185,35,75),(10,186,1,75),(10,226,1,5),(10,229,1,5),(10,256,45,45),(10,257,45,45),(10,356,1,75),(10,413,1,1),(10,414,1,1),(10,415,1,1),(10,433,1,1),(10,473,1,45),(10,756,45,45),(10,777,45,45),(10,778,45,45),(10,803,45,45),(10,810,45,45),(11,95,1,5),(11,98,300,300),(11,129,1,75),(11,136,1,5),(11,162,1,5),(11,173,1,5),(11,183,50,50),(11,185,1,75),(11,228,5,5),(11,354,50,50),(11,355,50,50),(11,415,1,1),(11,593,50,50),(11,762,75,75),(11,777,50,50),(11,778,50,50),(11,789,50,50),(11,791,300,300),(11,802,50,50),(11,810,50,50),(12,54,1,5),(12,56,50,50),(12,78,50,50),(12,95,1,5),(12,98,300,300),(12,129,13,75),(12,136,1,5),(12,162,1,5),(12,173,1,5),(12,183,50,50),(12,185,52,75),(12,228,5,5),(12,356,1,75),(12,415,1,1),(12,613,50,50),(12,759,300,300),(12,760,50,50),(12,777,50,50),(12,778,50,50),(12,804,50,50),(12,810,50,50);
/*!40000 ALTER TABLE `character_skills` ENABLE KEYS */;
UNLOCK TABLES;

--
-- Table structure for table `character_social`
--

DROP TABLE IF EXISTS `character_social`;
/*!40101 SET @saved_cs_client     = @@character_set_client */;
/*!40101 SET character_set_client = utf8 */;
CREATE TABLE `character_social` (
  `guid` int(10) unsigned NOT NULL DEFAULT 0 COMMENT 'Character Global Unique Identifier',
  `friend` int(10) unsigned NOT NULL DEFAULT 0 COMMENT 'Friend Global Unique Identifier',
  `flags` tinyint(3) unsigned NOT NULL DEFAULT 0 COMMENT 'Friend Flags',
  `note` varchar(48) NOT NULL DEFAULT '' COMMENT 'Friend Note',
  PRIMARY KEY (`guid`,`friend`,`flags`),
  KEY `friend` (`friend`)
) ENGINE=InnoDB DEFAULT CHARSET=utf8 COMMENT='Player System';
/*!40101 SET character_set_client = @saved_cs_client */;

--
-- Dumping data for table `character_social`
--

LOCK TABLES `character_social` WRITE;
/*!40000 ALTER TABLE `character_social` DISABLE KEYS */;
/*!40000 ALTER TABLE `character_social` ENABLE KEYS */;
UNLOCK TABLES;

--
-- Table structure for table `character_spell`
--

DROP TABLE IF EXISTS `character_spell`;
/*!40101 SET @saved_cs_client     = @@character_set_client */;
/*!40101 SET character_set_client = utf8 */;
CREATE TABLE `character_spell` (
  `guid` int(10) unsigned NOT NULL DEFAULT 0 COMMENT 'Global Unique Identifier',
  `spell` mediumint(8) unsigned NOT NULL DEFAULT 0 COMMENT 'Spell Identifier',
  `active` tinyint(3) unsigned NOT NULL DEFAULT 1,
  `disabled` tinyint(3) unsigned NOT NULL DEFAULT 0,
  PRIMARY KEY (`guid`,`spell`)
) ENGINE=InnoDB DEFAULT CHARSET=utf8 COMMENT='Player System';
/*!40101 SET character_set_client = @saved_cs_client */;

--
-- Dumping data for table `character_spell`
--

LOCK TABLES `character_spell` WRITE;
/*!40000 ALTER TABLE `character_spell` DISABLE KEYS */;
INSERT INTO `character_spell` VALUES (1,465,1,0),(1,635,1,0),(1,853,1,0),(1,2018,1,0),(1,2539,1,0),(1,2541,1,0),(1,2575,1,0),(1,2661,1,0),(1,2662,1,0),(1,2737,1,0),(1,2738,1,0),(1,2739,1,0),(1,3102,1,0),(1,3274,1,0),(1,3276,1,0),(1,3293,1,0),(1,3319,1,0),(1,3320,1,0),(1,3321,1,0),(1,6412,1,0),(1,6414,1,0),(1,6415,1,0),(1,6499,1,0),(1,7328,1,0),(1,7620,1,0),(1,7751,1,0),(1,7753,1,0),(1,8880,1,0),(1,9983,1,0),(1,20113,1,0),(1,20154,1,0),(1,20271,1,0),(1,31867,1,0),(1,37836,1,0),(1,53503,1,0),(1,82242,1,0),(1,85256,1,0),(1,85673,1,0),(1,89901,1,0),(1,93741,1,0),(2,116,1,0),(2,122,1,0),(2,2136,1,0),(2,2139,1,0),(2,2393,1,0),(2,2539,1,0),(2,2550,1,0),(2,3273,1,0),(2,3908,1,0),(2,5143,1,0),(2,6412,1,0),(2,6413,1,0),(2,7411,1,0),(2,7620,1,0),(2,11080,1,0),(2,11366,1,0),(2,37836,1,0),(2,84668,1,0),(3,324,1,0),(3,331,1,0),(3,2108,1,0),(3,2539,1,0),(3,2541,1,0),(3,2795,1,0),(3,3102,1,0),(3,3274,1,0),(3,3276,1,0),(3,3599,1,0),(3,6412,1,0),(3,6415,1,0),(3,6499,1,0),(3,7620,1,0),(3,7752,1,0),(3,7753,1,0),(3,8024,1,0),(3,8042,1,0),(3,8075,1,0),(3,8613,1,0),(3,30814,1,0),(3,37836,1,0),(3,51522,1,0),(3,60103,1,0),(3,73899,1,0),(3,77537,1,0),(3,86629,1,0),(3,93741,1,0),(4,1494,1,0),(4,2550,1,0),(4,2575,1,0),(4,2973,1,0),(4,3273,1,0),(4,3922,1,0),(4,3923,1,0),(4,4036,1,0),(4,5116,1,0),(4,7620,1,0),(4,7751,1,0),(4,19577,1,0),(4,19592,1,0),(4,37836,1,0),(4,56641,1,0),(4,82243,1,0),(4,87325,1,0),(5,339,1,0),(5,467,1,0),(5,768,1,0),(5,774,1,0),(5,1082,1,0),(5,1822,1,0),(5,2108,1,0),(5,2539,1,0),(5,2550,1,0),(5,2912,1,0),(5,3274,1,0),(5,3276,1,0),(5,5215,1,0),(5,6412,1,0),(5,6413,1,0),(5,8613,1,0),(5,8921,1,0),(5,8936,1,0),(5,17058,1,0),(5,22568,1,0),(5,33917,1,0),(5,37836,1,0),(5,50464,1,0),(5,50769,1,0),(5,84735,1,0),(5,84840,1,0),(5,87335,1,0),(6,921,1,0),(6,1784,1,0),(6,2098,1,0),(6,2259,1,0),(6,2366,1,0),(6,2539,1,0),(6,2541,1,0),(6,2842,1,0),(6,3102,1,0),(6,3273,1,0),(6,3276,1,0),(6,5277,1,0),(6,6412,1,0),(6,6415,1,0),(6,6499,1,0),(6,6770,1,0),(6,7620,1,0),(6,7751,1,0),(6,7752,1,0),(6,7827,1,0),(6,8676,1,0),(6,13852,1,0),(6,13863,1,0),(6,13877,1,0),(6,15935,1,0),(6,37836,1,0),(6,61329,1,0),(6,93741,1,0),(7,33391,1,0),(7,45524,1,0),(7,46584,1,0),(7,47528,1,0),(7,48263,1,0),(7,48721,1,0),(7,48778,1,0),(7,49016,1,0),(7,49194,1,0),(7,49565,1,0),(7,49568,1,0),(7,49572,1,0),(7,49588,1,0),(7,49998,1,0),(7,50392,1,0),(7,50842,1,0),(7,50977,1,0),(7,52143,1,0),(7,53342,1,0),(7,53428,1,0),(7,54447,1,0),(7,55090,1,0),(7,56835,1,0),(7,63560,1,0),(7,81334,1,0),(7,87510,1,0),(7,91107,1,0),(7,91319,1,0),(7,91323,1,0),(7,96270,1,0),(8,116,1,0),(8,122,1,0),(8,2136,1,0),(8,2139,1,0),(8,2385,1,0),(8,2392,1,0),(8,2393,1,0),(8,2394,1,0),(8,2539,1,0),(8,2541,1,0),(8,2550,1,0),(8,3273,1,0),(8,3755,1,0),(8,3840,1,0),(8,3909,1,0),(8,3914,1,0),(8,5143,1,0),(8,6412,1,0),(8,6415,1,0),(8,6499,1,0),(8,7411,1,0),(8,7420,1,0),(8,7623,1,0),(8,7624,1,0),(8,8465,1,0),(8,8776,1,0),(8,12045,1,0),(8,12574,1,0),(8,14293,1,0),(8,37836,1,0),(8,44425,1,0),(8,84671,1,0),(8,93741,1,0),(9,348,1,0),(10,71,1,0),(10,100,1,0),(10,355,1,0),(10,772,1,0),(10,2539,1,0),(10,2550,1,0),(10,2575,1,0),(10,3127,1,0),(10,3273,1,0),(10,3276,1,0),(10,6343,1,0),(10,6412,1,0),(10,7620,1,0),(10,12852,1,0),(10,23588,1,0),(10,23881,1,0),(10,29592,1,0),(10,34428,1,0),(10,37836,1,0),(11,172,1,0),(11,348,1,0),(11,687,1,0),(11,689,1,0),(11,697,1,0),(11,1120,1,0),(11,1454,1,0),(11,2550,1,0),(11,3273,1,0),(11,6201,1,0),(11,17812,1,0),(11,30108,1,0),(11,37836,1,0),(11,68975,1,0),(11,68976,1,0),(11,68978,1,0),(11,68992,1,0),(11,68996,1,0),(11,74434,1,0),(11,87339,1,0),(11,93375,1,0),(11,94293,1,0),(12,17,1,0),(12,139,1,0),(12,588,1,0),(12,589,1,0),(12,2061,1,0),(12,2539,1,0),(12,2550,1,0),(12,3273,1,0),(12,6412,1,0),(12,7620,1,0),(12,8092,1,0),(12,15317,1,0),(12,15407,1,0),(12,33277,1,0),(12,37836,1,0),(12,87327,1,0),(12,95740,1,0);
/*!40000 ALTER TABLE `character_spell` ENABLE KEYS */;
UNLOCK TABLES;

--
-- Table structure for table `character_spell_cooldown`
--

DROP TABLE IF EXISTS `character_spell_cooldown`;
/*!40101 SET @saved_cs_client     = @@character_set_client */;
/*!40101 SET character_set_client = utf8 */;
CREATE TABLE `character_spell_cooldown` (
  `guid` int(10) unsigned NOT NULL DEFAULT 0 COMMENT 'Global Unique Identifier, Low part',
  `spell` mediumint(8) unsigned NOT NULL DEFAULT 0 COMMENT 'Spell Identifier',
  `item` int(10) unsigned NOT NULL DEFAULT 0 COMMENT 'Item Identifier',
  `time` int(10) unsigned NOT NULL DEFAULT 0,
  `categoryId` int(10) unsigned NOT NULL DEFAULT 0 COMMENT 'Spell category Id',
  `categoryEnd` int(10) unsigned NOT NULL DEFAULT 0,
  PRIMARY KEY (`guid`,`spell`)
) ENGINE=InnoDB DEFAULT CHARSET=utf8;
/*!40101 SET character_set_client = @saved_cs_client */;

--
-- Dumping data for table `character_spell_cooldown`
--

LOCK TABLES `character_spell_cooldown` WRITE;
/*!40000 ALTER TABLE `character_spell_cooldown` DISABLE KEYS */;
/*!40000 ALTER TABLE `character_spell_cooldown` ENABLE KEYS */;
UNLOCK TABLES;

--
-- Table structure for table `character_stats`
--

DROP TABLE IF EXISTS `character_stats`;
/*!40101 SET @saved_cs_client     = @@character_set_client */;
/*!40101 SET character_set_client = utf8 */;
CREATE TABLE `character_stats` (
  `guid` int(10) unsigned NOT NULL DEFAULT 0 COMMENT 'Global Unique Identifier, Low part',
  `maxhealth` int(10) unsigned NOT NULL DEFAULT 0,
  `maxpower1` int(10) unsigned NOT NULL DEFAULT 0,
  `maxpower2` int(10) unsigned NOT NULL DEFAULT 0,
  `maxpower3` int(10) unsigned NOT NULL DEFAULT 0,
  `maxpower4` int(10) unsigned NOT NULL DEFAULT 0,
  `maxpower5` int(10) unsigned NOT NULL DEFAULT 0,
  `strength` int(10) unsigned NOT NULL DEFAULT 0,
  `agility` int(10) unsigned NOT NULL DEFAULT 0,
  `stamina` int(10) unsigned NOT NULL DEFAULT 0,
  `intellect` int(10) unsigned NOT NULL DEFAULT 0,
  `spirit` int(10) unsigned NOT NULL DEFAULT 0,
  `armor` int(10) unsigned NOT NULL DEFAULT 0,
  `resHoly` int(10) unsigned NOT NULL DEFAULT 0,
  `resFire` int(10) unsigned NOT NULL DEFAULT 0,
  `resNature` int(10) unsigned NOT NULL DEFAULT 0,
  `resFrost` int(10) unsigned NOT NULL DEFAULT 0,
  `resShadow` int(10) unsigned NOT NULL DEFAULT 0,
  `resArcane` int(10) unsigned NOT NULL DEFAULT 0,
  `blockPct` float unsigned NOT NULL DEFAULT 0,
  `dodgePct` float unsigned NOT NULL DEFAULT 0,
  `parryPct` float unsigned NOT NULL DEFAULT 0,
  `critPct` float unsigned NOT NULL DEFAULT 0,
  `rangedCritPct` float unsigned NOT NULL DEFAULT 0,
  `spellCritPct` float unsigned NOT NULL DEFAULT 0,
  `attackPower` int(10) unsigned NOT NULL DEFAULT 0,
  `rangedAttackPower` int(10) unsigned NOT NULL DEFAULT 0,
  `spellPower` int(10) unsigned NOT NULL DEFAULT 0,
  `resilience` int(10) unsigned NOT NULL DEFAULT 0,
  PRIMARY KEY (`guid`)
) ENGINE=InnoDB DEFAULT CHARSET=utf8;
/*!40101 SET character_set_client = @saved_cs_client */;

--
-- Dumping data for table `character_stats`
--

LOCK TABLES `character_stats` WRITE;
/*!40000 ALTER TABLE `character_stats` DISABLE KEYS */;
/*!40000 ALTER TABLE `character_stats` ENABLE KEYS */;
UNLOCK TABLES;

--
-- Table structure for table `character_talent`
--

DROP TABLE IF EXISTS `character_talent`;
/*!40101 SET @saved_cs_client     = @@character_set_client */;
/*!40101 SET character_set_client = utf8 */;
CREATE TABLE `character_talent` (
  `guid` int(10) unsigned NOT NULL,
  `spell` mediumint(8) unsigned NOT NULL,
  `talentGroup` tinyint(3) unsigned NOT NULL DEFAULT 0,
  PRIMARY KEY (`guid`,`spell`,`talentGroup`)
) ENGINE=InnoDB DEFAULT CHARSET=utf8;
/*!40101 SET character_set_client = @saved_cs_client */;

--
-- Dumping data for table `character_talent`
--

LOCK TABLES `character_talent` WRITE;
/*!40000 ALTER TABLE `character_talent` DISABLE KEYS */;
INSERT INTO `character_talent` VALUES (1,31867,0),(2,11080,0),(3,77537,0),(4,19592,0),(5,17058,0),(6,13863,0),(7,49016,0),(7,49194,0),(7,49565,0),(7,49568,0),(7,49572,0),(7,49588,0),(7,50392,0),(7,63560,0),(7,81334,0),(7,91319,0),(7,91323,0),(7,96270,0),(8,12574,0),(10,12852,0),(11,17812,0),(12,15317,0);
/*!40000 ALTER TABLE `character_talent` ENABLE KEYS */;
UNLOCK TABLES;

--
-- Table structure for table `character_void_storage`
--

DROP TABLE IF EXISTS `character_void_storage`;
/*!40101 SET @saved_cs_client     = @@character_set_client */;
/*!40101 SET character_set_client = utf8 */;
CREATE TABLE `character_void_storage` (
  `itemId` bigint(20) unsigned NOT NULL,
  `playerGuid` int(10) unsigned NOT NULL,
  `itemEntry` mediumint(8) unsigned NOT NULL,
  `slot` tinyint(3) unsigned NOT NULL,
  `creatorGuid` int(10) unsigned NOT NULL DEFAULT 0,
  `randomProperty` int(10) unsigned NOT NULL DEFAULT 0,
  `suffixFactor` int(10) unsigned NOT NULL DEFAULT 0,
  PRIMARY KEY (`itemId`),
  UNIQUE KEY `idx_player_slot` (`playerGuid`,`slot`),
  KEY `idx_player` (`playerGuid`)
) ENGINE=InnoDB DEFAULT CHARSET=utf8;
/*!40101 SET character_set_client = @saved_cs_client */;

--
-- Dumping data for table `character_void_storage`
--

LOCK TABLES `character_void_storage` WRITE;
/*!40000 ALTER TABLE `character_void_storage` DISABLE KEYS */;
/*!40000 ALTER TABLE `character_void_storage` ENABLE KEYS */;
UNLOCK TABLES;

--
-- Table structure for table `characters`
--

DROP TABLE IF EXISTS `characters`;
/*!40101 SET @saved_cs_client     = @@character_set_client */;
/*!40101 SET character_set_client = utf8 */;
CREATE TABLE `characters` (
  `guid` int(10) unsigned NOT NULL DEFAULT 0 COMMENT 'Global Unique Identifier',
  `account` int(10) unsigned NOT NULL DEFAULT 0 COMMENT 'Account Identifier',
  `name` varchar(12) CHARACTER SET utf8 COLLATE utf8_bin NOT NULL,
  `slot` tinyint(3) unsigned NOT NULL DEFAULT 0,
  `race` tinyint(3) unsigned NOT NULL DEFAULT 0,
  `class` tinyint(3) unsigned NOT NULL DEFAULT 0,
  `gender` tinyint(3) unsigned NOT NULL DEFAULT 0,
  `level` tinyint(3) unsigned NOT NULL DEFAULT 0,
  `xp` int(10) unsigned NOT NULL DEFAULT 0,
  `money` bigint(20) unsigned NOT NULL DEFAULT 0,
  `skin` tinyint(3) unsigned NOT NULL DEFAULT 0,
  `face` tinyint(3) unsigned NOT NULL DEFAULT 0,
  `hairStyle` tinyint(3) unsigned NOT NULL DEFAULT 0,
  `hairColor` tinyint(3) unsigned NOT NULL DEFAULT 0,
  `facialStyle` tinyint(3) unsigned NOT NULL DEFAULT 0,
  `bankSlots` tinyint(3) unsigned NOT NULL DEFAULT 0,
  `restState` tinyint(3) unsigned NOT NULL DEFAULT 0,
  `playerFlags` int(10) unsigned NOT NULL DEFAULT 0,
  `position_x` float NOT NULL DEFAULT 0,
  `position_y` float NOT NULL DEFAULT 0,
  `position_z` float NOT NULL DEFAULT 0,
  `map` smallint(5) unsigned NOT NULL DEFAULT 0 COMMENT 'Map Identifier',
  `instance_id` int(10) unsigned NOT NULL DEFAULT 0,
  `instance_mode_mask` tinyint(3) unsigned NOT NULL DEFAULT 0,
  `orientation` float NOT NULL DEFAULT 0,
  `taximask` text NOT NULL,
  `online` tinyint(3) unsigned NOT NULL DEFAULT 0,
  `cinematic` tinyint(3) unsigned NOT NULL DEFAULT 0,
  `totaltime` int(10) unsigned NOT NULL DEFAULT 0,
  `leveltime` int(10) unsigned NOT NULL DEFAULT 0,
  `logout_time` int(10) unsigned NOT NULL DEFAULT 0,
  `is_logout_resting` tinyint(3) unsigned NOT NULL DEFAULT 0,
  `rest_bonus` float NOT NULL DEFAULT 0,
  `resettalents_cost` int(10) unsigned NOT NULL DEFAULT 0,
  `resettalents_time` int(10) unsigned NOT NULL DEFAULT 0,
  `talentTree` varchar(10) NOT NULL DEFAULT '0 0',
  `trans_x` float NOT NULL DEFAULT 0,
  `trans_y` float NOT NULL DEFAULT 0,
  `trans_z` float NOT NULL DEFAULT 0,
  `trans_o` float NOT NULL DEFAULT 0,
  `transguid` mediumint(8) unsigned NOT NULL DEFAULT 0,
  `trans_spawn_id` int(11) unsigned NOT NULL DEFAULT 0,
  `extra_flags` smallint(5) unsigned NOT NULL DEFAULT 0,
  `stable_slots` tinyint(3) unsigned NOT NULL DEFAULT 0,
  `at_login` smallint(5) unsigned NOT NULL DEFAULT 0,
  `zone` smallint(5) unsigned NOT NULL DEFAULT 0,
  `death_expire_time` int(10) unsigned NOT NULL DEFAULT 0,
  `taxi_path` text DEFAULT NULL,
  `totalKills` int(10) unsigned NOT NULL DEFAULT 0,
  `todayKills` smallint(5) unsigned NOT NULL DEFAULT 0,
  `yesterdayKills` smallint(5) unsigned NOT NULL DEFAULT 0,
  `chosenTitle` int(10) unsigned NOT NULL DEFAULT 0,
  `watchedFaction` int(10) unsigned NOT NULL DEFAULT 0,
  `drunk` tinyint(3) unsigned NOT NULL DEFAULT 0,
  `health` int(10) unsigned NOT NULL DEFAULT 0,
  `power1` int(10) unsigned NOT NULL DEFAULT 0,
  `power2` int(10) unsigned NOT NULL DEFAULT 0,
  `power3` int(10) unsigned NOT NULL DEFAULT 0,
  `power4` int(10) unsigned NOT NULL DEFAULT 0,
  `power5` int(10) unsigned NOT NULL DEFAULT 0,
  `latency` mediumint(8) unsigned NOT NULL DEFAULT 0,
  `talentGroupsCount` tinyint(3) unsigned NOT NULL DEFAULT 1,
  `activeTalentGroup` tinyint(3) unsigned NOT NULL DEFAULT 0,
  `exploredZones` longtext DEFAULT NULL,
  `equipmentCache` longtext DEFAULT NULL,
  `knownTitles` longtext DEFAULT NULL,
  `actionBars` tinyint(3) unsigned NOT NULL DEFAULT 0,
  `grantableLevels` tinyint(3) unsigned NOT NULL DEFAULT 0,
  `achievementPoints` int(10) unsigned NOT NULL DEFAULT 0,
  `deleteInfos_Account` int(10) unsigned DEFAULT NULL,
  `deleteInfos_Name` varchar(12) DEFAULT NULL,
  `deleteDate` int(10) unsigned DEFAULT NULL,
  PRIMARY KEY (`guid`),
  KEY `idx_account` (`account`),
  KEY `idx_online` (`online`),
  KEY `idx_name` (`name`)
) ENGINE=InnoDB DEFAULT CHARSET=utf8 COMMENT='Player System';
/*!40101 SET character_set_client = @saved_cs_client */;

--
-- Dumping data for table `characters`
--

LOCK TABLES `characters` WRITE;
/*!40000 ALTER TABLE `characters` DISABLE KEYS */;
INSERT INTO `characters` VALUES (1,1,'Facurn',0,6,2,0,12,6876,1855,12,4,7,0,4,0,1,268435488,-1212.9,96.1803,134.005,1,0,0,6.01821,'0 6 96 1 0 8 0 0 0 128 6 0 4 0 0 0 0 0 0 0 0 0 0 0 0 16 0 0 0 0 0 0 1 0 0 0 0 0 0 0 0 0 0 0 0 0 0 128 0 0 2 0 0 0 0 0 0 10 0 0 0 0 0 0 0 0 128 1 0 0 0 0 0 0 0 0 48 0 0 0 16 32 0 0 0 5 0 0 0 0 0 0 0 0 0 0 0 0 0 0 0 0 0 0 0 0 0 0 0 0 0 0 0 0 ',0,1,17184,2601,1591807986,1,7350,0,0,'855 0 ',0,0,0,0,0,0,4,0,0,1638,0,'',0,0,0,0,4294967295,0,284,284,0,0,0,0,0,1,0,'0 0 4194304 6291456 0 0 0 0 8192000 0 0 0 0 301989888 0 0 0 262144 0 0 3221225472 0 192 0 0 0 0 0 0 0 0 0 0 0 0 0 0 0 0 0 0 0 0 0 0 0 0 0 0 0 0 0 0 0 0 0 0 0 0 0 0 0 0 0 0 0 0 0 0 0 0 0 0 0 0 0 0 0 0 0 0 0 0 0 0 0 0 0 0 0 0 0 0 0 0 0 0 0 0 0 0 2088 0 2147483648 10 0 0 0 0 0 0 0 0 0 0 0 0 0 0 0 0 0 0 0 0 0 67108864 0 0 0 0 0 0 0 0 0 0 0 0 0 0 0 0 0 0 0 0 0 0 0 0 0 0 0 0 0 ','0 0 0 0 0 0 0 0 57237 0 2851 0 57236 0 57238 0 2643 0 15008 0 0 0 0 0 0 0 0 0 4692 0 57239 0 0 0 0 0 0 0 57793 0 5571 0 57792 0 828 0 ','0 0 0 0 0 0 0 0 ',4,0,10,NULL,NULL,NULL),(2,2,'Yanz',0,2,8,1,12,4557,8475,7,7,4,1,1,0,1,268435488,1810.01,-4355.46,-10.3429,1,0,0,5.42785,'0 6 96 1 0 8 0 0 0 128 6 0 4 0 0 0 0 0 0 0 0 0 0 0 0 16 0 0 0 0 0 0 1 0 0 0 0 0 0 0 0 0 0 0 0 0 0 128 0 0 2 0 0 0 0 0 0 10 0 0 0 0 0 0 0 0 128 1 0 0 0 0 0 0 0 0 48 0 0 0 16 32 0 0 0 5 0 0 0 0 0 0 0 0 0 0 0 0 0 0 0 0 0 0 0 0 0 0 0 0 0 0 0 0 ',0,1,15535,885,1591875351,1,7350,0,0,'851 0 ',0,0,0,0,0,0,4,0,0,1637,0,'',0,0,0,0,4294967295,0,247,465,0,0,0,0,4,1,0,'0 0 4211081216 2147745814 0 0 0 0 0 0 0 1048576 0 0 4 0 0 8388608 0 0 218103808 0 8 0 0 0 0 1048576 0 0 0 1024 0 0 0 0 0 0 0 0 0 0 0 0 0 0 0 0 0 0 0 0 0 0 0 0 0 0 0 0 0 0 0 0 0 0 0 0 0 0 0 0 0 0 0 0 0 0 0 0 0 0 0 0 0 0 0 0 0 0 0 0 0 0 0 0 0 0 0 0 0 0 0 33554592 0 0 0 0 0 0 0 0 10485760 0 0 0 0 0 0 0 0 0 0 0 9362 0 8192 0 0 0 0 0 0 0 0 0 0 1048576 0 0 0 0 0 0 0 0 0 0 0 0 0 0 0 0 0 0 ','0 0 0 0 0 0 0 0 53372 0 9742 0 53375 0 53358 0 53354 0 53369 0 0 0 0 0 0 0 0 0 15299 0 4938 0 0 0 0 0 0 0 60242 0 828 0 805 0 60241 0 ','0 0 0 0 0 0 0 0 ',4,0,30,NULL,NULL,NULL),(3,3,'Herno',0,3,7,0,12,1545,4286,0,5,9,0,5,0,1,268435488,-4910.59,-972.606,501.455,0,0,0,5.23897,'170 0 0 6 0 0 0 0 0 128 0 48 8 0 0 0 0 0 0 0 0 0 0 0 0 16 0 0 0 0 16 0 0 0 0 0 0 0 0 0 0 0 4 0 0 0 0 0 0 0 0 0 0 0 0 0 128 1 0 0 0 0 0 0 0 0 0 0 0 4 0 0 224 16 0 0 0 140 0 0 0 0 0 0 0 0 0 0 0 0 0 0 0 0 0 0 0 0 0 0 0 0 0 0 0 0 0 0 0 0 0 0 0 0 ',0,1,15632,678,1591838553,1,7350,0,0,'263 0 ',0,0,0,0,0,0,4,0,0,1537,0,'',0,0,0,0,4294967295,0,312,361,0,0,0,0,8,1,0,'0 0 0 8388608 0 0 58195968 33554432 12288 0 0 0 0 0 0 0 0 0 0 2147483648 31744 131072 0 0 0 64 0 0 0 0 0 0 0 0 0 0 0 0 0 0 0 0 0 0 0 0 0 0 0 0 0 0 0 0 0 0 0 0 0 0 0 0 0 0 0 0 0 0 0 0 0 0 0 0 0 0 0 0 0 0 0 0 0 0 0 0 0 0 0 0 16 0 0 0 0 0 0 0 0 0 0 128 0 0 0 0 0 0 0 0 0 0 0 0 0 0 0 0 0 2684354560 2147483648 2 0 0 268435456 0 58720256 0 0 0 0 0 0 0 0 0 0 0 65536 0 0 0 0 0 0 0 0 0 0 0 0 0 0 0 0 0 ','0 0 0 0 0 0 0 0 57581 0 57554 0 57568 0 57572 0 57576 0 57545 15 0 0 0 0 0 0 0 0 1421 0 57583 0 1011 0 0 0 0 0 57549 0 0 0 0 0 0 0 ','0 0 0 0 0 0 0 0 ',4,0,20,NULL,NULL,NULL),(4,4,'Ilia',0,1,3,1,11,4905,2894,1,0,11,0,1,0,1,268435488,-8833.07,622.778,93.9317,0,0,0,0.6771,'170 0 0 6 0 0 0 0 0 128 0 48 8 0 0 0 0 0 0 0 0 0 0 0 0 16 0 0 0 0 16 0 0 0 0 0 0 0 0 0 0 0 4 0 0 0 0 0 0 0 0 0 0 0 0 0 128 1 0 0 0 0 0 0 0 0 0 0 0 4 0 0 224 16 0 0 0 140 0 0 0 0 0 0 0 0 0 0 0 0 0 0 0 0 0 0 0 0 0 0 0 0 0 0 0 0 0 0 0 0 0 0 0 0 ',0,1,11260,1378,1591894782,1,6525,0,0,'811 0 ',0,0,0,0,0,0,0,0,0,1519,0,'',0,0,0,0,4294967295,0,286,100,0,0,0,0,5,1,0,'0 0 0 1610612736 3221495944 11534350 8 0 0 0 0 0 0 0 0 0 0 32848 1073741824 0 256 66048 0 0 0 0 0 0 0 0 0 0 0 0 0 0 0 0 0 0 0 0 0 0 0 0 0 0 0 0 0 0 0 0 0 0 0 0 0 0 0 0 0 0 0 0 0 0 0 0 0 0 0 0 0 0 0 0 0 0 0 0 0 0 0 0 0 0 0 0 0 0 0 0 0 0 0 0 0 0 0 0 0 0 32768 0 0 0 0 0 0 0 0 0 0 0 0 0 0 0 0 0 536870912 65554 18874368 0 0 0 128 0 0 0 0 0 0 1073741824 0 0 2 0 0 0 0 0 0 0 0 0 0 0 0 0 0 0 0 0 ','0 0 0 0 0 0 2575 0 6085 0 57405 0 2237 0 57526 0 57524 0 57522 0 0 0 0 0 0 0 0 0 11475 0 1159 0 0 0 57521 0 0 0 57247 0 57251 0 0 0 0 0 ','0 0 0 0 0 0 0 0 ',4,0,30,NULL,NULL,NULL),(5,1,'Kaben',0,8,11,0,12,3035,7609,5,4,4,0,6,0,1,268435488,1603.23,-4381.9,20.6782,1,0,0,6.22302,'0 6 96 1 0 8 0 0 0 128 6 0 4 0 0 0 0 0 0 0 0 0 0 0 0 16 0 0 0 0 0 0 1 0 0 0 0 0 0 0 0 0 0 0 0 0 0 128 0 0 2 0 0 0 0 0 0 10 0 0 0 0 0 0 0 0 128 1 0 0 0 0 0 0 0 0 48 0 0 0 16 32 0 0 0 5 0 0 0 0 0 0 0 0 0 0 0 0 0 0 0 0 0 0 0 0 0 0 0 0 0 0 0 0 ',0,1,16940,2014,1591807999,1,7350,0,0,'750 0 ',0,0,0,0,0,0,0,0,0,1637,0,'',0,0,0,0,4294967295,0,261,371,0,100,0,0,0,1,0,'0 0 4076863488 2147745951 4 0 0 0 0 0 0 1048576 8388608 0 4 0 0 8388608 0 0 251658240 0 8 0 0 0 0 1048576 2147483648 0 0 1024 0 0 0 0 0 0 0 0 0 0 0 0 0 0 0 0 0 0 0 0 0 0 0 0 0 0 0 0 0 0 0 0 0 0 0 0 0 0 0 0 0 0 0 0 0 0 0 0 0 0 0 0 0 0 0 0 0 0 0 0 0 0 0 0 0 0 0 0 0 0 0 33555114 0 0 0 0 32768 0 0 0 10485760 0 0 0 0 0 0 0 0 0 0 0 9234 0 67117056 32 0 0 0 0 0 0 0 0 0 1048576 0 0 0 0 0 0 0 0 0 0 0 0 0 0 0 0 0 0 ','0 0 0 0 0 0 0 0 1425 15 53377 0 53382 15 53358 15 53368 0 53366 15 0 0 0 0 0 0 0 0 6514 0 4938 0 0 0 0 0 0 0 60260 0 60242 0 0 0 0 0 ','0 0 0 0 0 0 0 0 ',4,0,30,NULL,NULL,NULL),(6,2,'Marei',0,5,4,1,12,2483,11401,0,2,7,7,2,0,1,268435488,1632.8,220.971,-43.1026,0,0,0,4.86951,'0 6 96 1 0 8 0 0 0 128 6 0 4 0 0 0 0 0 0 0 0 0 0 0 0 16 0 0 0 0 0 0 1 0 0 0 0 0 0 0 0 0 0 0 0 0 0 128 0 0 2 0 0 0 0 0 0 10 0 0 0 0 0 0 0 0 128 1 0 0 0 0 0 0 0 0 48 0 0 0 16 32 0 0 0 5 0 0 0 0 0 0 0 0 0 0 0 0 0 0 0 0 0 0 0 0 0 0 0 0 0 0 0 0 ',0,1,14940,707,1591875386,1,4959.25,0,0,'181 0 ',0,0,0,0,0,0,0,0,0,1497,0,'',0,0,0,0,4294967295,0,262,100,0,0,0,0,1,1,0,'0 0 0 0 0 524288 0 4102080 0 0 0 8388608 0 0 0 0 0 0 2147483650 0 5242880 8192 0 0 0 512 0 0 0 0 0 0 0 0 0 0 0 0 0 0 0 0 0 0 0 0 0 0 0 0 0 0 0 0 0 0 0 0 0 0 0 0 0 0 0 0 0 0 0 0 0 0 0 0 0 0 0 0 0 0 0 0 0 0 0 0 0 0 0 0 0 0 0 0 0 0 0 0 0 0 0 0 0 0 0 0 0 0 2326265856 0 0 0 0 0 0 0 0 0 0 0 0 0 0 0 0 0 0 0 0 0 0 0 0 0 0 0 0 2097152 0 0 0 0 0 0 0 0 0 0 0 0 0 0 0 0 0 0 ','0 0 0 0 0 0 0 0 1425 0 57159 0 57152 0 57165 0 57162 0 57147 0 0 0 0 0 0 0 0 0 1421 0 57169 0 57146 0 57166 0 0 0 57790 0 57791 0 0 0 0 0 ','0 0 0 0 0 0 0 0 ',4,0,20,NULL,NULL,NULL),(7,3,'Tirkik',0,7,6,0,58,120658,273444,3,12,1,8,7,0,1,268435488,-8861.98,640.105,96.1878,0,0,0,4.136,'255 255 255 255 255 255 255 147 255 255 126 49 24 0 0 0 1 64 0 0 224 0 20 0 20 48 64 192 24 0 17 0 128 3 0 0 16 12 0 4 0 0 70 237 138 255 255 251 126 5 18 48 0 16 203 0 128 11 0 0 0 0 0 0 1 63 140 29 192 247 215 1 225 247 255 255 255 175 160 7 48 191 255 191 15 7 0 0 0 0 128 0 0 0 0 0 0 16 0 0 0 0 0 0 0 0 0 0 0 0 0 0 0 0 ',0,1,8330,2932,1591838579,1,48628.1,0,0,'400 0 ',0,0,0,0,0,0,0,0,0,1519,0,'',0,0,0,0,4294967295,0,4931,0,0,0,0,0,12,1,0,'0 0 0 0 0 0 0 0 0 0 0 0 0 0 0 0 0 0 0 0 0 65536 0 0 0 0 0 0 0 0 0 0 0 0 0 0 0 0 0 0 0 0 0 0 0 0 0 0 0 0 0 0 0 0 0 0 0 0 0 0 1073741824 0 1 0 1427461445 20564 32 128 0 0 0 0 0 0 0 0 0 0 0 0 0 0 0 0 0 67108864 0 0 0 0 0 0 0 0 0 0 0 0 0 0 0 0 0 0 0 0 0 0 0 0 0 0 0 0 0 0 0 0 0 0 0 0 536870912 0 0 0 0 0 128 0 0 0 0 0 0 0 0 0 0 0 0 0 0 0 0 0 0 0 0 0 0 0 0 0 0 0 ','38661 0 38662 0 38663 0 0 0 38665 0 38668 0 38669 0 38670 0 38666 0 38667 0 38671 0 38672 0 38675 0 38674 0 38664 0 38633 0 0 0 39208 0 0 0 38145 0 38145 0 38145 0 38145 0 ','0 0 0 0 0 0 0 0 ',4,0,70,NULL,NULL,NULL),(8,4,'Lylin',0,4,8,1,12,5325,9928,3,7,3,4,7,0,1,268435488,10056.3,2205.29,1346.47,1,0,0,1.89394,'170 0 0 6 0 0 0 0 0 128 0 48 8 0 0 0 0 0 0 0 0 0 0 0 0 16 0 0 0 0 16 0 0 0 0 0 0 0 0 0 0 0 4 0 0 0 0 0 0 0 0 0 0 0 0 0 128 1 0 0 0 0 0 0 0 0 0 0 0 4 0 0 224 16 0 0 0 140 0 0 0 0 0 0 0 0 0 0 0 0 0 0 0 0 0 0 0 0 0 0 0 0 0 0 0 0 0 0 0 0 0 0 0 0 ',0,1,10959,1688,1591894681,1,2327.66,0,0,'799 0 ',0,0,0,0,0,0,0,0,0,1657,0,'',0,0,0,0,4294967295,0,242,555,0,0,0,0,6,1,0,'131008 0 0 0 0 0 268435456 0 0 0 0 0 0 0 0 8388608 0 131072 0 16384 32 0 7936 0 0 0 0 0 0 0 0 0 0 0 0 0 0 0 0 0 0 0 0 0 0 0 0 0 0 0 0 0 0 0 0 0 0 0 0 0 0 0 0 0 0 0 0 0 0 0 0 0 0 0 0 0 0 0 0 0 0 0 0 0 0 0 0 0 0 0 0 0 4096 0 0 0 0 0 0 0 0 0 0 0 0 0 0 0 0 0 0 0 0 0 0 0 0 0 0 0 0 0 0 0 0 0 0 0 0 0 0 0 0 0 0 0 0 0 0 0 0 0 0 0 0 0 0 0 0 0 0 0 0 0 0 0 ','0 0 0 0 0 0 0 0 9598 0 5458 0 54873 0 2571 0 5590 41 4307 0 0 0 0 0 0 0 0 0 5591 0 5393 0 0 0 0 0 0 0 46753 0 60239 0 828 0 60240 0 ','0 0 0 0 0 0 0 0 ',4,0,20,NULL,NULL,NULL),(9,1,'Kwax',0,9,9,0,5,768,856,1,2,3,3,4,0,2,0,-7859.53,1847.98,3.23718,648,0,0,6.06716,'0 4 96 0 0 0 0 0 0 0 2 0 4 0 0 0 0 0 0 0 0 0 0 0 0 0 0 0 0 0 0 0 1 0 0 0 0 0 0 0 0 0 0 0 0 0 0 128 0 0 2 0 0 0 0 0 0 8 0 0 0 0 0 0 0 0 128 1 0 0 0 0 0 0 0 0 0 0 0 0 0 0 0 0 0 0 0 0 0 0 0 0 0 0 0 0 0 0 0 0 0 0 0 0 0 0 0 0 0 0 0 0 0 0 ',0,1,5276,565,1591838425,0,1.54223,0,0,'0 0 ',0,0,0,0,0,0,0,0,0,4737,0,'',0,0,0,0,4294967295,0,173,253,0,0,0,0,0,1,0,'0 0 0 0 0 0 0 0 0 0 0 0 0 0 0 0 0 0 0 0 0 0 0 0 0 0 0 0 0 0 0 0 0 0 0 0 0 0 0 0 0 0 0 0 0 0 0 0 0 0 0 0 0 0 0 0 0 0 0 0 0 0 0 0 0 0 0 0 0 0 0 0 0 0 0 0 0 0 0 0 0 0 0 0 0 0 0 0 0 0 0 0 0 4194304 0 0 713205760 0 0 0 8 8704 0 0 0 0 0 0 0 0 0 0 0 0 0 0 0 0 0 0 0 0 0 0 0 0 0 0 0 0 0 0 0 0 0 0 0 0 0 0 0 0 0 0 0 0 0 0 0 0 0 0 0 0 0 0 ','0 0 0 0 0 0 0 0 54294 0 54302 0 54299 0 54292 0 54307 0 0 0 0 0 0 0 0 0 0 0 0 0 35 0 0 0 0 0 0 0 56148 0 0 0 0 0 0 0 ','0 0 0 0 0 0 0 0 ',4,0,0,NULL,NULL,NULL),(10,2,'Celis',0,10,1,1,12,7446,7895,3,8,12,7,2,0,2,268435488,9806.95,-7399.77,13.6181,530,0,0,4.87558,'0 6 96 1 0 8 0 0 0 128 6 0 4 0 0 0 0 0 0 0 0 0 0 0 0 16 0 0 0 0 0 0 1 0 0 0 0 0 0 0 0 0 0 0 0 0 0 128 0 0 2 0 0 0 0 0 0 10 0 0 0 0 0 0 0 0 128 1 0 0 0 0 0 0 0 0 48 0 65 0 16 32 0 0 0 5 0 0 0 0 0 0 0 0 0 0 0 0 0 0 0 0 0 0 0 0 0 0 0 0 0 0 0 0 ',0,1,12435,1675,1592011593,1,5.40593,0,0,'815 0 ',0,0,0,0,0,0,0,0,0,3487,0,'',0,0,0,0,4294967295,0,269,0,0,0,0,0,10,1,0,'0 0 0 0 0 0 0 0 0 0 0 0 0 0 0 0 0 0 0 0 0 0 0 0 0 0 0 0 0 0 0 0 0 3221225472 13270013 0 1073741944 0 0 0 576 0 0 0 0 0 0 3221225472 3 57344 0 0 0 0 0 0 0 0 0 0 0 0 0 0 0 0 0 0 0 0 0 0 0 0 0 0 0 0 0 0 0 0 0 0 0 0 0 0 0 0 0 0 0 0 0 0 0 0 0 0 0 0 0 0 0 0 0 0 0 0 0 0 0 0 0 0 0 0 0 0 0 0 0 0 0 0 0 0 0 0 0 0 0 0 0 0 0 0 33554432 0 0 0 0 0 0 0 0 0 0 0 0 0 0 0 0 0 ','0 0 0 0 0 0 0 0 22953 0 23265 0 2646 0 2967 0 22964 0 23376 0 0 0 0 0 0 0 0 0 6508 0 727 0 22963 0 22969 0 0 0 20474 0 22976 0 0 0 0 0 ','0 0 0 0 0 0 0 0 ',4,0,20,NULL,NULL,NULL),(11,3,'Davon',0,22,9,0,13,2939,16083,1,4,4,2,3,0,2,268435496,10075.4,2203.14,1346.61,1,0,0,4.67783,'170 0 0 6 0 0 0 0 0 128 0 48 8 0 0 0 0 0 0 0 0 0 0 0 0 16 0 0 0 0 16 0 0 0 0 0 0 0 0 0 0 0 4 0 0 0 0 0 0 0 0 0 0 0 0 0 128 1 0 0 0 0 0 0 0 0 0 0 0 4 0 0 224 16 0 0 0 140 0 0 0 0 0 0 0 0 0 0 0 0 0 0 0 0 0 0 0 0 0 0 0 0 0 0 0 0 0 0 0 0 0 0 0 0 ',0,1,12305,728,1591926736,1,5.59542,0,0,'871 0 ',0,0,0,0,0,0,1,0,0,1657,0,'',0,0,0,0,4294967295,0,263,677,3,0,0,0,13,1,0,'0 0 0 0 0 0 0 0 0 65536 0 0 0 0 0 0 0 0 0 0 0 0 1792 0 0 0 0 0 0 0 0 0 0 0 0 0 0 0 0 0 0 0 0 0 0 0 0 0 0 0 0 0 0 0 0 0 0 0 0 0 0 0 0 0 0 0 0 0 0 0 0 0 0 0 0 0 0 0 0 0 0 0 0 0 0 0 0 0 0 0 0 0 16 70917 0 2192179200 2 2323644416 2147483816 83887114 0 163840 131072 2048 0 0 0 0 0 0 0 0 0 0 0 0 0 0 0 0 0 0 0 0 0 0 0 0 0 0 0 0 0 0 0 0 0 65536 131072 0 0 0 0 0 0 0 0 0 0 0 0 0 0 0 0 0 ','58255 0 0 0 0 0 0 0 54999 0 54992 0 54996 0 55018 0 54983 0 2960 0 0 0 0 0 0 0 0 0 54988 0 55013 0 0 0 58217 0 0 0 828 0 52040 0 0 0 0 0 ','0 0 0 0 0 0 0 0 ',4,0,30,NULL,NULL,NULL),(12,4,'Mioh',0,11,5,1,11,5163,4810,0,2,1,6,0,0,2,268435488,-3921.63,-11608.9,-138.406,530,0,0,0.389848,'170 0 0 6 0 0 0 0 0 128 0 48 8 0 0 0 0 0 0 0 0 0 0 0 0 16 0 0 0 0 16 0 0 0 0 0 0 0 0 0 0 0 4 0 0 0 0 0 0 0 0 0 0 0 0 0 128 1 0 0 0 0 0 0 0 0 0 0 0 4 0 0 224 16 0 0 0 140 2 0 0 0 0 0 0 0 0 0 0 0 0 0 0 0 0 0 0 0 0 0 0 0 0 0 0 0 0 0 0 0 0 0 0 0 ',0,1,12111,1176,1592089734,1,4.49486,0,0,'795 0 ',0,0,0,0,0,0,0,0,0,3557,1592020889,'',0,0,0,0,4294967295,0,222,520,0,0,0,0,5,1,0,'0 0 0 0 0 0 0 0 0 0 0 0 0 0 0 0 0 0 0 0 0 0 0 0 0 0 0 0 0 0 0 0 0 0 65536 3489660928 2684354567 1032129 0 32768 0 0 0 0 0 0 256 98304 0 0 0 0 0 0 0 0 0 0 0 0 0 0 0 0 0 0 0 0 0 0 0 0 0 0 0 0 0 0 0 0 0 0 0 0 0 0 0 0 0 0 0 0 0 0 0 0 0 0 0 0 0 0 0 0 0 0 0 0 0 0 0 0 0 0 0 0 0 0 0 0 0 0 0 0 0 0 0 0 0 0 0 0 0 0 0 0 0 0 0 0 0 0 0 0 0 0 0 0 0 0 0 0 0 0 0 0 ','0 0 0 0 0 0 0 0 24438 0 24109 0 24425 0 24112 0 24113 0 24144 0 0 0 0 0 0 0 0 0 24104 0 24434 0 0 0 27403 0 0 0 23389 0 0 0 0 0 0 0 ','0 0 0 0 0 0 0 0 ',4,0,20,NULL,NULL,NULL);
/*!40000 ALTER TABLE `characters` ENABLE KEYS */;
UNLOCK TABLES;

--
-- Table structure for table `corpse`
--

DROP TABLE IF EXISTS `corpse`;
/*!40101 SET @saved_cs_client     = @@character_set_client */;
/*!40101 SET character_set_client = utf8 */;
CREATE TABLE `corpse` (
  `guid` int(10) unsigned NOT NULL DEFAULT 0 COMMENT 'Character Global Unique Identifier',
  `posX` float NOT NULL DEFAULT 0,
  `posY` float NOT NULL DEFAULT 0,
  `posZ` float NOT NULL DEFAULT 0,
  `orientation` float NOT NULL DEFAULT 0,
  `mapId` smallint(5) unsigned NOT NULL DEFAULT 0 COMMENT 'Map Identifier',
  `displayId` int(10) unsigned NOT NULL DEFAULT 0,
  `itemCache` text NOT NULL,
  `bytes1` int(10) unsigned NOT NULL DEFAULT 0,
  `bytes2` int(10) unsigned NOT NULL DEFAULT 0,
  `flags` tinyint(3) unsigned NOT NULL DEFAULT 0,
  `dynFlags` tinyint(3) unsigned NOT NULL DEFAULT 0,
  `time` int(10) unsigned NOT NULL DEFAULT 0,
  `corpseType` tinyint(3) unsigned NOT NULL DEFAULT 0,
  `instanceId` int(10) unsigned NOT NULL DEFAULT 0 COMMENT 'Instance Identifier',
  PRIMARY KEY (`guid`),
  KEY `idx_type` (`corpseType`),
  KEY `idx_instance` (`instanceId`),
  KEY `idx_time` (`time`)
) ENGINE=InnoDB DEFAULT CHARSET=utf8 COMMENT='Death System';
/*!40101 SET character_set_client = @saved_cs_client */;

--
-- Dumping data for table `corpse`
--

LOCK TABLES `corpse` WRITE;
/*!40000 ALTER TABLE `corpse` DISABLE KEYS */;
/*!40000 ALTER TABLE `corpse` ENABLE KEYS */;
UNLOCK TABLES;

--
-- Table structure for table `corpse_phases`
--

DROP TABLE IF EXISTS `corpse_phases`;
/*!40101 SET @saved_cs_client     = @@character_set_client */;
/*!40101 SET character_set_client = utf8 */;
CREATE TABLE `corpse_phases` (
  `OwnerGuid` int(10) unsigned NOT NULL DEFAULT 0,
  `PhaseId` int(10) unsigned NOT NULL,
  PRIMARY KEY (`OwnerGuid`,`PhaseId`)
) ENGINE=InnoDB DEFAULT CHARSET=utf8 COMMENT='Grid Loading System';
/*!40101 SET character_set_client = @saved_cs_client */;

--
-- Dumping data for table `corpse_phases`
--

LOCK TABLES `corpse_phases` WRITE;
/*!40000 ALTER TABLE `corpse_phases` DISABLE KEYS */;
/*!40000 ALTER TABLE `corpse_phases` ENABLE KEYS */;
UNLOCK TABLES;

--
-- Table structure for table `game_event_condition_save`
--

DROP TABLE IF EXISTS `game_event_condition_save`;
/*!40101 SET @saved_cs_client     = @@character_set_client */;
/*!40101 SET character_set_client = utf8 */;
CREATE TABLE `game_event_condition_save` (
  `eventEntry` tinyint(3) unsigned NOT NULL,
  `condition_id` int(10) unsigned NOT NULL DEFAULT 0,
  `done` float DEFAULT 0,
  PRIMARY KEY (`eventEntry`,`condition_id`)
) ENGINE=InnoDB DEFAULT CHARSET=utf8;
/*!40101 SET character_set_client = @saved_cs_client */;

--
-- Dumping data for table `game_event_condition_save`
--

LOCK TABLES `game_event_condition_save` WRITE;
/*!40000 ALTER TABLE `game_event_condition_save` DISABLE KEYS */;
/*!40000 ALTER TABLE `game_event_condition_save` ENABLE KEYS */;
UNLOCK TABLES;

--
-- Table structure for table `game_event_save`
--

DROP TABLE IF EXISTS `game_event_save`;
/*!40101 SET @saved_cs_client     = @@character_set_client */;
/*!40101 SET character_set_client = utf8 */;
CREATE TABLE `game_event_save` (
  `eventEntry` tinyint(3) unsigned NOT NULL,
  `state` tinyint(3) unsigned NOT NULL DEFAULT 1,
  `next_start` int(10) unsigned NOT NULL DEFAULT 0,
  PRIMARY KEY (`eventEntry`)
) ENGINE=InnoDB DEFAULT CHARSET=utf8;
/*!40101 SET character_set_client = @saved_cs_client */;

--
-- Dumping data for table `game_event_save`
--

LOCK TABLES `game_event_save` WRITE;
/*!40000 ALTER TABLE `game_event_save` DISABLE KEYS */;
/*!40000 ALTER TABLE `game_event_save` ENABLE KEYS */;
UNLOCK TABLES;

--
-- Table structure for table `gm_subsurvey`
--

DROP TABLE IF EXISTS `gm_subsurvey`;
/*!40101 SET @saved_cs_client     = @@character_set_client */;
/*!40101 SET character_set_client = utf8 */;
CREATE TABLE `gm_subsurvey` (
  `surveyId` int(10) unsigned NOT NULL AUTO_INCREMENT,
  `questionId` int(10) unsigned NOT NULL DEFAULT 0,
  `answer` int(10) unsigned NOT NULL DEFAULT 0,
  `answerComment` text NOT NULL,
  PRIMARY KEY (`surveyId`,`questionId`)
) ENGINE=InnoDB DEFAULT CHARSET=utf8 COMMENT='Player System';
/*!40101 SET character_set_client = @saved_cs_client */;

--
-- Dumping data for table `gm_subsurvey`
--

LOCK TABLES `gm_subsurvey` WRITE;
/*!40000 ALTER TABLE `gm_subsurvey` DISABLE KEYS */;
/*!40000 ALTER TABLE `gm_subsurvey` ENABLE KEYS */;
UNLOCK TABLES;

--
-- Table structure for table `gm_survey`
--

DROP TABLE IF EXISTS `gm_survey`;
/*!40101 SET @saved_cs_client     = @@character_set_client */;
/*!40101 SET character_set_client = utf8 */;
CREATE TABLE `gm_survey` (
  `surveyId` int(10) unsigned NOT NULL AUTO_INCREMENT,
  `guid` int(10) unsigned NOT NULL DEFAULT 0,
  `mainSurvey` int(10) unsigned NOT NULL DEFAULT 0,
  `comment` longtext NOT NULL,
  `createTime` int(10) unsigned NOT NULL DEFAULT 0,
  PRIMARY KEY (`surveyId`)
) ENGINE=InnoDB DEFAULT CHARSET=utf8 COMMENT='Player System';
/*!40101 SET character_set_client = @saved_cs_client */;

--
-- Dumping data for table `gm_survey`
--

LOCK TABLES `gm_survey` WRITE;
/*!40000 ALTER TABLE `gm_survey` DISABLE KEYS */;
/*!40000 ALTER TABLE `gm_survey` ENABLE KEYS */;
UNLOCK TABLES;

--
-- Table structure for table `gm_ticket`
--

DROP TABLE IF EXISTS `gm_ticket`;
/*!40101 SET @saved_cs_client     = @@character_set_client */;
/*!40101 SET character_set_client = utf8 */;
CREATE TABLE `gm_ticket` (
  `id` int(10) unsigned NOT NULL AUTO_INCREMENT,
  `type` tinyint(3) unsigned NOT NULL DEFAULT 0 COMMENT '0 open, 1 closed, 2 character deleted',
  `playerGuid` int(10) unsigned NOT NULL DEFAULT 0 COMMENT 'Global Unique Identifier of ticket creator',
  `name` varchar(12) NOT NULL COMMENT 'Name of ticket creator',
  `description` text NOT NULL,
  `createTime` int(10) unsigned NOT NULL DEFAULT 0,
  `mapId` smallint(5) unsigned NOT NULL DEFAULT 0,
  `posX` float NOT NULL DEFAULT 0,
  `posY` float NOT NULL DEFAULT 0,
  `posZ` float NOT NULL DEFAULT 0,
  `lastModifiedTime` int(10) unsigned NOT NULL DEFAULT 0,
  `closedBy` int(10) NOT NULL DEFAULT 0,
  `assignedTo` int(10) unsigned NOT NULL DEFAULT 0 COMMENT 'GUID of admin to whom ticket is assigned',
  `comment` text NOT NULL,
  `response` text NOT NULL,
  `completed` tinyint(3) unsigned NOT NULL DEFAULT 0,
  `escalated` tinyint(3) unsigned NOT NULL DEFAULT 0,
  `viewed` tinyint(3) unsigned NOT NULL DEFAULT 0,
  `needMoreHelp` tinyint(3) unsigned NOT NULL DEFAULT 0,
  `resolvedBy` int(10) NOT NULL DEFAULT 0 COMMENT 'GUID of GM who resolved the ticket',
  PRIMARY KEY (`id`)
) ENGINE=InnoDB DEFAULT CHARSET=utf8 COMMENT='Player System';
/*!40101 SET character_set_client = @saved_cs_client */;

--
-- Dumping data for table `gm_ticket`
--

LOCK TABLES `gm_ticket` WRITE;
/*!40000 ALTER TABLE `gm_ticket` DISABLE KEYS */;
/*!40000 ALTER TABLE `gm_ticket` ENABLE KEYS */;
UNLOCK TABLES;

--
-- Table structure for table `group_instance`
--

DROP TABLE IF EXISTS `group_instance`;
/*!40101 SET @saved_cs_client     = @@character_set_client */;
/*!40101 SET character_set_client = utf8 */;
CREATE TABLE `group_instance` (
  `guid` int(10) unsigned NOT NULL DEFAULT 0,
  `instance` int(10) unsigned NOT NULL DEFAULT 0,
  `permanent` tinyint(3) unsigned NOT NULL DEFAULT 0,
  PRIMARY KEY (`guid`,`instance`),
  KEY `instance` (`instance`)
) ENGINE=InnoDB DEFAULT CHARSET=utf8;
/*!40101 SET character_set_client = @saved_cs_client */;

--
-- Dumping data for table `group_instance`
--

LOCK TABLES `group_instance` WRITE;
/*!40000 ALTER TABLE `group_instance` DISABLE KEYS */;
/*!40000 ALTER TABLE `group_instance` ENABLE KEYS */;
UNLOCK TABLES;

--
-- Table structure for table `group_member`
--

DROP TABLE IF EXISTS `group_member`;
/*!40101 SET @saved_cs_client     = @@character_set_client */;
/*!40101 SET character_set_client = utf8 */;
CREATE TABLE `group_member` (
  `guid` int(10) unsigned NOT NULL,
  `memberGuid` int(10) unsigned NOT NULL,
  `memberFlags` tinyint(3) unsigned NOT NULL DEFAULT 0,
  `subgroup` tinyint(3) unsigned NOT NULL DEFAULT 0,
  `roles` tinyint(3) unsigned NOT NULL DEFAULT 0,
  PRIMARY KEY (`memberGuid`)
) ENGINE=InnoDB DEFAULT CHARSET=utf8 COMMENT='Groups';
/*!40101 SET character_set_client = @saved_cs_client */;

--
-- Dumping data for table `group_member`
--

LOCK TABLES `group_member` WRITE;
/*!40000 ALTER TABLE `group_member` DISABLE KEYS */;
/*!40000 ALTER TABLE `group_member` ENABLE KEYS */;
UNLOCK TABLES;

--
-- Table structure for table `groups`
--

DROP TABLE IF EXISTS `groups`;
/*!40101 SET @saved_cs_client     = @@character_set_client */;
/*!40101 SET character_set_client = utf8 */;
CREATE TABLE `groups` (
  `guid` int(10) unsigned NOT NULL,
  `leaderGuid` int(10) unsigned NOT NULL,
  `lootMethod` tinyint(3) unsigned NOT NULL,
  `looterGuid` int(10) unsigned NOT NULL,
  `lootThreshold` tinyint(3) unsigned NOT NULL,
  `icon1` bigint(20) unsigned NOT NULL,
  `icon2` bigint(20) unsigned NOT NULL,
  `icon3` bigint(20) unsigned NOT NULL,
  `icon4` bigint(20) unsigned NOT NULL,
  `icon5` bigint(20) unsigned NOT NULL,
  `icon6` bigint(20) unsigned NOT NULL,
  `icon7` bigint(20) unsigned NOT NULL,
  `icon8` bigint(20) unsigned NOT NULL,
  `groupType` tinyint(3) unsigned NOT NULL,
  `difficulty` tinyint(3) unsigned NOT NULL DEFAULT 0,
  `raidDifficulty` tinyint(3) unsigned NOT NULL DEFAULT 0,
  `masterLooterGuid` int(10) unsigned NOT NULL,
  PRIMARY KEY (`guid`),
  KEY `leaderGuid` (`leaderGuid`)
) ENGINE=InnoDB DEFAULT CHARSET=utf8 COMMENT='Groups';
/*!40101 SET character_set_client = @saved_cs_client */;

--
-- Dumping data for table `groups`
--

LOCK TABLES `groups` WRITE;
/*!40000 ALTER TABLE `groups` DISABLE KEYS */;
/*!40000 ALTER TABLE `groups` ENABLE KEYS */;
UNLOCK TABLES;

--
-- Table structure for table `guild`
--

DROP TABLE IF EXISTS `guild`;
/*!40101 SET @saved_cs_client     = @@character_set_client */;
/*!40101 SET character_set_client = utf8 */;
CREATE TABLE `guild` (
  `guildid` int(10) unsigned NOT NULL DEFAULT 0,
  `name` varchar(24) NOT NULL DEFAULT '',
  `leaderguid` int(10) unsigned NOT NULL DEFAULT 0,
  `EmblemStyle` tinyint(3) unsigned NOT NULL DEFAULT 0,
  `EmblemColor` tinyint(3) unsigned NOT NULL DEFAULT 0,
  `BorderStyle` tinyint(3) unsigned NOT NULL DEFAULT 0,
  `BorderColor` tinyint(3) unsigned NOT NULL DEFAULT 0,
  `BackgroundColor` tinyint(3) unsigned NOT NULL DEFAULT 0,
  `info` varchar(500) NOT NULL DEFAULT '',
  `motd` varchar(128) NOT NULL DEFAULT '',
  `createdate` int(10) unsigned NOT NULL DEFAULT 0,
  `BankMoney` bigint(20) unsigned NOT NULL DEFAULT 0,
  `level` int(10) unsigned DEFAULT 1,
  `experience` bigint(20) unsigned DEFAULT 0,
  `todayExperience` bigint(20) unsigned DEFAULT 0,
  `completedDungeonChallenges` int(10) unsigned DEFAULT 0,
  `completedRaidChallenges` int(10) unsigned DEFAULT 0,
  `completedRatedBattlegroundChallenges` int(10) unsigned DEFAULT 0,
  PRIMARY KEY (`guildid`)
) ENGINE=InnoDB DEFAULT CHARSET=utf8 COMMENT='Guild System';
/*!40101 SET character_set_client = @saved_cs_client */;

--
-- Dumping data for table `guild`
--

LOCK TABLES `guild` WRITE;
/*!40000 ALTER TABLE `guild` DISABLE KEYS */;
INSERT INTO `guild` VALUES (1,'Lord of Mulgore',1,0,0,0,0,0,'','No message set.',1580618246,0,1,2228,0,0,0,0),(2,'Lady of Durotar',2,0,0,0,0,0,'','No message set.',1590333942,0,1,3508,0,0,0,0),(3,'Lord of Dun Morogh',3,0,0,0,0,0,'','No message set.',1590896901,0,1,0,0,0,0,0),(4,'Lady of Elwynn',4,0,0,0,0,0,'','No message set.',1590961793,0,1,0,0,0,0,0),(5,'Lord of Echo Isle',5,0,0,0,0,0,'','No message set.',1591063242,0,1,0,0,0,0,0),(6,'Lady of Tirisfal',6,0,0,0,0,0,'','No message set.',1591584417,0,1,0,0,0,0,0),(7,'Lord of Acherus',7,0,0,0,0,0,'','No message set.',1591670149,0,1,0,0,0,0,0),(8,'Lady of Telddrassil',8,0,0,0,0,0,'','No message set.',1591759142,0,1,0,0,0,0,0),(9,'Lord of Gilneas',11,0,0,0,0,0,'','No message set.',1591926720,0,1,0,0,0,0,0),(10,'Lady of Eversong',10,0,0,0,0,0,'','No message set.',1592011463,0,1,0,0,0,0,0),(11,'Lady of Azuremyst',12,0,0,0,0,0,'','No message set.',1592089699,0,1,0,0,0,0,0);
/*!40000 ALTER TABLE `guild` ENABLE KEYS */;
UNLOCK TABLES;

--
-- Table structure for table `guild_achievement`
--

DROP TABLE IF EXISTS `guild_achievement`;
/*!40101 SET @saved_cs_client     = @@character_set_client */;
/*!40101 SET character_set_client = utf8 */;
CREATE TABLE `guild_achievement` (
  `guildId` int(10) unsigned NOT NULL,
  `achievement` smallint(5) unsigned NOT NULL,
  `date` int(10) unsigned NOT NULL DEFAULT 0,
  `guids` text NOT NULL,
  PRIMARY KEY (`guildId`,`achievement`)
) ENGINE=InnoDB DEFAULT CHARSET=utf8;
/*!40101 SET character_set_client = @saved_cs_client */;

--
-- Dumping data for table `guild_achievement`
--

LOCK TABLES `guild_achievement` WRITE;
/*!40000 ALTER TABLE `guild_achievement` DISABLE KEYS */;
/*!40000 ALTER TABLE `guild_achievement` ENABLE KEYS */;
UNLOCK TABLES;

--
-- Table structure for table `guild_achievement_progress`
--

DROP TABLE IF EXISTS `guild_achievement_progress`;
/*!40101 SET @saved_cs_client     = @@character_set_client */;
/*!40101 SET character_set_client = utf8 */;
CREATE TABLE `guild_achievement_progress` (
  `guildId` int(10) unsigned NOT NULL,
  `criteria` smallint(5) unsigned NOT NULL,
  `counter` bigint(20) unsigned NOT NULL,
  `date` int(10) unsigned NOT NULL DEFAULT 0,
  `completedGuid` int(10) unsigned NOT NULL DEFAULT 0,
  PRIMARY KEY (`guildId`,`criteria`)
) ENGINE=InnoDB DEFAULT CHARSET=utf8;
/*!40101 SET character_set_client = @saved_cs_client */;

--
-- Dumping data for table `guild_achievement_progress`
--

LOCK TABLES `guild_achievement_progress` WRITE;
/*!40000 ALTER TABLE `guild_achievement_progress` DISABLE KEYS */;
INSERT INTO `guild_achievement_progress` VALUES (1,13880,715,1580622661,0),(1,14532,200,1591543471,0),(1,14807,715,1580622661,0),(1,15488,1,1590807199,0),(1,15498,1,1590807199,0),(1,15508,1,1590807199,0),(1,15518,1,1590807199,0),(1,18771,12,1580621023,0),(1,18772,12,1591543471,0),(1,18773,41,1580622824,0),(2,13880,667,1590353278,0),(2,14280,2,1590353569,0),(2,14525,3000,1591543518,0),(2,14532,200,1591543518,0),(2,14807,667,1590353278,0),(2,15487,1,1590807247,0),(2,15497,1,1590807247,0),(2,15507,1,1590807247,0),(2,15517,1,1590807247,0),(2,18771,12,1590352904,0),(2,18772,12,1591543518,0),(2,18773,54,1590353676,0),(3,14516,200,1591543545,0),(3,18772,12,1591543545,0),(4,14516,200,1591543584,0),(4,18772,11,1591543584,0),(5,14532,200,1591543487,0),(5,15485,1,1591109317,0),(5,15495,1,1591109317,0),(5,15505,1,1591109317,0),(5,15515,1,1591109317,0),(5,18772,12,1591543487,0),(6,14532,200,1591584498,0),(6,18772,12,1591584498,0),(7,14506,22815,1591838566,0),(7,14507,7763,1591838566,0),(7,14508,22815,1591838566,0),(7,14509,22815,1591838566,0),(7,14516,200,1591838566,0),(7,18772,58,1591838566,0),(8,14509,3000,1591894586,0),(8,14516,200,1591894586,0),(8,18772,12,1591894586,0);
/*!40000 ALTER TABLE `guild_achievement_progress` ENABLE KEYS */;
UNLOCK TABLES;

--
-- Table structure for table `guild_bank_eventlog`
--

DROP TABLE IF EXISTS `guild_bank_eventlog`;
/*!40101 SET @saved_cs_client     = @@character_set_client */;
/*!40101 SET character_set_client = utf8 */;
CREATE TABLE `guild_bank_eventlog` (
  `guildid` int(10) unsigned NOT NULL DEFAULT 0 COMMENT 'Guild Identificator',
  `LogGuid` int(10) unsigned NOT NULL DEFAULT 0 COMMENT 'Log record identificator - auxiliary column',
  `TabId` tinyint(3) unsigned NOT NULL DEFAULT 0 COMMENT 'Guild bank TabId',
  `EventType` tinyint(3) unsigned NOT NULL DEFAULT 0 COMMENT 'Event type',
  `PlayerGuid` int(10) unsigned NOT NULL DEFAULT 0,
  `ItemOrMoney` int(10) unsigned NOT NULL DEFAULT 0,
  `ItemStackCount` smallint(5) unsigned NOT NULL DEFAULT 0,
  `DestTabId` tinyint(3) unsigned NOT NULL DEFAULT 0 COMMENT 'Destination Tab Id',
  `TimeStamp` int(10) unsigned NOT NULL DEFAULT 0 COMMENT 'Event UNIX time',
  PRIMARY KEY (`guildid`,`LogGuid`,`TabId`),
  KEY `guildid_key` (`guildid`),
  KEY `Idx_PlayerGuid` (`PlayerGuid`),
  KEY `Idx_LogGuid` (`LogGuid`)
) ENGINE=InnoDB DEFAULT CHARSET=utf8;
/*!40101 SET character_set_client = @saved_cs_client */;

--
-- Dumping data for table `guild_bank_eventlog`
--

LOCK TABLES `guild_bank_eventlog` WRITE;
/*!40000 ALTER TABLE `guild_bank_eventlog` DISABLE KEYS */;
/*!40000 ALTER TABLE `guild_bank_eventlog` ENABLE KEYS */;
UNLOCK TABLES;

--
-- Table structure for table `guild_bank_item`
--

DROP TABLE IF EXISTS `guild_bank_item`;
/*!40101 SET @saved_cs_client     = @@character_set_client */;
/*!40101 SET character_set_client = utf8 */;
CREATE TABLE `guild_bank_item` (
  `guildid` int(10) unsigned NOT NULL DEFAULT 0,
  `TabId` tinyint(3) unsigned NOT NULL DEFAULT 0,
  `SlotId` tinyint(3) unsigned NOT NULL DEFAULT 0,
  `item_guid` int(10) unsigned NOT NULL DEFAULT 0,
  PRIMARY KEY (`guildid`,`TabId`,`SlotId`),
  KEY `guildid_key` (`guildid`),
  KEY `Idx_item_guid` (`item_guid`)
) ENGINE=InnoDB DEFAULT CHARSET=utf8;
/*!40101 SET character_set_client = @saved_cs_client */;

--
-- Dumping data for table `guild_bank_item`
--

LOCK TABLES `guild_bank_item` WRITE;
/*!40000 ALTER TABLE `guild_bank_item` DISABLE KEYS */;
/*!40000 ALTER TABLE `guild_bank_item` ENABLE KEYS */;
UNLOCK TABLES;

--
-- Table structure for table `guild_bank_right`
--

DROP TABLE IF EXISTS `guild_bank_right`;
/*!40101 SET @saved_cs_client     = @@character_set_client */;
/*!40101 SET character_set_client = utf8 */;
CREATE TABLE `guild_bank_right` (
  `guildid` int(10) unsigned NOT NULL DEFAULT 0,
  `TabId` tinyint(3) unsigned NOT NULL DEFAULT 0,
  `rid` tinyint(3) unsigned NOT NULL DEFAULT 0,
  `gbright` tinyint(3) unsigned NOT NULL DEFAULT 0,
  `SlotPerDay` int(10) unsigned NOT NULL DEFAULT 0,
  PRIMARY KEY (`guildid`,`TabId`,`rid`),
  KEY `guildid_key` (`guildid`)
) ENGINE=InnoDB DEFAULT CHARSET=utf8;
/*!40101 SET character_set_client = @saved_cs_client */;

--
-- Dumping data for table `guild_bank_right`
--

LOCK TABLES `guild_bank_right` WRITE;
/*!40000 ALTER TABLE `guild_bank_right` DISABLE KEYS */;
/*!40000 ALTER TABLE `guild_bank_right` ENABLE KEYS */;
UNLOCK TABLES;

--
-- Table structure for table `guild_bank_tab`
--

DROP TABLE IF EXISTS `guild_bank_tab`;
/*!40101 SET @saved_cs_client     = @@character_set_client */;
/*!40101 SET character_set_client = utf8 */;
CREATE TABLE `guild_bank_tab` (
  `guildid` int(10) unsigned NOT NULL DEFAULT 0,
  `TabId` tinyint(3) unsigned NOT NULL DEFAULT 0,
  `TabName` varchar(16) NOT NULL DEFAULT '',
  `TabIcon` varchar(100) NOT NULL DEFAULT '',
  `TabText` varchar(500) DEFAULT NULL,
  PRIMARY KEY (`guildid`,`TabId`),
  KEY `guildid_key` (`guildid`)
) ENGINE=InnoDB DEFAULT CHARSET=utf8;
/*!40101 SET character_set_client = @saved_cs_client */;

--
-- Dumping data for table `guild_bank_tab`
--

LOCK TABLES `guild_bank_tab` WRITE;
/*!40000 ALTER TABLE `guild_bank_tab` DISABLE KEYS */;
/*!40000 ALTER TABLE `guild_bank_tab` ENABLE KEYS */;
UNLOCK TABLES;

--
-- Table structure for table `guild_eventlog`
--

DROP TABLE IF EXISTS `guild_eventlog`;
/*!40101 SET @saved_cs_client     = @@character_set_client */;
/*!40101 SET character_set_client = utf8 */;
CREATE TABLE `guild_eventlog` (
  `guildid` int(10) unsigned NOT NULL COMMENT 'Guild Identificator',
  `LogGuid` int(10) unsigned NOT NULL COMMENT 'Log record identificator - auxiliary column',
  `EventType` tinyint(3) unsigned NOT NULL COMMENT 'Event type',
  `PlayerGuid1` int(10) unsigned NOT NULL COMMENT 'Player 1',
  `PlayerGuid2` int(10) unsigned NOT NULL COMMENT 'Player 2',
  `NewRank` tinyint(3) unsigned NOT NULL COMMENT 'New rank(in case promotion/demotion)',
  `TimeStamp` int(10) unsigned NOT NULL COMMENT 'Event UNIX time',
  PRIMARY KEY (`guildid`,`LogGuid`),
  KEY `Idx_PlayerGuid1` (`PlayerGuid1`),
  KEY `Idx_PlayerGuid2` (`PlayerGuid2`),
  KEY `Idx_LogGuid` (`LogGuid`)
) ENGINE=InnoDB DEFAULT CHARSET=utf8 COMMENT='Guild Eventlog';
/*!40101 SET character_set_client = @saved_cs_client */;

--
-- Dumping data for table `guild_eventlog`
--

LOCK TABLES `guild_eventlog` WRITE;
/*!40000 ALTER TABLE `guild_eventlog` DISABLE KEYS */;
INSERT INTO `guild_eventlog` VALUES (1,0,2,0,0,0,1580618246),(2,0,2,0,0,0,1590333942),(3,0,2,0,0,0,1590896901),(4,0,2,0,0,0,1590961793),(5,0,2,0,0,0,1591063242),(6,0,2,6,0,0,1591584417),(7,0,2,7,0,0,1591670149),(8,0,2,8,0,0,1591759142),(9,0,2,11,0,0,1591926720),(10,0,2,10,0,0,1592011463),(11,0,2,12,0,0,1592089699);
/*!40000 ALTER TABLE `guild_eventlog` ENABLE KEYS */;
UNLOCK TABLES;

--
-- Table structure for table `guild_finder_applicant`
--

DROP TABLE IF EXISTS `guild_finder_applicant`;
/*!40101 SET @saved_cs_client     = @@character_set_client */;
/*!40101 SET character_set_client = utf8 */;
CREATE TABLE `guild_finder_applicant` (
  `guildId` int(10) unsigned DEFAULT NULL,
  `playerGuid` int(10) unsigned DEFAULT NULL,
  `availability` tinyint(3) unsigned DEFAULT 0,
  `classRole` tinyint(3) unsigned DEFAULT 0,
  `interests` tinyint(3) unsigned DEFAULT 0,
  `comment` varchar(255) DEFAULT NULL,
  `submitTime` int(10) unsigned DEFAULT NULL,
  UNIQUE KEY `guildId` (`guildId`,`playerGuid`)
) ENGINE=InnoDB DEFAULT CHARSET=latin1;
/*!40101 SET character_set_client = @saved_cs_client */;

--
-- Dumping data for table `guild_finder_applicant`
--

LOCK TABLES `guild_finder_applicant` WRITE;
/*!40000 ALTER TABLE `guild_finder_applicant` DISABLE KEYS */;
/*!40000 ALTER TABLE `guild_finder_applicant` ENABLE KEYS */;
UNLOCK TABLES;

--
-- Table structure for table `guild_finder_guild_settings`
--

DROP TABLE IF EXISTS `guild_finder_guild_settings`;
/*!40101 SET @saved_cs_client     = @@character_set_client */;
/*!40101 SET character_set_client = utf8 */;
CREATE TABLE `guild_finder_guild_settings` (
  `guildId` int(10) unsigned NOT NULL,
  `availability` tinyint(3) unsigned NOT NULL DEFAULT 0,
  `classRoles` tinyint(3) unsigned NOT NULL DEFAULT 0,
  `interests` tinyint(3) unsigned NOT NULL DEFAULT 0,
  `level` tinyint(3) unsigned NOT NULL DEFAULT 1,
  `listed` tinyint(3) unsigned NOT NULL DEFAULT 0,
  `comment` varchar(255) DEFAULT NULL,
  PRIMARY KEY (`guildId`)
) ENGINE=InnoDB DEFAULT CHARSET=latin1;
/*!40101 SET character_set_client = @saved_cs_client */;

--
-- Dumping data for table `guild_finder_guild_settings`
--

LOCK TABLES `guild_finder_guild_settings` WRITE;
/*!40000 ALTER TABLE `guild_finder_guild_settings` DISABLE KEYS */;
/*!40000 ALTER TABLE `guild_finder_guild_settings` ENABLE KEYS */;
UNLOCK TABLES;

--
-- Table structure for table `guild_member`
--

DROP TABLE IF EXISTS `guild_member`;
/*!40101 SET @saved_cs_client     = @@character_set_client */;
/*!40101 SET character_set_client = utf8 */;
CREATE TABLE `guild_member` (
  `guildid` int(10) unsigned NOT NULL COMMENT 'Guild Identificator',
  `guid` int(10) unsigned NOT NULL,
  `rank` tinyint(3) unsigned NOT NULL,
  `pnote` varchar(31) NOT NULL DEFAULT '',
  `offnote` varchar(31) NOT NULL DEFAULT '',
  `activity` int(10) unsigned NOT NULL DEFAULT 0,
  `weekActivity` int(10) unsigned NOT NULL DEFAULT 0,
  `weekReputation` int(10) unsigned NOT NULL DEFAULT 0,
  UNIQUE KEY `guid_key` (`guid`),
  KEY `guildid_key` (`guildid`),
  KEY `guildid_rank_key` (`guildid`,`rank`)
) ENGINE=InnoDB DEFAULT CHARSET=utf8 COMMENT='Guild System';
/*!40101 SET character_set_client = @saved_cs_client */;

--
-- Dumping data for table `guild_member`
--

LOCK TABLES `guild_member` WRITE;
/*!40000 ALTER TABLE `guild_member` DISABLE KEYS */;
INSERT INTO `guild_member` VALUES (1,1,0,'','',0,0,0),(2,2,0,'','',0,0,0),(3,3,0,'','',0,0,0),(4,4,0,'','',0,0,0),(5,5,0,'','',0,0,0),(6,6,0,'','',0,0,0),(7,7,0,'','',0,0,0),(8,8,0,'','',0,0,0),(10,10,0,'','',0,0,0),(9,11,0,'','',0,0,0),(11,12,0,'','',0,0,0);
/*!40000 ALTER TABLE `guild_member` ENABLE KEYS */;
UNLOCK TABLES;

--
-- Table structure for table `guild_member_withdraw`
--

DROP TABLE IF EXISTS `guild_member_withdraw`;
/*!40101 SET @saved_cs_client     = @@character_set_client */;
/*!40101 SET character_set_client = utf8 */;
CREATE TABLE `guild_member_withdraw` (
  `guid` int(10) unsigned NOT NULL,
  `tab0` int(10) unsigned NOT NULL DEFAULT 0,
  `tab1` int(10) unsigned NOT NULL DEFAULT 0,
  `tab2` int(10) unsigned NOT NULL DEFAULT 0,
  `tab3` int(10) unsigned NOT NULL DEFAULT 0,
  `tab4` int(10) unsigned NOT NULL DEFAULT 0,
  `tab5` int(10) unsigned NOT NULL DEFAULT 0,
  `tab6` int(10) unsigned NOT NULL DEFAULT 0,
  `tab7` int(10) unsigned NOT NULL DEFAULT 0,
  `money` int(10) unsigned NOT NULL DEFAULT 0,
  PRIMARY KEY (`guid`)
) ENGINE=InnoDB DEFAULT CHARSET=utf8 COMMENT='Guild Member Daily Withdraws';
/*!40101 SET character_set_client = @saved_cs_client */;

--
-- Dumping data for table `guild_member_withdraw`
--

LOCK TABLES `guild_member_withdraw` WRITE;
/*!40000 ALTER TABLE `guild_member_withdraw` DISABLE KEYS */;
/*!40000 ALTER TABLE `guild_member_withdraw` ENABLE KEYS */;
UNLOCK TABLES;

--
-- Table structure for table `guild_newslog`
--

DROP TABLE IF EXISTS `guild_newslog`;
/*!40101 SET @saved_cs_client     = @@character_set_client */;
/*!40101 SET character_set_client = utf8 */;
CREATE TABLE `guild_newslog` (
  `guildid` int(10) unsigned NOT NULL DEFAULT 0 COMMENT 'Guild Identificator',
  `LogGuid` int(10) unsigned NOT NULL DEFAULT 0 COMMENT 'Log record identificator - auxiliary column',
  `EventType` tinyint(3) unsigned NOT NULL DEFAULT 0 COMMENT 'Event type',
  `PlayerGuid` int(10) unsigned NOT NULL DEFAULT 0,
  `Flags` int(10) unsigned NOT NULL DEFAULT 0,
  `Value` int(10) unsigned NOT NULL DEFAULT 0,
  `TimeStamp` int(10) unsigned NOT NULL DEFAULT 0 COMMENT 'Event UNIX time',
  PRIMARY KEY (`guildid`,`LogGuid`),
  KEY `guildid_key` (`guildid`),
  KEY `Idx_PlayerGuid` (`PlayerGuid`),
  KEY `Idx_LogGuid` (`LogGuid`)
) ENGINE=InnoDB DEFAULT CHARSET=utf8;
/*!40101 SET character_set_client = @saved_cs_client */;

--
-- Dumping data for table `guild_newslog`
--

LOCK TABLES `guild_newslog` WRITE;
/*!40000 ALTER TABLE `guild_newslog` DISABLE KEYS */;
INSERT INTO `guild_newslog` VALUES (2,0,1,0,0,6,1590337207);
/*!40000 ALTER TABLE `guild_newslog` ENABLE KEYS */;
UNLOCK TABLES;

--
-- Table structure for table `guild_old_member`
--

DROP TABLE IF EXISTS `guild_old_member`;
/*!40101 SET @saved_cs_client     = @@character_set_client */;
/*!40101 SET character_set_client = utf8 */;
CREATE TABLE `guild_old_member` (
  `guid` int(10) unsigned NOT NULL,
  `guildId` int(10) unsigned NOT NULL,
  `weekReputation` int(10) unsigned NOT NULL,
  `leaveDate` int(10) unsigned NOT NULL,
  PRIMARY KEY (`guid`)
) ENGINE=InnoDB DEFAULT CHARSET=latin1;
/*!40101 SET character_set_client = @saved_cs_client */;

--
-- Dumping data for table `guild_old_member`
--

LOCK TABLES `guild_old_member` WRITE;
/*!40000 ALTER TABLE `guild_old_member` DISABLE KEYS */;
/*!40000 ALTER TABLE `guild_old_member` ENABLE KEYS */;
UNLOCK TABLES;

--
-- Table structure for table `guild_rank`
--

DROP TABLE IF EXISTS `guild_rank`;
/*!40101 SET @saved_cs_client     = @@character_set_client */;
/*!40101 SET character_set_client = utf8 */;
CREATE TABLE `guild_rank` (
  `guildid` int(10) unsigned NOT NULL DEFAULT 0,
  `rid` tinyint(3) unsigned NOT NULL,
  `rname` varchar(20) NOT NULL DEFAULT '',
  `rights` mediumint(8) unsigned NOT NULL DEFAULT 0,
  `BankMoneyPerDay` int(10) unsigned NOT NULL DEFAULT 0,
  PRIMARY KEY (`guildid`,`rid`),
  KEY `Idx_rid` (`rid`)
) ENGINE=InnoDB DEFAULT CHARSET=utf8 COMMENT='Guild System';
/*!40101 SET character_set_client = @saved_cs_client */;

--
-- Dumping data for table `guild_rank`
--

LOCK TABLES `guild_rank` WRITE;
/*!40000 ALTER TABLE `guild_rank` DISABLE KEYS */;
INSERT INTO `guild_rank` VALUES (1,0,'Guild Master',14548927,0),(1,1,'Officer',14548927,0),(1,2,'Veteran',67,0),(1,3,'Member',67,0),(1,4,'Initiate',67,0),(2,0,'Guild Master',14548927,0),(2,1,'Officer',14548927,0),(2,2,'Veteran',67,0),(2,3,'Member',67,0),(2,4,'Initiate',67,0),(3,0,'Guild Master',14548927,4294967295),(3,1,'Officer',14548927,0),(3,2,'Veteran',67,0),(3,3,'Member',67,0),(3,4,'Initiate',67,0),(4,0,'Guild Master',14548927,4294967295),(4,1,'Officer',14548927,0),(4,2,'Veteran',67,0),(4,3,'Member',67,0),(4,4,'Initiate',67,0),(5,0,'Guild Master',14548927,4294967295),(5,1,'Officer',14548927,0),(5,2,'Veteran',67,0),(5,3,'Member',67,0),(5,4,'Initiate',67,0),(6,0,'Guild Master',14548927,4294967295),(6,1,'Officer',14548927,0),(6,2,'Veteran',67,0),(6,3,'Member',67,0),(6,4,'Initiate',67,0),(7,0,'Guild Master',14548927,4294967295),(7,1,'Officer',14548927,0),(7,2,'Veteran',67,0),(7,3,'Member',67,0),(7,4,'Initiate',67,0),(8,0,'Guild Master',14548927,4294967295),(8,1,'Officer',14548927,0),(8,2,'Veteran',67,0),(8,3,'Member',67,0),(8,4,'Initiate',67,0),(9,0,'Guild Master',14548927,4294967295),(9,1,'Officer',14548927,0),(9,2,'Veteran',67,0),(9,3,'Member',67,0),(9,4,'Initiate',67,0),(10,0,'Guild Master',14548927,4294967295),(10,1,'Officer',14548927,0),(10,2,'Veteran',67,0),(10,3,'Member',67,0),(10,4,'Initiate',67,0),(11,0,'Guild Master',14548927,4294967295),(11,1,'Officer',14548927,0),(11,2,'Veteran',67,0),(11,3,'Member',67,0),(11,4,'Initiate',67,0);
/*!40000 ALTER TABLE `guild_rank` ENABLE KEYS */;
UNLOCK TABLES;

--
-- Table structure for table `instance`
--

DROP TABLE IF EXISTS `instance`;
/*!40101 SET @saved_cs_client     = @@character_set_client */;
/*!40101 SET character_set_client = utf8 */;
CREATE TABLE `instance` (
  `id` int(10) unsigned NOT NULL DEFAULT 0,
  `map` smallint(5) unsigned NOT NULL DEFAULT 0,
  `resettime` bigint(20) unsigned NOT NULL DEFAULT 0,
  `difficulty` tinyint(3) unsigned NOT NULL DEFAULT 0,
  `completedEncounters` int(10) unsigned NOT NULL DEFAULT 0,
  `data` tinytext NOT NULL,
  PRIMARY KEY (`id`),
  KEY `map` (`map`),
  KEY `resettime` (`resettime`),
  KEY `difficulty` (`difficulty`)
) ENGINE=InnoDB DEFAULT CHARSET=utf8;
/*!40101 SET character_set_client = @saved_cs_client */;

--
-- Dumping data for table `instance`
--

LOCK TABLES `instance` WRITE;
/*!40000 ALTER TABLE `instance` DISABLE KEYS */;
/*!40000 ALTER TABLE `instance` ENABLE KEYS */;
UNLOCK TABLES;

--
-- Table structure for table `instance_reset`
--

DROP TABLE IF EXISTS `instance_reset`;
/*!40101 SET @saved_cs_client     = @@character_set_client */;
/*!40101 SET character_set_client = utf8 */;
CREATE TABLE `instance_reset` (
  `mapid` smallint(5) unsigned NOT NULL DEFAULT 0,
  `difficulty` tinyint(3) unsigned NOT NULL DEFAULT 0,
  `resettime` bigint(20) unsigned NOT NULL DEFAULT 0,
  PRIMARY KEY (`mapid`,`difficulty`),
  KEY `difficulty` (`difficulty`)
) ENGINE=InnoDB DEFAULT CHARSET=utf8;
/*!40101 SET character_set_client = @saved_cs_client */;

--
-- Dumping data for table `instance_reset`
--

LOCK TABLES `instance_reset` WRITE;
/*!40000 ALTER TABLE `instance_reset` DISABLE KEYS */;
INSERT INTO `instance_reset` VALUES (33,1,1592107200),(36,1,1592107200),(249,0,1592107200),(249,1,1592107200),(269,1,1592107200),(409,0,1592107200),(469,0,1592107200),(509,0,1592280000),(531,0,1592107200),(532,0,1592107200),(533,0,1592107200),(533,1,1592107200),(534,0,1592107200),(540,1,1592107200),(542,1,1592107200),(543,1,1592107200),(544,0,1592107200),(545,1,1592107200),(546,1,1592107200),(547,1,1592107200),(548,0,1592107200),(550,0,1592107200),(552,1,1592107200),(553,1,1592107200),(554,1,1592107200),(555,1,1592107200),(556,1,1592107200),(557,1,1592107200),(558,1,1592107200),(560,1,1592107200),(564,0,1592107200),(565,0,1592107200),(568,1,1592107200),(574,1,1592107200),(575,1,1592107200),(576,1,1592107200),(578,1,1592107200),(580,0,1592107200),(585,1,1592107200),(595,1,1592107200),(598,1,1592107200),(599,1,1592107200),(600,1,1592107200),(601,1,1592107200),(602,1,1592107200),(603,0,1592107200),(603,1,1592107200),(604,1,1592107200),(608,1,1592107200),(615,0,1592107200),(615,1,1592107200),(616,0,1592107200),(616,1,1592107200),(619,1,1592107200),(624,0,1592107200),(624,1,1592107200),(631,0,1592107200),(631,1,1592107200),(631,2,1592107200),(631,3,1592107200),(632,1,1592107200),(643,1,1592107200),(644,1,1592107200),(645,1,1592107200),(649,0,1592107200),(649,1,1592107200),(649,2,1592107200),(649,3,1592107200),(650,1,1592107200),(657,1,1592107200),(658,1,1592107200),(668,1,1592107200),(669,0,1592107200),(669,1,1592107200),(669,2,1592107200),(669,3,1592107200),(670,1,1592107200),(671,0,1592107200),(671,1,1592107200),(671,2,1592107200),(671,3,1592107200),(720,0,1592107200),(720,1,1592107200),(720,2,1592107200),(720,3,1592107200),(724,0,1592107200),(724,1,1592107200),(724,2,1592107200),(724,3,1592107200),(725,1,1592107200),(754,0,1592107200),(754,1,1592107200),(754,2,1592107200),(754,3,1592107200),(755,1,1592107200),(757,0,1592107200),(757,1,1592107200),(859,1,1592107200),(938,1,1592107200),(939,1,1592107200),(940,1,1592107200),(967,0,1592107200),(967,1,1592107200),(967,2,1592107200),(967,3,1592107200);
/*!40000 ALTER TABLE `instance_reset` ENABLE KEYS */;
UNLOCK TABLES;

--
-- Table structure for table `item_instance`
--

DROP TABLE IF EXISTS `item_instance`;
/*!40101 SET @saved_cs_client     = @@character_set_client */;
/*!40101 SET character_set_client = utf8 */;
CREATE TABLE `item_instance` (
  `guid` int(10) unsigned NOT NULL DEFAULT 0,
  `itemEntry` mediumint(8) unsigned NOT NULL DEFAULT 0,
  `owner_guid` int(10) unsigned NOT NULL DEFAULT 0,
  `creatorGuid` int(10) unsigned NOT NULL DEFAULT 0,
  `giftCreatorGuid` int(10) unsigned NOT NULL DEFAULT 0,
  `count` int(10) unsigned NOT NULL DEFAULT 1,
  `duration` int(10) NOT NULL DEFAULT 0,
  `charges` tinytext DEFAULT NULL,
  `flags` int(10) unsigned NOT NULL DEFAULT 0,
  `enchantments` text NOT NULL,
  `randomPropertyId` smallint(5) NOT NULL DEFAULT 0,
  `durability` smallint(5) unsigned NOT NULL DEFAULT 0,
  `creationTime` int(10) unsigned NOT NULL DEFAULT 0,
  `text` text DEFAULT NULL,
  PRIMARY KEY (`guid`),
  KEY `idx_owner_guid` (`owner_guid`)
) ENGINE=InnoDB DEFAULT CHARSET=utf8 COMMENT='Item System';
/*!40101 SET character_set_client = @saved_cs_client */;

--
-- Dumping data for table `item_instance`
--

LOCK TABLES `item_instance` WRITE;
/*!40000 ALTER TABLE `item_instance` DISABLE KEYS */;
INSERT INTO `item_instance` VALUES (1,6948,1,0,0,1,0,'0 0 0 0 0 ',1,'0 0 0 0 0 0 0 0 0 0 0 0 0 0 0 0 0 0 0 0 0 0 0 0 0 0 0 0 0 0 0 0 0 0 0 0 0 0 0 0 0 0 0 0 0 ',0,0,0,''),(2,159,1,0,0,14,0,'-1 0 0 0 0 ',0,'0 0 0 0 0 0 0 0 0 0 0 0 0 0 0 0 0 0 0 0 0 0 0 0 0 0 0 0 0 0 0 0 0 0 0 0 0 0 0 0 0 0 0 0 0 ',0,0,0,''),(3,5571,1,0,0,1,0,'0 0 0 0 0 ',0,'0 0 0 0 0 0 0 0 0 0 0 0 0 0 0 0 0 0 0 0 0 0 0 0 0 0 0 0 0 0 0 0 0 0 0 0 0 0 0 0 0 0 0 0 0 ',0,0,0,''),(4,57792,1,0,0,1,0,'0 0 0 0 0 ',1,'0 0 0 0 0 0 0 0 0 0 0 0 0 0 0 0 0 0 0 0 0 0 0 0 0 0 0 0 0 0 0 0 0 0 0 0 0 0 0 0 0 0 0 0 0 ',0,0,0,''),(5,828,1,0,0,1,0,'0 0 0 0 0 ',0,'0 0 0 0 0 0 0 0 0 0 0 0 0 0 0 0 0 0 0 0 0 0 0 0 0 0 0 0 0 0 0 0 0 0 0 0 0 0 0 0 0 0 0 0 0 ',0,0,0,''),(6,774,1,0,0,3,0,'0 0 0 0 0 ',0,'0 0 0 0 0 0 0 0 0 0 0 0 0 0 0 0 0 0 0 0 0 0 0 0 0 0 0 0 0 0 0 0 0 0 0 0 0 0 0 0 0 0 0 0 0 ',0,0,0,''),(7,15008,1,0,0,1,0,'0 0 0 0 0 ',0,'0 0 0 0 0 0 0 0 0 0 0 0 0 0 0 0 0 0 0 0 0 0 0 0 0 0 0 0 0 0 0 0 0 0 0 0 0 0 0 0 0 0 0 0 0 ',0,25,0,''),(8,5956,1,0,0,1,0,'0 0 0 0 0 ',0,'0 0 0 0 0 0 0 0 0 0 0 0 0 0 0 0 0 0 0 0 0 0 0 0 0 0 0 0 0 0 0 0 0 0 0 0 0 0 0 0 0 0 0 0 0 ',0,0,0,''),(9,2901,1,0,0,1,0,'0 0 0 0 0 ',0,'0 0 0 0 0 0 0 0 0 0 0 0 0 0 0 0 0 0 0 0 0 0 0 0 0 0 0 0 0 0 0 0 0 0 0 0 0 0 0 0 0 0 0 0 0 ',0,0,0,''),(10,2643,1,0,0,1,0,'0 0 0 0 0 ',0,'0 0 0 0 0 0 0 0 0 0 0 0 0 0 0 0 0 0 0 0 0 0 0 0 0 0 0 0 0 0 0 0 0 0 0 0 0 0 0 0 0 0 0 0 0 ',0,25,0,''),(11,818,1,0,0,1,0,'0 0 0 0 0 ',0,'0 0 0 0 0 0 0 0 0 0 0 0 0 0 0 0 0 0 0 0 0 0 0 0 0 0 0 0 0 0 0 0 0 0 0 0 0 0 0 0 0 0 0 0 0 ',0,0,0,''),(12,6256,1,0,0,1,0,'0 0 0 0 0 ',0,'0 0 0 0 0 0 0 0 0 0 0 0 0 0 0 0 0 0 0 0 0 0 0 0 0 0 0 0 0 0 0 0 0 0 0 0 0 0 0 0 0 0 0 0 0 ',0,25,0,''),(13,118,1,0,0,2,0,'-1 0 0 0 0 ',0,'0 0 0 0 0 0 0 0 0 0 0 0 0 0 0 0 0 0 0 0 0 0 0 0 0 0 0 0 0 0 0 0 0 0 0 0 0 0 0 0 0 0 0 0 0 ',0,0,0,''),(14,4692,1,0,0,1,0,'0 0 0 0 0 ',0,'0 0 0 0 0 0 0 0 0 0 0 0 0 0 0 0 0 0 0 0 0 0 0 0 0 0 0 0 0 0 0 0 0 0 0 0 0 0 0 0 0 0 0 0 0 ',0,0,0,''),(15,2835,1,0,0,1,0,'0 0 0 0 0 ',0,'0 0 0 0 0 0 0 0 0 0 0 0 0 0 0 0 0 0 0 0 0 0 0 0 0 0 0 0 0 0 0 0 0 0 0 0 0 0 0 0 0 0 0 0 0 ',0,0,0,''),(16,57236,1,0,0,1,0,'0 0 0 0 0 ',1,'0 0 0 0 0 0 0 0 0 0 0 0 0 0 0 0 0 0 0 0 0 0 0 0 0 0 0 0 0 0 0 0 0 0 0 0 0 0 0 0 0 0 0 0 0 ',0,55,0,''),(17,2581,1,0,0,16,0,'-1 0 0 0 0 ',0,'0 0 0 0 0 0 0 0 0 0 0 0 0 0 0 0 0 0 0 0 0 0 0 0 0 0 0 0 0 0 0 0 0 0 0 0 0 0 0 0 0 0 0 0 0 ',0,0,0,''),(18,57237,1,0,0,1,0,'0 0 0 0 0 ',1,'0 0 0 0 0 0 0 0 0 0 0 0 0 0 0 0 0 0 0 0 0 0 0 0 0 0 0 0 0 0 0 0 0 0 0 0 0 0 0 0 0 0 0 0 0 ',0,75,0,''),(19,57238,1,0,0,1,0,'0 0 0 0 0 ',1,'0 0 0 0 0 0 0 0 0 0 0 0 0 0 0 0 0 0 0 0 0 0 0 0 0 0 0 0 0 0 0 0 0 0 0 0 0 0 0 0 0 0 0 0 0 ',0,35,0,''),(20,58366,1,0,0,1,0,'0 0 0 0 0 ',1,'0 0 0 0 0 0 0 0 0 0 0 0 0 0 0 0 0 0 0 0 0 0 0 0 0 0 0 0 0 0 0 0 0 0 0 0 0 0 0 0 0 0 0 0 0 ',0,0,0,''),(21,2449,1,0,0,20,0,'0 0 0 0 0 ',0,'0 0 0 0 0 0 0 0 0 0 0 0 0 0 0 0 0 0 0 0 0 0 0 0 0 0 0 0 0 0 0 0 0 0 0 0 0 0 0 0 0 0 0 0 0 ',0,0,0,''),(22,57239,1,0,0,1,0,'0 0 0 0 0 ',1,'0 0 0 0 0 0 0 0 0 0 0 0 0 0 0 0 0 0 0 0 0 0 0 0 0 0 0 0 0 0 0 0 0 0 0 0 0 0 0 0 0 0 0 0 0 ',0,55,0,''),(23,57793,1,0,0,1,0,'0 0 0 0 0 ',1,'0 0 0 0 0 0 0 0 0 0 0 0 0 0 0 0 0 0 0 0 0 0 0 0 0 0 0 0 0 0 0 0 0 0 0 0 0 0 0 0 0 0 0 0 0 ',0,0,0,''),(24,2680,1,0,0,5,0,'-1 0 0 0 0 ',0,'0 0 0 0 0 0 0 0 0 0 0 0 0 0 0 0 0 0 0 0 0 0 0 0 0 0 0 0 0 0 0 0 0 0 0 0 0 0 0 0 0 0 0 0 0 ',0,0,0,''),(25,2840,1,0,0,1,0,'0 0 0 0 0 ',0,'0 0 0 0 0 0 0 0 0 0 0 0 0 0 0 0 0 0 0 0 0 0 0 0 0 0 0 0 0 0 0 0 0 0 0 0 0 0 0 0 0 0 0 0 0 ',0,0,0,''),(26,2862,1,0,0,20,0,'-1 0 0 0 0 ',0,'0 0 0 0 0 0 0 0 0 0 0 0 0 0 0 0 0 0 0 0 0 0 0 0 0 0 0 0 0 0 0 0 0 0 0 0 0 0 0 0 0 0 0 0 0 ',0,0,0,''),(27,2862,1,0,0,3,0,'-1 0 0 0 0 ',0,'0 0 0 0 0 0 0 0 0 0 0 0 0 0 0 0 0 0 0 0 0 0 0 0 0 0 0 0 0 0 0 0 0 0 0 0 0 0 0 0 0 0 0 0 0 ',0,0,0,''),(28,3470,1,0,0,3,0,'0 0 0 0 0 ',0,'0 0 0 0 0 0 0 0 0 0 0 0 0 0 0 0 0 0 0 0 0 0 0 0 0 0 0 0 0 0 0 0 0 0 0 0 0 0 0 0 0 0 0 0 0 ',0,0,0,''),(29,2851,1,0,0,1,0,'0 0 0 0 0 ',0,'0 0 0 0 0 0 0 0 0 0 0 0 0 0 0 0 0 0 0 0 0 0 0 0 0 0 0 0 0 0 0 0 0 0 0 0 0 0 0 0 0 0 0 0 0 ',0,25,0,''),(30,6948,2,0,0,1,0,'0 0 0 0 0 ',1,'0 0 0 0 0 0 0 0 0 0 0 0 0 0 0 0 0 0 0 0 0 0 0 0 0 0 0 0 0 0 0 0 0 0 0 0 0 0 0 0 0 0 0 0 0 ',0,0,0,''),(31,159,2,0,0,3,0,'-1 0 0 0 0 ',0,'0 0 0 0 0 0 0 0 0 0 0 0 0 0 0 0 0 0 0 0 0 0 0 0 0 0 0 0 0 0 0 0 0 0 0 0 0 0 0 0 0 0 0 0 0 ',0,0,0,''),(32,53354,2,0,0,1,0,'0 0 0 0 0 ',1,'0 0 0 0 0 0 0 0 0 0 0 0 0 0 0 0 0 0 0 0 0 0 0 0 0 0 0 0 0 0 0 0 0 0 0 0 0 0 0 0 0 0 0 0 0 ',0,12,0,''),(33,60241,2,0,0,1,0,'0 0 0 0 0 ',1,'0 0 0 0 0 0 0 0 0 0 0 0 0 0 0 0 0 0 0 0 0 0 0 0 0 0 0 0 0 0 0 0 0 0 0 0 0 0 0 0 0 0 0 0 0 ',0,0,0,''),(34,2674,2,0,0,3,0,'0 0 0 0 0 ',0,'0 0 0 0 0 0 0 0 0 0 0 0 0 0 0 0 0 0 0 0 0 0 0 0 0 0 0 0 0 0 0 0 0 0 0 0 0 0 0 0 0 0 0 0 0 ',0,0,0,''),(35,6342,2,0,0,1,0,'-1 0 0 0 0 ',0,'0 0 0 0 0 0 0 0 0 0 0 0 0 0 0 0 0 0 0 0 0 0 0 0 0 0 0 0 0 0 0 0 0 0 0 0 0 0 0 0 0 0 0 0 0 ',0,0,0,''),(36,828,2,0,0,1,0,'0 0 0 0 0 ',0,'0 0 0 0 0 0 0 0 0 0 0 0 0 0 0 0 0 0 0 0 0 0 0 0 0 0 0 0 0 0 0 0 0 0 0 0 0 0 0 0 0 0 0 0 0 ',0,0,0,''),(37,805,2,0,0,1,0,'0 0 0 0 0 ',0,'0 0 0 0 0 0 0 0 0 0 0 0 0 0 0 0 0 0 0 0 0 0 0 0 0 0 0 0 0 0 0 0 0 0 0 0 0 0 0 0 0 0 0 0 0 ',0,0,0,''),(38,53375,2,0,0,1,0,'0 0 0 0 0 ',1,'0 0 0 0 0 0 0 0 0 0 0 0 0 0 0 0 0 0 0 0 0 0 0 0 0 0 0 0 0 0 0 0 0 0 0 0 0 0 0 0 0 0 0 0 0 ',0,30,0,''),(39,1251,2,0,0,18,0,'-1 0 0 0 0 ',0,'0 0 0 0 0 0 0 0 0 0 0 0 0 0 0 0 0 0 0 0 0 0 0 0 0 0 0 0 0 0 0 0 0 0 0 0 0 0 0 0 0 0 0 0 0 ',0,0,0,''),(40,10940,2,0,0,10,0,'0 0 0 0 0 ',0,'0 0 0 0 0 0 0 0 0 0 0 0 0 0 0 0 0 0 0 0 0 0 0 0 0 0 0 0 0 0 0 0 0 0 0 0 0 0 0 0 0 0 0 0 0 ',0,0,0,''),(41,6256,2,0,0,1,0,'0 0 0 0 0 ',0,'0 0 0 0 0 0 0 0 0 0 0 0 0 0 0 0 0 0 0 0 0 0 0 0 0 0 0 0 0 0 0 0 0 0 0 0 0 0 0 0 0 0 0 0 0 ',0,25,0,''),(42,6291,2,0,0,1,0,'-1 0 0 0 0 ',0,'0 0 0 0 0 0 0 0 0 0 0 0 0 0 0 0 0 0 0 0 0 0 0 0 0 0 0 0 0 0 0 0 0 0 0 0 0 0 0 0 0 0 0 0 0 ',0,0,0,''),(43,2589,2,0,0,20,0,'0 0 0 0 0 ',0,'0 0 0 0 0 0 0 0 0 0 0 0 0 0 0 0 0 0 0 0 0 0 0 0 0 0 0 0 0 0 0 0 0 0 0 0 0 0 0 0 0 0 0 0 0 ',0,0,0,''),(44,774,2,0,0,5,0,'0 0 0 0 0 ',0,'0 0 0 0 0 0 0 0 0 0 0 0 0 0 0 0 0 0 0 0 0 0 0 0 0 0 0 0 0 0 0 0 0 0 0 0 0 0 0 0 0 0 0 0 0 ',0,0,0,''),(45,3610,2,0,0,1,0,'-1 0 0 0 0 ',0,'0 0 0 0 0 0 0 0 0 0 0 0 0 0 0 0 0 0 0 0 0 0 0 0 0 0 0 0 0 0 0 0 0 0 0 0 0 0 0 0 0 0 0 0 0 ',0,0,0,''),(46,3685,2,0,0,14,0,'0 0 0 0 0 ',0,'0 0 0 0 0 0 0 0 0 0 0 0 0 0 0 0 0 0 0 0 0 0 0 0 0 0 0 0 0 0 0 0 0 0 0 0 0 0 0 0 0 0 0 0 0 ',0,0,0,''),(47,2924,2,0,0,7,0,'0 0 0 0 0 ',0,'0 0 0 0 0 0 0 0 0 0 0 0 0 0 0 0 0 0 0 0 0 0 0 0 0 0 0 0 0 0 0 0 0 0 0 0 0 0 0 0 0 0 0 0 0 ',0,0,0,''),(48,53372,2,0,0,1,0,'0 0 0 0 0 ',1,'0 0 0 0 0 0 0 0 0 0 0 0 0 0 0 0 0 0 0 0 0 0 0 0 0 0 0 0 0 0 0 0 0 0 0 0 0 0 0 0 0 0 0 0 0 ',0,42,0,''),(49,60242,2,0,0,1,0,'0 0 0 0 0 ',1,'0 0 0 0 0 0 0 0 0 0 0 0 0 0 0 0 0 0 0 0 0 0 0 0 0 0 0 0 0 0 0 0 0 0 0 0 0 0 0 0 0 0 0 0 0 ',0,0,0,''),(50,15299,2,0,0,1,0,'0 0 0 0 0 ',0,'0 0 0 0 0 0 0 0 0 0 0 0 0 0 0 0 0 0 0 0 0 0 0 0 0 0 0 0 0 0 0 0 0 0 0 0 0 0 0 0 0 0 0 0 0 ',0,0,0,''),(51,5473,2,0,0,13,0,'-1 0 0 0 0 ',0,'0 0 0 0 0 0 0 0 0 0 0 0 0 0 0 0 0 0 0 0 0 0 0 0 0 0 0 0 0 0 0 0 0 0 0 0 0 0 0 0 0 0 0 0 0 ',0,0,0,''),(52,4992,2,0,0,1,0,'0 0 0 0 0 ',1,'0 0 0 0 0 0 0 0 0 0 0 0 0 0 0 0 0 0 0 0 0 0 0 0 0 0 0 0 0 0 0 0 0 0 0 0 0 0 0 0 0 0 0 0 0 ',0,0,0,''),(53,5466,2,0,0,3,0,'0 0 0 0 0 ',0,'0 0 0 0 0 0 0 0 0 0 0 0 0 0 0 0 0 0 0 0 0 0 0 0 0 0 0 0 0 0 0 0 0 0 0 0 0 0 0 0 0 0 0 0 0 ',0,0,0,''),(54,2589,2,0,0,12,0,'0 0 0 0 0 ',0,'0 0 0 0 0 0 0 0 0 0 0 0 0 0 0 0 0 0 0 0 0 0 0 0 0 0 0 0 0 0 0 0 0 0 0 0 0 0 0 0 0 0 0 0 0 ',0,0,0,''),(55,4938,2,0,0,1,0,'0 0 0 0 0 ',1,'0 0 0 0 0 0 0 0 0 0 0 0 0 0 0 0 0 0 0 0 0 0 0 0 0 0 0 0 0 0 0 0 0 0 0 0 0 0 0 0 0 0 0 0 0 ',0,45,0,''),(56,4674,2,0,0,1,0,'0 0 0 0 0 ',0,'0 0 0 0 0 0 0 0 0 0 0 0 0 0 0 0 0 0 0 0 0 0 0 0 0 0 0 0 0 0 0 0 0 0 0 0 0 0 0 0 0 0 0 0 0 ',0,0,0,''),(57,53369,2,0,0,1,0,'0 0 0 0 0 ',1,'0 0 0 0 0 0 0 0 0 0 0 0 0 0 0 0 0 0 0 0 0 0 0 0 0 0 0 0 0 0 0 0 0 0 0 0 0 0 0 0 0 0 0 0 0 ',0,25,0,''),(58,9742,2,0,0,1,0,'0 0 0 0 0 ',0,'0 0 0 0 0 0 0 0 0 0 0 0 0 0 0 0 0 0 0 0 0 0 0 0 0 0 0 0 0 0 0 0 0 0 0 0 0 0 0 0 0 0 0 0 0 ',0,25,0,''),(59,53358,2,0,0,1,0,'0 0 0 0 0 ',1,'0 0 0 0 0 0 0 0 0 0 0 0 0 0 0 0 0 0 0 0 0 0 0 0 0 0 0 0 0 0 0 0 0 0 0 0 0 0 0 0 0 0 0 0 0 ',0,40,0,''),(60,11083,2,0,0,1,0,'0 0 0 0 0 ',0,'0 0 0 0 0 0 0 0 0 0 0 0 0 0 0 0 0 0 0 0 0 0 0 0 0 0 0 0 0 0 0 0 0 0 0 0 0 0 0 0 0 0 0 0 0 ',0,0,0,''),(61,6948,3,0,0,1,0,'0 0 0 0 0 ',1,'0 0 0 0 0 0 0 0 0 0 0 0 0 0 0 0 0 0 0 0 0 0 0 0 0 0 0 0 0 0 0 0 0 0 0 0 0 0 0 0 0 0 0 0 0 ',0,0,0,''),(62,159,3,0,0,4,0,'-1 0 0 0 0 ',0,'0 0 0 0 0 0 0 0 0 0 0 0 0 0 0 0 0 0 0 0 0 0 0 0 0 0 0 0 0 0 0 0 0 0 0 0 0 0 0 0 0 0 0 0 0 ',0,0,0,''),(63,7005,3,0,0,1,0,'0 0 0 0 0 ',0,'0 0 0 0 0 0 0 0 0 0 0 0 0 0 0 0 0 0 0 0 0 0 0 0 0 0 0 0 0 0 0 0 0 0 0 0 0 0 0 0 0 0 0 0 0 ',0,0,0,''),(64,1011,3,0,0,1,0,'0 0 0 0 0 ',1,'0 0 0 0 0 0 0 0 0 0 0 0 0 0 0 0 0 0 0 0 0 0 0 0 0 0 0 0 0 0 0 0 0 0 0 0 0 0 0 0 0 0 0 0 0 ',0,45,0,''),(65,57545,3,0,0,1,0,'0 0 0 0 0 ',1,'15 0 0 0 0 0 0 0 0 0 0 0 0 0 0 0 0 0 0 0 0 0 0 0 0 0 0 0 0 0 0 0 0 0 0 0 0 0 0 0 0 0 0 0 0 ',0,20,0,''),(66,2888,3,0,0,15,0,'-1 0 0 0 0 ',0,'0 0 0 0 0 0 0 0 0 0 0 0 0 0 0 0 0 0 0 0 0 0 0 0 0 0 0 0 0 0 0 0 0 0 0 0 0 0 0 0 0 0 0 0 0 ',0,0,0,''),(67,2681,3,0,0,15,0,'-1 0 0 0 0 ',0,'0 0 0 0 0 0 0 0 0 0 0 0 0 0 0 0 0 0 0 0 0 0 0 0 0 0 0 0 0 0 0 0 0 0 0 0 0 0 0 0 0 0 0 0 0 ',0,0,0,''),(68,2581,3,0,0,20,0,'-1 0 0 0 0 ',0,'0 0 0 0 0 0 0 0 0 0 0 0 0 0 0 0 0 0 0 0 0 0 0 0 0 0 0 0 0 0 0 0 0 0 0 0 0 0 0 0 0 0 0 0 0 ',0,0,0,''),(69,1421,3,0,0,1,0,'0 0 0 0 0 ',0,'0 0 0 0 0 0 0 0 0 0 0 0 0 0 0 0 0 0 0 0 0 0 0 0 0 0 0 0 0 0 0 0 0 0 0 0 0 0 0 0 0 0 0 0 0 ',0,0,0,''),(71,118,3,0,0,2,0,'-1 0 0 0 0 ',0,'0 0 0 0 0 0 0 0 0 0 0 0 0 0 0 0 0 0 0 0 0 0 0 0 0 0 0 0 0 0 0 0 0 0 0 0 0 0 0 0 0 0 0 0 0 ',0,0,0,''),(73,57554,3,0,0,1,0,'0 0 0 0 0 ',1,'0 0 0 0 0 0 0 0 0 0 0 0 0 0 0 0 0 0 0 0 0 0 0 0 0 0 0 0 0 0 0 0 0 0 0 0 0 0 0 0 0 0 0 0 0 ',0,25,0,''),(74,2589,3,0,0,15,0,'0 0 0 0 0 ',0,'0 0 0 0 0 0 0 0 0 0 0 0 0 0 0 0 0 0 0 0 0 0 0 0 0 0 0 0 0 0 0 0 0 0 0 0 0 0 0 0 0 0 0 0 0 ',0,0,0,''),(75,57568,3,0,0,1,0,'0 0 0 0 0 ',1,'0 0 0 0 0 0 0 0 0 0 0 0 0 0 0 0 0 0 0 0 0 0 0 0 0 0 0 0 0 0 0 0 0 0 0 0 0 0 0 0 0 0 0 0 0 ',0,55,0,''),(76,57549,3,0,0,1,0,'0 0 0 0 0 ',1,'0 0 0 0 0 0 0 0 0 0 0 0 0 0 0 0 0 0 0 0 0 0 0 0 0 0 0 0 0 0 0 0 0 0 0 0 0 0 0 0 0 0 0 0 0 ',0,0,0,''),(77,57572,3,0,0,1,0,'0 0 0 0 0 ',1,'0 0 0 0 0 0 0 0 0 0 0 0 0 0 0 0 0 0 0 0 0 0 0 0 0 0 0 0 0 0 0 0 0 0 0 0 0 0 0 0 0 0 0 0 0 ',0,35,0,''),(78,6256,3,0,0,1,0,'0 0 0 0 0 ',0,'0 0 0 0 0 0 0 0 0 0 0 0 0 0 0 0 0 0 0 0 0 0 0 0 0 0 0 0 0 0 0 0 0 0 0 0 0 0 0 0 0 0 0 0 0 ',0,25,0,''),(79,57576,3,0,0,1,0,'0 0 0 0 0 ',1,'0 0 0 0 0 0 0 0 0 0 0 0 0 0 0 0 0 0 0 0 0 0 0 0 0 0 0 0 0 0 0 0 0 0 0 0 0 0 0 0 0 0 0 0 0 ',0,25,0,''),(80,57581,3,0,0,1,0,'0 0 0 0 0 ',1,'0 0 0 0 0 0 0 0 0 0 0 0 0 0 0 0 0 0 0 0 0 0 0 0 0 0 0 0 0 0 0 0 0 0 0 0 0 0 0 0 0 0 0 0 0 ',0,75,0,''),(82,57583,3,0,0,1,0,'0 0 0 0 0 ',1,'0 0 0 0 0 0 0 0 0 0 0 0 0 0 0 0 0 0 0 0 0 0 0 0 0 0 0 0 0 0 0 0 0 0 0 0 0 0 0 0 0 0 0 0 0 ',0,50,0,''),(83,6948,4,0,0,1,0,'0 0 0 0 0 ',1,'0 0 0 0 0 0 0 0 0 0 0 0 0 0 0 0 0 0 0 0 0 0 0 0 0 0 0 0 0 0 0 0 0 0 0 0 0 0 0 0 0 0 0 0 0 ',0,0,0,''),(84,57247,4,0,0,1,0,'0 0 0 0 0 ',1,'0 0 0 0 0 0 0 0 0 0 0 0 0 0 0 0 0 0 0 0 0 0 0 0 0 0 0 0 0 0 0 0 0 0 0 0 0 0 0 0 0 0 0 0 0 ',0,0,0,''),(85,11475,4,0,0,1,0,'0 0 0 0 0 ',1,'0 0 0 0 0 0 0 0 0 0 0 0 0 0 0 0 0 0 0 0 0 0 0 0 0 0 0 0 0 0 0 0 0 0 0 0 0 0 0 0 0 0 0 0 0 ',0,0,0,''),(86,1159,4,0,0,1,0,'0 0 0 0 0 ',1,'0 0 0 0 0 0 0 0 0 0 0 0 0 0 0 0 0 0 0 0 0 0 0 0 0 0 0 0 0 0 0 0 0 0 0 0 0 0 0 0 0 0 0 0 0 ',0,45,0,''),(87,159,4,0,0,10,0,'-1 0 0 0 0 ',0,'0 0 0 0 0 0 0 0 0 0 0 0 0 0 0 0 0 0 0 0 0 0 0 0 0 0 0 0 0 0 0 0 0 0 0 0 0 0 0 0 0 0 0 0 0 ',0,0,0,''),(88,6256,4,0,0,1,0,'0 0 0 0 0 ',0,'0 0 0 0 0 0 0 0 0 0 0 0 0 0 0 0 0 0 0 0 0 0 0 0 0 0 0 0 0 0 0 0 0 0 0 0 0 0 0 0 0 0 0 0 0 ',0,25,0,''),(89,1251,4,0,0,20,0,'-1 0 0 0 0 ',0,'0 0 0 0 0 0 0 0 0 0 0 0 0 0 0 0 0 0 0 0 0 0 0 0 0 0 0 0 0 0 0 0 0 0 0 0 0 0 0 0 0 0 0 0 0 ',0,0,0,''),(90,2901,4,0,0,1,0,'0 0 0 0 0 ',0,'0 0 0 0 0 0 0 0 0 0 0 0 0 0 0 0 0 0 0 0 0 0 0 0 0 0 0 0 0 0 0 0 0 0 0 0 0 0 0 0 0 0 0 0 0 ',0,0,0,''),(91,2681,4,0,0,10,0,'-1 0 0 0 0 ',0,'0 0 0 0 0 0 0 0 0 0 0 0 0 0 0 0 0 0 0 0 0 0 0 0 0 0 0 0 0 0 0 0 0 0 0 0 0 0 0 0 0 0 0 0 0 ',0,0,0,''),(92,118,4,0,0,15,0,'-1 0 0 0 0 ',0,'0 0 0 0 0 0 0 0 0 0 0 0 0 0 0 0 0 0 0 0 0 0 0 0 0 0 0 0 0 0 0 0 0 0 0 0 0 0 0 0 0 0 0 0 0 ',0,0,0,''),(93,4357,4,0,0,10,0,'0 0 0 0 0 ',0,'0 0 0 0 0 0 0 0 0 0 0 0 0 0 0 0 0 0 0 0 0 0 0 0 0 0 0 0 0 0 0 0 0 0 0 0 0 0 0 0 0 0 0 0 0 ',0,0,86,''),(94,5956,4,0,0,1,0,'0 0 0 0 0 ',0,'0 0 0 0 0 0 0 0 0 0 0 0 0 0 0 0 0 0 0 0 0 0 0 0 0 0 0 0 0 0 0 0 0 0 0 0 0 0 0 0 0 0 0 0 0 ',0,0,0,''),(95,4359,4,0,0,10,0,'0 0 0 0 0 ',0,'0 0 0 0 0 0 0 0 0 0 0 0 0 0 0 0 0 0 0 0 0 0 0 0 0 0 0 0 0 0 0 0 0 0 0 0 0 0 0 0 0 0 0 0 0 ',0,0,0,''),(96,2589,4,0,0,20,0,'0 0 0 0 0 ',0,'0 0 0 0 0 0 0 0 0 0 0 0 0 0 0 0 0 0 0 0 0 0 0 0 0 0 0 0 0 0 0 0 0 0 0 0 0 0 0 0 0 0 0 0 0 ',0,0,0,''),(97,2770,4,0,0,20,0,'0 0 0 0 0 ',0,'0 0 0 0 0 0 0 0 0 0 0 0 0 0 0 0 0 0 0 0 0 0 0 0 0 0 0 0 0 0 0 0 0 0 0 0 0 0 0 0 0 0 0 0 0 ',0,0,0,''),(98,1210,4,0,0,1,0,'0 0 0 0 0 ',0,'0 0 0 0 0 0 0 0 0 0 0 0 0 0 0 0 0 0 0 0 0 0 0 0 0 0 0 0 0 0 0 0 0 0 0 0 0 0 0 0 0 0 0 0 0 ',0,0,0,''),(99,2835,4,0,0,8,0,'0 0 0 0 0 ',0,'0 0 0 0 0 0 0 0 0 0 0 0 0 0 0 0 0 0 0 0 0 0 0 0 0 0 0 0 0 0 0 0 0 0 0 0 0 0 0 0 0 0 0 0 0 ',0,0,0,''),(100,2237,4,0,0,1,0,'0 0 0 0 0 ',1,'0 0 0 0 0 0 0 0 0 0 0 0 0 0 0 0 0 0 0 0 0 0 0 0 0 0 0 0 0 0 0 0 0 0 0 0 0 0 0 0 0 0 0 0 0 ',0,55,0,''),(101,57521,4,0,0,1,0,'0 0 0 0 0 ',1,'0 0 0 0 0 0 0 0 0 0 0 0 0 0 0 0 0 0 0 0 0 0 0 0 0 0 0 0 0 0 0 0 0 0 0 0 0 0 0 0 0 0 0 0 0 ',0,40,0,''),(102,858,4,0,0,2,0,'-1 0 0 0 0 ',0,'0 0 0 0 0 0 0 0 0 0 0 0 0 0 0 0 0 0 0 0 0 0 0 0 0 0 0 0 0 0 0 0 0 0 0 0 0 0 0 0 0 0 0 0 0 ',0,0,0,''),(103,57524,4,0,0,1,0,'0 0 0 0 0 ',1,'0 0 0 0 0 0 0 0 0 0 0 0 0 0 0 0 0 0 0 0 0 0 0 0 0 0 0 0 0 0 0 0 0 0 0 0 0 0 0 0 0 0 0 0 0 ',0,25,0,''),(104,57251,4,0,0,1,0,'0 0 0 0 0 ',1,'0 0 0 0 0 0 0 0 0 0 0 0 0 0 0 0 0 0 0 0 0 0 0 0 0 0 0 0 0 0 0 0 0 0 0 0 0 0 0 0 0 0 0 0 0 ',0,0,0,''),(105,57522,4,0,0,1,0,'0 0 0 0 0 ',1,'0 0 0 0 0 0 0 0 0 0 0 0 0 0 0 0 0 0 0 0 0 0 0 0 0 0 0 0 0 0 0 0 0 0 0 0 0 0 0 0 0 0 0 0 0 ',0,25,0,''),(106,2575,4,0,0,1,0,'0 0 0 0 0 ',0,'0 0 0 0 0 0 0 0 0 0 0 0 0 0 0 0 0 0 0 0 0 0 0 0 0 0 0 0 0 0 0 0 0 0 0 0 0 0 0 0 0 0 0 0 0 ',0,0,0,''),(107,57405,4,0,0,1,0,'0 0 0 0 0 ',1,'0 0 0 0 0 0 0 0 0 0 0 0 0 0 0 0 0 0 0 0 0 0 0 0 0 0 0 0 0 0 0 0 0 0 0 0 0 0 0 0 0 0 0 0 0 ',0,25,0,''),(108,2770,4,0,0,1,0,'0 0 0 0 0 ',0,'0 0 0 0 0 0 0 0 0 0 0 0 0 0 0 0 0 0 0 0 0 0 0 0 0 0 0 0 0 0 0 0 0 0 0 0 0 0 0 0 0 0 0 0 0 ',0,0,0,''),(109,1971,4,0,0,1,0,'0 0 0 0 0 ',1,'0 0 0 0 0 0 0 0 0 0 0 0 0 0 0 0 0 0 0 0 0 0 0 0 0 0 0 0 0 0 0 0 0 0 0 0 0 0 0 0 0 0 0 0 0 ',0,0,0,''),(110,2957,4,0,0,1,0,'0 0 0 0 0 ',0,'0 0 0 0 0 0 0 0 0 0 0 0 0 0 0 0 0 0 0 0 0 0 0 0 0 0 0 0 0 0 0 0 0 0 0 0 0 0 0 0 0 0 0 0 0 ',0,75,0,''),(111,2589,4,0,0,6,0,'0 0 0 0 0 ',0,'0 0 0 0 0 0 0 0 0 0 0 0 0 0 0 0 0 0 0 0 0 0 0 0 0 0 0 0 0 0 0 0 0 0 0 0 0 0 0 0 0 0 0 0 0 ',0,0,0,''),(112,4566,4,0,0,1,0,'0 0 0 0 0 ',0,'0 0 0 0 0 0 0 0 0 0 0 0 0 0 0 0 0 0 0 0 0 0 0 0 0 0 0 0 0 0 0 0 0 82 0 0 71 0 0 0 0 0 0 0 0 ',1009,60,0,''),(113,57526,4,0,0,1,0,'0 0 0 0 0 ',1,'0 0 0 0 0 0 0 0 0 0 0 0 0 0 0 0 0 0 0 0 0 0 0 0 0 0 0 0 0 0 0 0 0 0 0 0 0 0 0 0 0 0 0 0 0 ',0,35,0,''),(114,2672,4,0,0,1,0,'0 0 0 0 0 ',0,'0 0 0 0 0 0 0 0 0 0 0 0 0 0 0 0 0 0 0 0 0 0 0 0 0 0 0 0 0 0 0 0 0 0 0 0 0 0 0 0 0 0 0 0 0 ',0,0,0,''),(115,2673,4,0,0,1,0,'0 0 0 0 0 ',0,'0 0 0 0 0 0 0 0 0 0 0 0 0 0 0 0 0 0 0 0 0 0 0 0 0 0 0 0 0 0 0 0 0 0 0 0 0 0 0 0 0 0 0 0 0 ',0,0,0,''),(116,6085,4,0,0,1,0,'0 0 0 0 0 ',1,'0 0 0 0 0 0 0 0 0 0 0 0 0 0 0 0 0 0 0 0 0 0 0 0 0 0 0 0 0 0 0 0 0 0 0 0 0 0 0 0 0 0 0 0 0 ',0,80,0,''),(117,6948,5,0,0,1,0,'0 0 0 0 0 ',1,'0 0 0 0 0 0 0 0 0 0 0 0 0 0 0 0 0 0 0 0 0 0 0 0 0 0 0 0 0 0 0 0 0 0 0 0 0 0 0 0 0 0 0 0 0 ',0,0,0,''),(118,5503,5,0,0,8,0,'0 0 0 0 0 ',0,'0 0 0 0 0 0 0 0 0 0 0 0 0 0 0 0 0 0 0 0 0 0 0 0 0 0 0 0 0 0 0 0 0 0 0 0 0 0 0 0 0 0 0 0 0 ',0,0,0,''),(119,60260,5,0,0,1,0,'0 0 0 0 0 ',1,'0 0 0 0 0 0 0 0 0 0 0 0 0 0 0 0 0 0 0 0 0 0 0 0 0 0 0 0 0 0 0 0 0 0 0 0 0 0 0 0 0 0 0 0 0 ',0,0,0,''),(120,7005,5,0,0,1,0,'0 0 0 0 0 ',0,'0 0 0 0 0 0 0 0 0 0 0 0 0 0 0 0 0 0 0 0 0 0 0 0 0 0 0 0 0 0 0 0 0 0 0 0 0 0 0 0 0 0 0 0 0 ',0,0,0,''),(121,118,5,0,0,1,0,'-1 0 0 0 0 ',0,'0 0 0 0 0 0 0 0 0 0 0 0 0 0 0 0 0 0 0 0 0 0 0 0 0 0 0 0 0 0 0 0 0 0 0 0 0 0 0 0 0 0 0 0 0 ',0,0,0,''),(122,2924,5,0,0,6,0,'0 0 0 0 0 ',0,'0 0 0 0 0 0 0 0 0 0 0 0 0 0 0 0 0 0 0 0 0 0 0 0 0 0 0 0 0 0 0 0 0 0 0 0 0 0 0 0 0 0 0 0 0 ',0,0,0,''),(123,1425,5,0,0,1,0,'0 0 0 0 0 ',0,'15 0 0 0 0 0 0 0 0 0 0 0 0 0 0 0 0 0 0 0 0 0 0 0 0 0 0 0 0 0 0 0 0 0 0 0 0 0 0 0 0 0 0 0 0 ',0,70,0,''),(124,53382,5,0,0,1,0,'0 0 0 0 0 ',1,'15 0 0 0 0 0 0 0 0 0 0 0 0 0 0 0 0 0 0 0 0 0 0 0 0 0 0 0 0 0 0 0 0 0 0 0 0 0 0 0 0 0 0 0 0 ',0,55,0,''),(125,6514,5,0,0,1,0,'0 0 0 0 0 ',0,'0 0 0 0 0 0 0 0 0 0 0 0 0 0 0 0 0 0 0 0 0 0 0 0 0 0 0 0 0 0 0 0 0 0 0 0 0 0 0 0 0 0 0 0 0 ',0,0,0,''),(126,60242,5,0,0,1,0,'0 0 0 0 0 ',1,'0 0 0 0 0 0 0 0 0 0 0 0 0 0 0 0 0 0 0 0 0 0 0 0 0 0 0 0 0 0 0 0 0 0 0 0 0 0 0 0 0 0 0 0 0 ',0,0,0,''),(127,53377,5,0,0,1,0,'0 0 0 0 0 ',1,'0 0 0 0 0 0 0 0 0 0 0 0 0 0 0 0 0 0 0 0 0 0 0 0 0 0 0 0 0 0 0 0 0 0 0 0 0 0 0 0 0 0 0 0 0 ',0,25,0,''),(128,4938,5,0,0,1,0,'0 0 0 0 0 ',1,'0 0 0 0 0 0 0 0 0 0 0 0 0 0 0 0 0 0 0 0 0 0 0 0 0 0 0 0 0 0 0 0 0 0 0 0 0 0 0 0 0 0 0 0 0 ',0,55,0,''),(129,2304,5,0,0,2,0,'-1 0 0 0 0 ',0,'0 0 0 0 0 0 0 0 0 0 0 0 0 0 0 0 0 0 0 0 0 0 0 0 0 0 0 0 0 0 0 0 0 0 0 0 0 0 0 0 0 0 0 0 0 ',0,0,0,''),(130,53368,5,0,0,1,0,'0 0 0 0 0 ',1,'0 0 0 0 0 0 0 0 0 0 0 0 0 0 0 0 0 0 0 0 0 0 0 0 0 0 0 0 0 0 0 0 0 0 0 0 0 0 0 0 0 0 0 0 0 ',0,25,0,''),(131,53366,5,0,0,1,0,'0 0 0 0 0 ',1,'15 0 0 0 0 0 0 0 0 0 0 0 0 0 0 0 0 0 0 0 0 0 0 0 0 0 0 0 0 0 0 0 0 0 0 0 0 0 0 0 0 0 0 0 0 ',0,25,0,''),(132,2934,5,0,0,2,0,'0 0 0 0 0 ',0,'0 0 0 0 0 0 0 0 0 0 0 0 0 0 0 0 0 0 0 0 0 0 0 0 0 0 0 0 0 0 0 0 0 0 0 0 0 0 0 0 0 0 0 0 0 ',0,0,0,''),(133,53358,5,0,0,1,0,'0 0 0 0 0 ',1,'15 0 0 0 0 0 0 0 0 0 0 0 0 0 0 0 0 0 0 0 0 0 0 0 0 0 0 0 0 0 0 0 0 0 0 0 0 0 0 0 0 0 0 0 0 ',0,40,0,''),(134,2581,5,0,0,20,0,'-1 0 0 0 0 ',0,'0 0 0 0 0 0 0 0 0 0 0 0 0 0 0 0 0 0 0 0 0 0 0 0 0 0 0 0 0 0 0 0 0 0 0 0 0 0 0 0 0 0 0 0 0 ',0,0,0,''),(141,6948,6,0,0,1,0,'0 0 0 0 0 ',1,'0 0 0 0 0 0 0 0 0 0 0 0 0 0 0 0 0 0 0 0 0 0 0 0 0 0 0 0 0 0 0 0 0 0 0 0 0 0 0 0 0 0 0 0 0 ',0,0,0,''),(142,34652,7,0,0,1,0,'0 0 0 0 0 ',1,'0 0 0 0 0 0 0 0 0 0 0 0 0 0 0 0 0 0 0 0 0 0 0 0 0 0 0 0 0 0 0 0 0 0 0 0 0 0 0 0 0 0 0 0 0 ',0,70,0,''),(143,34655,7,0,0,1,0,'0 0 0 0 0 ',1,'0 0 0 0 0 0 0 0 0 0 0 0 0 0 0 0 0 0 0 0 0 0 0 0 0 0 0 0 0 0 0 0 0 0 0 0 0 0 0 0 0 0 0 0 0 ',0,70,0,''),(144,34659,7,0,0,1,0,'0 0 0 0 0 ',1,'0 0 0 0 0 0 0 0 0 0 0 0 0 0 0 0 0 0 0 0 0 0 0 0 0 0 0 0 0 0 0 0 0 0 0 0 0 0 0 0 0 0 0 0 0 ',0,0,0,''),(145,34650,7,0,0,1,0,'0 0 0 0 0 ',1,'0 0 0 0 0 0 0 0 0 0 0 0 0 0 0 0 0 0 0 0 0 0 0 0 0 0 0 0 0 0 0 0 0 0 0 0 0 0 0 0 0 0 0 0 0 ',0,115,0,''),(146,34653,7,0,0,1,0,'0 0 0 0 0 ',1,'0 0 0 0 0 0 0 0 0 0 0 0 0 0 0 0 0 0 0 0 0 0 0 0 0 0 0 0 0 0 0 0 0 0 0 0 0 0 0 0 0 0 0 0 0 ',0,40,0,''),(147,34649,7,0,0,1,0,'0 0 0 0 0 ',1,'0 0 0 0 0 0 0 0 0 0 0 0 0 0 0 0 0 0 0 0 0 0 0 0 0 0 0 0 0 0 0 0 0 0 0 0 0 0 0 0 0 0 0 0 0 ',0,40,0,''),(148,34651,7,0,0,1,0,'0 0 0 0 0 ',1,'0 0 0 0 0 0 0 0 0 0 0 0 0 0 0 0 0 0 0 0 0 0 0 0 0 0 0 0 0 0 0 0 0 0 0 0 0 0 0 0 0 0 0 0 0 ',0,40,0,''),(149,34656,7,0,0,1,0,'0 0 0 0 0 ',1,'0 0 0 0 0 0 0 0 0 0 0 0 0 0 0 0 0 0 0 0 0 0 0 0 0 0 0 0 0 0 0 0 0 0 0 0 0 0 0 0 0 0 0 0 0 ',0,85,0,''),(150,34648,7,0,0,1,0,'0 0 0 0 0 ',1,'0 0 0 0 0 0 0 0 0 0 0 0 0 0 0 0 0 0 0 0 0 0 0 0 0 0 0 0 0 0 0 0 0 0 0 0 0 0 0 0 0 0 0 0 0 ',0,55,0,''),(153,38145,7,0,0,1,0,'0 0 0 0 0 ',1,'0 0 0 0 0 0 0 0 0 0 0 0 0 0 0 0 0 0 0 0 0 0 0 0 0 0 0 0 0 0 0 0 0 0 0 0 0 0 0 0 0 0 0 0 0 ',0,0,0,''),(154,38145,7,0,0,1,0,'0 0 0 0 0 ',1,'0 0 0 0 0 0 0 0 0 0 0 0 0 0 0 0 0 0 0 0 0 0 0 0 0 0 0 0 0 0 0 0 0 0 0 0 0 0 0 0 0 0 0 0 0 ',0,0,0,''),(155,38145,7,0,0,1,0,'0 0 0 0 0 ',1,'0 0 0 0 0 0 0 0 0 0 0 0 0 0 0 0 0 0 0 0 0 0 0 0 0 0 0 0 0 0 0 0 0 0 0 0 0 0 0 0 0 0 0 0 0 ',0,0,0,''),(156,38145,7,0,0,1,0,'0 0 0 0 0 ',1,'0 0 0 0 0 0 0 0 0 0 0 0 0 0 0 0 0 0 0 0 0 0 0 0 0 0 0 0 0 0 0 0 0 0 0 0 0 0 0 0 0 0 0 0 0 ',0,0,0,''),(158,41751,7,0,0,9,0,'-1 0 0 0 0 ',0,'0 0 0 0 0 0 0 0 0 0 0 0 0 0 0 0 0 0 0 0 0 0 0 0 0 0 0 0 0 0 0 0 0 0 0 0 0 0 0 0 0 0 0 0 0 ',0,0,0,''),(163,6948,8,0,0,1,0,'0 0 0 0 0 ',1,'0 0 0 0 0 0 0 0 0 0 0 0 0 0 0 0 0 0 0 0 0 0 0 0 0 0 0 0 0 0 0 0 0 0 0 0 0 0 0 0 0 0 0 0 0 ',0,0,0,''),(167,35,9,0,0,1,0,'0 0 0 0 0 ',0,'0 0 0 0 0 0 0 0 0 0 0 0 0 0 0 0 0 0 0 0 0 0 0 0 0 0 0 0 0 0 0 0 0 0 0 0 0 0 0 0 0 0 0 0 0 ',0,40,0,''),(168,6948,9,0,0,1,0,'0 0 0 0 0 ',1,'0 0 0 0 0 0 0 0 0 0 0 0 0 0 0 0 0 0 0 0 0 0 0 0 0 0 0 0 0 0 0 0 0 0 0 0 0 0 0 0 0 0 0 0 0 ',0,0,0,''),(173,6948,10,0,0,1,0,'0 0 0 0 0 ',1,'0 0 0 0 0 0 0 0 0 0 0 0 0 0 0 0 0 0 0 0 0 0 0 0 0 0 0 0 0 0 0 0 0 0 0 0 0 0 0 0 0 0 0 0 0 ',0,0,0,''),(178,6948,11,0,0,1,0,'0 0 0 0 0 ',1,'0 0 0 0 0 0 0 0 0 0 0 0 0 0 0 0 0 0 0 0 0 0 0 0 0 0 0 0 0 0 0 0 0 0 0 0 0 0 0 0 0 0 0 0 0 ',0,0,0,''),(182,6948,12,0,0,1,0,'0 0 0 0 0 ',1,'0 0 0 0 0 0 0 0 0 0 0 0 0 0 0 0 0 0 0 0 0 0 0 0 0 0 0 0 0 0 0 0 0 0 0 0 0 0 0 0 0 0 0 0 0 ',0,0,0,''),(271,57146,6,0,0,1,0,'0 0 0 0 0 ',1,'0 0 0 0 0 0 0 0 0 0 0 0 0 0 0 0 0 0 0 0 0 0 0 0 0 0 0 0 0 0 0 0 0 0 0 0 0 0 0 0 0 0 0 0 0 ',0,40,3625,''),(299,57790,6,0,0,1,0,'0 0 0 0 0 ',1,'0 0 0 0 0 0 0 0 0 0 0 0 0 0 0 0 0 0 0 0 0 0 0 0 0 0 0 0 0 0 0 0 0 0 0 0 0 0 0 0 0 0 0 0 0 ',0,0,0,''),(300,57147,6,0,0,1,0,'0 0 0 0 0 ',1,'0 0 0 0 0 0 0 0 0 0 0 0 0 0 0 0 0 0 0 0 0 0 0 0 0 0 0 0 0 0 0 0 0 0 0 0 0 0 0 0 0 0 0 0 0 ',0,25,4657,''),(448,2680,6,0,0,15,0,'-1 0 0 0 0 ',0,'0 0 0 0 0 0 0 0 0 0 0 0 0 0 0 0 0 0 0 0 0 0 0 0 0 0 0 0 0 0 0 0 0 0 0 0 0 0 0 0 0 0 0 0 0 ',0,0,7392,''),(461,6256,6,0,0,1,0,'0 0 0 0 0 ',0,'0 0 0 0 0 0 0 0 0 0 0 0 0 0 0 0 0 0 0 0 0 0 0 0 0 0 0 0 0 0 0 0 0 0 0 0 0 0 0 0 0 0 0 0 0 ',0,25,7531,''),(481,57152,6,0,0,1,0,'0 0 0 0 0 ',1,'0 0 0 0 0 0 0 0 0 0 0 0 0 0 0 0 0 0 0 0 0 0 0 0 0 0 0 0 0 0 0 0 0 0 0 0 0 0 0 0 0 0 0 0 0 ',0,50,7805,''),(491,118,6,0,0,18,0,'-1 0 0 0 0 ',0,'0 0 0 0 0 0 0 0 0 0 0 0 0 0 0 0 0 0 0 0 0 0 0 0 0 0 0 0 0 0 0 0 0 0 0 0 0 0 0 0 0 0 0 0 0 ',0,0,7961,''),(542,1425,6,0,0,1,0,'0 0 0 0 0 ',0,'0 0 0 0 0 0 0 0 0 0 0 0 0 0 0 0 0 0 0 0 0 0 0 0 0 0 0 0 0 0 0 0 0 0 0 0 0 0 0 0 0 0 0 0 0 ',0,70,9325,''),(563,57159,6,0,0,1,0,'0 0 0 0 0 ',1,'0 0 0 0 0 0 0 0 0 0 0 0 0 0 0 0 0 0 0 0 0 0 0 0 0 0 0 0 0 0 0 0 0 0 0 0 0 0 0 0 0 0 0 0 0 ',0,25,9719,''),(570,765,6,0,0,9,0,'0 0 0 0 0 ',0,'0 0 0 0 0 0 0 0 0 0 0 0 0 0 0 0 0 0 0 0 0 0 0 0 0 0 0 0 0 0 0 0 0 0 0 0 0 0 0 0 0 0 0 0 0 ',0,0,10205,''),(612,57162,6,0,0,1,0,'0 0 0 0 0 ',1,'0 0 0 0 0 0 0 0 0 0 0 0 0 0 0 0 0 0 0 0 0 0 0 0 0 0 0 0 0 0 0 0 0 0 0 0 0 0 0 0 0 0 0 0 0 ',0,25,11189,''),(631,2581,6,0,0,6,0,'-1 0 0 0 0 ',0,'0 0 0 0 0 0 0 0 0 0 0 0 0 0 0 0 0 0 0 0 0 0 0 0 0 0 0 0 0 0 0 0 0 0 0 0 0 0 0 0 0 0 0 0 0 ',0,0,11540,''),(635,57165,6,0,0,1,0,'0 0 0 0 0 ',1,'0 0 0 0 0 0 0 0 0 0 0 0 0 0 0 0 0 0 0 0 0 0 0 0 0 0 0 0 0 0 0 0 0 0 0 0 0 0 0 0 0 0 0 0 0 ',0,35,11868,''),(660,2447,6,0,0,11,0,'0 0 0 0 0 ',0,'0 0 0 0 0 0 0 0 0 0 0 0 0 0 0 0 0 0 0 0 0 0 0 0 0 0 0 0 0 0 0 0 0 0 0 0 0 0 0 0 0 0 0 0 0 ',0,0,12156,''),(663,3173,6,0,0,4,0,'0 0 0 0 0 ',0,'0 0 0 0 0 0 0 0 0 0 0 0 0 0 0 0 0 0 0 0 0 0 0 0 0 0 0 0 0 0 0 0 0 0 0 0 0 0 0 0 0 0 0 0 0 ',0,0,12289,''),(675,1421,6,0,0,1,0,'0 0 0 0 0 ',0,'0 0 0 0 0 0 0 0 0 0 0 0 0 0 0 0 0 0 0 0 0 0 0 0 0 0 0 0 0 0 0 0 0 0 0 0 0 0 0 0 0 0 0 0 0 ',0,0,12422,''),(686,2449,6,0,0,4,0,'0 0 0 0 0 ',0,'0 0 0 0 0 0 0 0 0 0 0 0 0 0 0 0 0 0 0 0 0 0 0 0 0 0 0 0 0 0 0 0 0 0 0 0 0 0 0 0 0 0 0 0 0 ',0,0,12711,''),(724,57166,6,0,0,1,0,'0 0 0 0 0 ',1,'0 0 0 0 0 0 0 0 0 0 0 0 0 0 0 0 0 0 0 0 0 0 0 0 0 0 0 0 0 0 0 0 0 0 0 0 0 0 0 0 0 0 0 0 0 ',0,40,14453,''),(725,57791,6,0,0,1,0,'0 0 0 0 0 ',1,'0 0 0 0 0 0 0 0 0 0 0 0 0 0 0 0 0 0 0 0 0 0 0 0 0 0 0 0 0 0 0 0 0 0 0 0 0 0 0 0 0 0 0 0 0 ',0,0,0,''),(726,57169,6,0,0,1,0,'0 0 0 0 0 ',1,'0 0 0 0 0 0 0 0 0 0 0 0 0 0 0 0 0 0 0 0 0 0 0 0 0 0 0 0 0 0 0 0 0 0 0 0 0 0 0 0 0 0 0 0 0 ',0,35,14461,''),(731,5472,6,0,0,4,0,'-1 0 0 0 0 ',0,'0 0 0 0 0 0 0 0 0 0 0 0 0 0 0 0 0 0 0 0 0 0 0 0 0 0 0 0 0 0 0 0 0 0 0 0 0 0 0 0 0 0 0 0 0 ',0,0,14582,''),(739,38707,7,0,0,1,0,'0 0 0 0 0 ',1,'3369 0 0 0 0 0 0 0 0 0 0 0 0 0 0 0 0 0 0 0 0 0 0 0 0 0 0 0 0 0 0 0 0 0 0 0 0 0 0 0 0 0 0 0 0 ',0,90,219,''),(741,38662,7,0,0,1,0,'0 0 0 0 0 ',1,'0 0 0 0 0 0 0 0 0 0 0 0 0 0 0 0 0 0 0 0 0 0 0 0 0 0 0 0 0 0 0 0 0 0 0 0 0 0 0 0 0 0 0 0 0 ',0,0,684,''),(743,14047,7,0,0,20,0,'0 0 0 0 0 ',0,'0 0 0 0 0 0 0 0 0 0 0 0 0 0 0 0 0 0 0 0 0 0 0 0 0 0 0 0 0 0 0 0 0 0 0 0 0 0 0 0 0 0 0 0 0 ',0,0,848,''),(749,4306,7,0,0,11,0,'0 0 0 0 0 ',0,'0 0 0 0 0 0 0 0 0 0 0 0 0 0 0 0 0 0 0 0 0 0 0 0 0 0 0 0 0 0 0 0 0 0 0 0 0 0 0 0 0 0 0 0 0 ',0,0,940,''),(792,38664,7,0,0,1,0,'0 0 0 0 0 ',1,'0 0 0 0 0 0 0 0 0 0 0 0 0 0 0 0 0 0 0 0 0 0 0 0 0 0 0 0 0 0 0 0 0 0 0 0 0 0 0 0 0 0 0 0 0 ',0,0,1540,''),(793,38671,7,0,0,1,0,'0 0 0 0 0 ',1,'0 0 0 0 0 0 0 0 0 0 0 0 0 0 0 0 0 0 0 0 0 0 0 0 0 0 0 0 0 0 0 0 0 0 0 0 0 0 0 0 0 0 0 0 0 ',0,0,1574,''),(794,40483,7,0,0,1,0,'0 0 0 0 0 ',1,'0 0 0 0 0 0 0 0 0 0 0 0 0 0 0 0 0 0 0 0 0 0 0 0 0 0 0 0 0 0 0 0 0 0 0 0 0 0 0 0 0 0 0 0 0 ',0,0,1892,''),(797,13446,7,0,0,3,0,'-1 0 0 0 0 ',0,'0 0 0 0 0 0 0 0 0 0 0 0 0 0 0 0 0 0 0 0 0 0 0 0 0 0 0 0 0 0 0 0 0 0 0 0 0 0 0 0 0 0 0 0 0 ',0,0,1982,''),(798,39208,7,0,0,1,0,'0 0 0 0 0 ',1,'0 0 0 0 0 0 0 0 0 0 0 0 0 0 0 0 0 0 0 0 0 0 0 0 0 0 0 0 0 0 0 0 0 0 0 0 0 0 0 0 0 0 0 0 0 ',0,0,2026,''),(812,38674,7,0,0,1,0,'0 0 0 0 0 ',1,'0 0 0 0 0 0 0 0 0 0 0 0 0 0 0 0 0 0 0 0 0 0 0 0 0 0 0 0 0 0 0 0 0 0 0 0 0 0 0 0 0 0 0 0 0 ',0,0,2482,''),(817,38666,7,0,0,1,0,'0 0 0 0 0 ',1,'0 0 0 0 0 0 0 0 0 0 0 0 0 0 0 0 0 0 0 0 0 0 0 0 0 0 0 0 0 0 0 0 0 0 0 0 0 0 0 0 0 0 0 0 0 ',0,41,3013,''),(819,38669,7,0,0,1,0,'0 0 0 0 0 ',1,'0 0 0 0 0 0 0 0 0 0 0 0 0 0 0 0 0 0 0 0 0 0 0 0 0 0 0 0 0 0 0 0 0 0 0 0 0 0 0 0 0 0 0 0 0 ',0,90,3069,''),(845,4338,7,0,0,14,0,'0 0 0 0 0 ',0,'0 0 0 0 0 0 0 0 0 0 0 0 0 0 0 0 0 0 0 0 0 0 0 0 0 0 0 0 0 0 0 0 0 0 0 0 0 0 0 0 0 0 0 0 0 ',0,0,3422,''),(868,14047,7,0,0,17,0,'0 0 0 0 0 ',0,'0 0 0 0 0 0 0 0 0 0 0 0 0 0 0 0 0 0 0 0 0 0 0 0 0 0 0 0 0 0 0 0 0 0 0 0 0 0 0 0 0 0 0 0 0 ',0,0,3518,''),(895,4338,7,0,0,20,0,'0 0 0 0 0 ',0,'0 0 0 0 0 0 0 0 0 0 0 0 0 0 0 0 0 0 0 0 0 0 0 0 0 0 0 0 0 0 0 0 0 0 0 0 0 0 0 0 0 0 0 0 0 ',0,0,3651,''),(962,38667,7,0,0,1,0,'0 0 0 0 0 ',1,'0 0 0 0 0 0 0 0 0 0 0 0 0 0 0 0 0 0 0 0 0 0 0 0 0 0 0 0 0 0 0 0 0 0 0 0 0 0 0 0 0 0 0 0 0 ',0,41,4516,''),(964,38665,7,0,0,1,0,'0 0 0 0 0 ',1,'0 0 0 0 0 0 0 0 0 0 0 0 0 0 0 0 0 0 0 0 0 0 0 0 0 0 0 0 0 0 0 0 0 0 0 0 0 0 0 0 0 0 0 0 0 ',0,122,4533,''),(967,38675,7,0,0,1,0,'0 0 0 0 0 ',1,'0 0 0 0 0 0 0 0 0 0 0 0 0 0 0 0 0 0 0 0 0 0 0 0 0 0 0 0 0 0 0 0 0 0 0 0 0 0 0 0 0 0 0 0 0 ',0,0,4869,''),(968,38668,7,0,0,1,0,'0 0 0 0 0 ',1,'0 0 0 0 0 0 0 0 0 0 0 0 0 0 0 0 0 0 0 0 0 0 0 0 0 0 0 0 0 0 0 0 0 0 0 0 0 0 0 0 0 0 0 0 0 ',0,41,5050,''),(971,38670,7,0,0,1,0,'0 0 0 0 0 ',1,'0 0 0 0 0 0 0 0 0 0 0 0 0 0 0 0 0 0 0 0 0 0 0 0 0 0 0 0 0 0 0 0 0 0 0 0 0 0 0 0 0 0 0 0 0 ',0,59,5084,''),(975,39327,7,0,0,5,0,'-1 0 0 0 0 ',1,'0 0 0 0 0 0 0 0 0 0 0 0 0 0 0 0 0 0 0 0 0 0 0 0 0 0 0 0 0 0 0 0 0 0 0 0 0 0 0 0 0 0 0 0 0 ',0,0,5398,''),(994,38672,7,0,0,1,0,'0 0 0 0 0 ',1,'0 0 0 0 0 0 0 0 0 0 0 0 0 0 0 0 0 0 0 0 0 0 0 0 0 0 0 0 0 0 0 0 0 0 0 0 0 0 0 0 0 0 0 0 0 ',0,0,5641,''),(995,38663,7,0,0,1,0,'0 0 0 0 0 ',1,'0 0 0 0 0 0 0 0 0 0 0 0 0 0 0 0 0 0 0 0 0 0 0 0 0 0 0 0 0 0 0 0 0 0 0 0 0 0 0 0 0 0 0 0 0 ',0,72,5932,''),(997,38661,7,0,0,1,0,'0 0 0 0 0 ',1,'0 0 0 0 0 0 0 0 0 0 0 0 0 0 0 0 0 0 0 0 0 0 0 0 0 0 0 0 0 0 0 0 0 0 0 0 0 0 0 0 0 0 0 0 0 ',0,72,6522,''),(998,38633,7,0,0,1,0,'0 0 0 0 0 ',1,'0 0 0 0 0 0 0 0 0 0 0 0 0 0 0 0 0 0 0 0 0 0 0 0 0 0 0 0 0 0 0 0 0 0 0 0 0 0 0 0 0 0 0 0 0 ',0,100,7424,''),(1025,46753,8,0,0,1,0,'0 0 0 0 0 ',0,'0 0 0 0 0 0 0 0 0 0 0 0 0 0 0 0 0 0 0 0 0 0 0 0 0 0 0 0 0 0 0 0 0 0 0 0 0 0 0 0 0 0 0 0 0 ',0,0,0,''),(1050,5393,8,0,0,1,0,'0 0 0 0 0 ',1,'0 0 0 0 0 0 0 0 0 0 0 0 0 0 0 0 0 0 0 0 0 0 0 0 0 0 0 0 0 0 0 0 0 0 0 0 0 0 0 0 0 0 0 0 0 ',0,45,1500,''),(1071,60239,8,0,0,1,0,'0 0 0 0 0 ',1,'0 0 0 0 0 0 0 0 0 0 0 0 0 0 0 0 0 0 0 0 0 0 0 0 0 0 0 0 0 0 0 0 0 0 0 0 0 0 0 0 0 0 0 0 0 ',0,0,0,''),(1089,2571,8,0,0,1,0,'0 0 0 0 0 ',1,'0 0 0 0 0 0 0 0 0 0 0 0 0 0 0 0 0 0 0 0 0 0 0 0 0 0 0 0 0 0 0 0 0 0 0 0 0 0 0 0 0 0 0 0 0 ',0,35,3299,''),(1090,118,8,0,0,5,0,'-1 0 0 0 0 ',0,'0 0 0 0 0 0 0 0 0 0 0 0 0 0 0 0 0 0 0 0 0 0 0 0 0 0 0 0 0 0 0 0 0 0 0 0 0 0 0 0 0 0 0 0 0 ',0,0,3417,''),(1127,159,8,0,0,2,0,'-1 0 0 0 0 ',0,'0 0 0 0 0 0 0 0 0 0 0 0 0 0 0 0 0 0 0 0 0 0 0 0 0 0 0 0 0 0 0 0 0 0 0 0 0 0 0 0 0 0 0 0 0 ',0,0,4494,''),(1134,2449,8,0,0,3,0,'0 0 0 0 0 ',0,'0 0 0 0 0 0 0 0 0 0 0 0 0 0 0 0 0 0 0 0 0 0 0 0 0 0 0 0 0 0 0 0 0 0 0 0 0 0 0 0 0 0 0 0 0 ',0,0,4614,''),(1151,765,8,0,0,3,0,'0 0 0 0 0 ',0,'0 0 0 0 0 0 0 0 0 0 0 0 0 0 0 0 0 0 0 0 0 0 0 0 0 0 0 0 0 0 0 0 0 0 0 0 0 0 0 0 0 0 0 0 0 ',0,0,4966,''),(1183,774,8,0,0,1,0,'0 0 0 0 0 ',0,'0 0 0 0 0 0 0 0 0 0 0 0 0 0 0 0 0 0 0 0 0 0 0 0 0 0 0 0 0 0 0 0 0 0 0 0 0 0 0 0 0 0 0 0 0 ',0,0,5782,''),(1198,9598,8,0,0,1,0,'0 0 0 0 0 ',1,'0 0 0 0 0 0 0 0 0 0 0 0 0 0 0 0 0 0 0 0 0 0 0 0 0 0 0 0 0 0 0 0 0 0 0 0 0 0 0 0 0 0 0 0 0 ',0,75,6162,''),(1212,828,8,0,0,1,0,'0 0 0 0 0 ',0,'0 0 0 0 0 0 0 0 0 0 0 0 0 0 0 0 0 0 0 0 0 0 0 0 0 0 0 0 0 0 0 0 0 0 0 0 0 0 0 0 0 0 0 0 0 ',0,0,0,''),(1245,5458,8,0,0,1,0,'0 0 0 0 0 ',1,'0 0 0 0 0 0 0 0 0 0 0 0 0 0 0 0 0 0 0 0 0 0 0 0 0 0 0 0 0 0 0 0 0 0 0 0 0 0 0 0 0 0 0 0 0 ',0,25,7463,''),(1248,5591,8,0,0,1,0,'0 0 0 0 0 ',1,'0 0 0 0 0 0 0 0 0 0 0 0 0 0 0 0 0 0 0 0 0 0 0 0 0 0 0 0 0 0 0 0 0 0 0 0 0 0 0 0 0 0 0 0 0 ',0,0,7781,''),(1257,5590,8,0,0,1,0,'0 0 0 0 0 ',1,'41 0 0 0 0 0 0 0 0 0 0 0 0 0 0 0 0 0 0 0 0 0 0 0 0 0 0 0 0 0 0 0 0 0 0 0 0 0 0 0 0 0 0 0 0 ',0,25,8082,''),(1260,60240,8,0,0,1,0,'0 0 0 0 0 ',1,'0 0 0 0 0 0 0 0 0 0 0 0 0 0 0 0 0 0 0 0 0 0 0 0 0 0 0 0 0 0 0 0 0 0 0 0 0 0 0 0 0 0 0 0 0 ',0,0,0,''),(1277,54873,8,0,0,1,0,'0 0 0 0 0 ',1,'0 0 0 0 0 0 0 0 0 0 0 0 0 0 0 0 0 0 0 0 0 0 0 0 0 0 0 0 0 0 0 0 0 0 0 0 0 0 0 0 0 0 0 0 0 ',0,55,9569,''),(1335,6888,8,0,0,3,0,'-1 0 0 0 0 ',0,'0 0 0 0 0 0 0 0 0 0 0 0 0 0 0 0 0 0 0 0 0 0 0 0 0 0 0 0 0 0 0 0 0 0 0 0 0 0 0 0 0 0 0 0 0 ',0,0,10126,''),(1338,5472,8,0,0,11,0,'-1 0 0 0 0 ',0,'0 0 0 0 0 0 0 0 0 0 0 0 0 0 0 0 0 0 0 0 0 0 0 0 0 0 0 0 0 0 0 0 0 0 0 0 0 0 0 0 0 0 0 0 0 ',0,0,10150,''),(1411,4307,8,8,0,1,0,'0 0 0 0 0 ',1,'0 0 0 0 0 0 0 0 0 0 0 0 0 0 0 0 0 0 0 0 0 0 0 0 0 0 0 0 0 0 0 0 0 0 0 0 0 0 0 0 0 0 0 0 0 ',0,25,10518,''),(1421,10938,8,0,0,2,0,'-1 0 0 0 0 ',0,'0 0 0 0 0 0 0 0 0 0 0 0 0 0 0 0 0 0 0 0 0 0 0 0 0 0 0 0 0 0 0 0 0 0 0 0 0 0 0 0 0 0 0 0 0 ',0,0,10593,''),(1427,6218,8,8,0,1,0,'0 0 0 0 0 ',1,'0 0 0 0 0 0 0 0 0 0 0 0 0 0 0 0 0 0 0 0 0 0 0 0 0 0 0 0 0 0 0 0 0 0 0 0 0 0 0 0 0 0 0 0 0 ',0,0,10632,''),(1436,2589,9,0,0,3,0,'0 0 0 0 0 ',0,'0 0 0 0 0 0 0 0 0 0 0 0 0 0 0 0 0 0 0 0 0 0 0 0 0 0 0 0 0 0 0 0 0 0 0 0 0 0 0 0 0 0 0 0 0 ',0,0,357,''),(1440,54292,9,0,0,1,0,'0 0 0 0 0 ',1,'0 0 0 0 0 0 0 0 0 0 0 0 0 0 0 0 0 0 0 0 0 0 0 0 0 0 0 0 0 0 0 0 0 0 0 0 0 0 0 0 0 0 0 0 0 ',0,25,437,''),(1444,54299,9,0,0,1,0,'0 0 0 0 0 ',1,'0 0 0 0 0 0 0 0 0 0 0 0 0 0 0 0 0 0 0 0 0 0 0 0 0 0 0 0 0 0 0 0 0 0 0 0 0 0 0 0 0 0 0 0 0 ',0,45,1056,''),(1451,54294,9,0,0,1,0,'0 0 0 0 0 ',1,'0 0 0 0 0 0 0 0 0 0 0 0 0 0 0 0 0 0 0 0 0 0 0 0 0 0 0 0 0 0 0 0 0 0 0 0 0 0 0 0 0 0 0 0 0 ',0,60,1567,''),(1457,54302,9,0,0,1,0,'0 0 0 0 0 ',1,'0 0 0 0 0 0 0 0 0 0 0 0 0 0 0 0 0 0 0 0 0 0 0 0 0 0 0 0 0 0 0 0 0 0 0 0 0 0 0 0 0 0 0 0 0 ',0,20,3226,''),(1460,49884,9,0,0,2,0,'-1 0 0 0 0 ',0,'0 0 0 0 0 0 0 0 0 0 0 0 0 0 0 0 0 0 0 0 0 0 0 0 0 0 0 0 0 0 0 0 0 0 0 0 0 0 0 0 0 0 0 0 0 ',0,0,3829,''),(1466,56148,9,0,0,1,0,'0 0 0 0 0 ',1,'0 0 0 0 0 0 0 0 0 0 0 0 0 0 0 0 0 0 0 0 0 0 0 0 0 0 0 0 0 0 0 0 0 0 0 0 0 0 0 0 0 0 0 0 0 ',0,0,0,''),(1467,54304,9,0,0,1,0,'0 0 0 0 0 ',1,'0 0 0 0 0 0 0 0 0 0 0 0 0 0 0 0 0 0 0 0 0 0 0 0 0 0 0 0 0 0 0 0 0 0 0 0 0 0 0 0 0 0 0 0 0 ',0,40,4445,''),(1468,54307,9,0,0,1,0,'0 0 0 0 0 ',1,'0 0 0 0 0 0 0 0 0 0 0 0 0 0 0 0 0 0 0 0 0 0 0 0 0 0 0 0 0 0 0 0 0 0 0 0 0 0 0 0 0 0 0 0 0 ',0,20,4711,''),(1471,2589,11,0,0,20,0,'0 0 0 0 0 ',0,'0 0 0 0 0 0 0 0 0 0 0 0 0 0 0 0 0 0 0 0 0 0 0 0 0 0 0 0 0 0 0 0 0 0 0 0 0 0 0 0 0 0 0 0 0 ',0,0,198,''),(1474,7288,11,0,0,1,0,'-1 0 0 0 0 ',0,'0 0 0 0 0 0 0 0 0 0 0 0 0 0 0 0 0 0 0 0 0 0 0 0 0 0 0 0 0 0 0 0 0 0 0 0 0 0 0 0 0 0 0 0 0 ',0,0,212,''),(1476,159,11,0,0,9,0,'-1 0 0 0 0 ',0,'0 0 0 0 0 0 0 0 0 0 0 0 0 0 0 0 0 0 0 0 0 0 0 0 0 0 0 0 0 0 0 0 0 0 0 0 0 0 0 0 0 0 0 0 0 ',0,0,223,''),(1479,828,11,0,0,1,0,'0 0 0 0 0 ',0,'0 0 0 0 0 0 0 0 0 0 0 0 0 0 0 0 0 0 0 0 0 0 0 0 0 0 0 0 0 0 0 0 0 0 0 0 0 0 0 0 0 0 0 0 0 ',0,0,0,''),(1486,52040,11,0,0,1,0,'0 0 0 0 0 ',1,'0 0 0 0 0 0 0 0 0 0 0 0 0 0 0 0 0 0 0 0 0 0 0 0 0 0 0 0 0 0 0 0 0 0 0 0 0 0 0 0 0 0 0 0 0 ',0,0,0,''),(1504,58217,11,0,0,1,0,'0 0 0 0 0 ',1,'0 0 0 0 0 0 0 0 0 0 0 0 0 0 0 0 0 0 0 0 0 0 0 0 0 0 0 0 0 0 0 0 0 0 0 0 0 0 0 0 0 0 0 0 0 ',0,27,1055,''),(1519,117,11,0,0,1,0,'-1 0 0 0 0 ',0,'0 0 0 0 0 0 0 0 0 0 0 0 0 0 0 0 0 0 0 0 0 0 0 0 0 0 0 0 0 0 0 0 0 0 0 0 0 0 0 0 0 0 0 0 0 ',0,0,2377,''),(1527,54983,11,0,0,1,0,'0 0 0 0 0 ',1,'0 0 0 0 0 0 0 0 0 0 0 0 0 0 0 0 0 0 0 0 0 0 0 0 0 0 0 0 0 0 0 0 0 0 0 0 0 0 0 0 0 0 0 0 0 ',0,18,2526,''),(1530,2589,11,0,0,20,0,'0 0 0 0 0 ',0,'0 0 0 0 0 0 0 0 0 0 0 0 0 0 0 0 0 0 0 0 0 0 0 0 0 0 0 0 0 0 0 0 0 0 0 0 0 0 0 0 0 0 0 0 0 ',0,0,2914,''),(1553,2589,11,0,0,20,0,'0 0 0 0 0 ',0,'0 0 0 0 0 0 0 0 0 0 0 0 0 0 0 0 0 0 0 0 0 0 0 0 0 0 0 0 0 0 0 0 0 0 0 0 0 0 0 0 0 0 0 0 0 ',0,0,4409,''),(1562,55018,11,0,0,1,0,'0 0 0 0 0 ',1,'0 0 0 0 0 0 0 0 0 0 0 0 0 0 0 0 0 0 0 0 0 0 0 0 0 0 0 0 0 0 0 0 0 0 0 0 0 0 0 0 0 0 0 0 0 ',0,32,4677,''),(1571,5465,11,0,0,7,0,'0 0 0 0 0 ',0,'0 0 0 0 0 0 0 0 0 0 0 0 0 0 0 0 0 0 0 0 0 0 0 0 0 0 0 0 0 0 0 0 0 0 0 0 0 0 0 0 0 0 0 0 0 ',0,0,6111,''),(1590,54996,11,0,0,1,0,'0 0 0 0 0 ',1,'0 0 0 0 0 0 0 0 0 0 0 0 0 0 0 0 0 0 0 0 0 0 0 0 0 0 0 0 0 0 0 0 0 0 0 0 0 0 0 0 0 0 0 0 0 ',0,50,7065,''),(1591,54999,11,0,0,1,0,'0 0 0 0 0 ',1,'0 0 0 0 0 0 0 0 0 0 0 0 0 0 0 0 0 0 0 0 0 0 0 0 0 0 0 0 0 0 0 0 0 0 0 0 0 0 0 0 0 0 0 0 0 ',0,68,7325,''),(1599,2589,11,0,0,20,0,'0 0 0 0 0 ',0,'0 0 0 0 0 0 0 0 0 0 0 0 0 0 0 0 0 0 0 0 0 0 0 0 0 0 0 0 0 0 0 0 0 0 0 0 0 0 0 0 0 0 0 0 0 ',0,0,7756,''),(1606,52942,11,0,0,1,0,'0 0 0 0 0 ',1,'0 0 0 0 0 0 0 0 0 0 0 0 0 0 0 0 0 0 0 0 0 0 0 0 0 0 0 0 0 0 0 0 0 0 0 0 0 0 0 0 0 0 0 0 0 ',0,50,7994,''),(1608,58255,11,0,0,1,0,'0 0 0 0 0 ',1,'0 0 0 0 0 0 0 0 0 0 0 0 0 0 0 0 0 0 0 0 0 0 0 0 0 0 0 0 0 0 0 0 0 0 0 0 0 0 0 0 0 0 0 0 0 ',0,27,8934,''),(1609,55003,11,0,0,1,0,'0 0 0 0 0 ',1,'0 0 0 0 0 0 0 0 0 0 0 0 0 0 0 0 0 0 0 0 0 0 0 0 0 0 0 0 0 0 0 0 0 0 0 0 0 0 0 0 0 0 0 0 0 ',0,0,8934,''),(1620,2960,11,0,0,1,0,'0 0 0 0 0 ',0,'0 0 0 0 0 0 0 0 0 0 0 0 0 0 0 0 0 0 0 0 0 0 0 0 0 0 0 0 0 0 0 0 0 0 0 0 0 0 0 0 0 0 0 0 0 ',0,23,9521,''),(1632,2589,11,0,0,20,0,'0 0 0 0 0 ',0,'0 0 0 0 0 0 0 0 0 0 0 0 0 0 0 0 0 0 0 0 0 0 0 0 0 0 0 0 0 0 0 0 0 0 0 0 0 0 0 0 0 0 0 0 0 ',0,0,9765,''),(1637,2592,11,0,0,3,0,'0 0 0 0 0 ',0,'0 0 0 0 0 0 0 0 0 0 0 0 0 0 0 0 0 0 0 0 0 0 0 0 0 0 0 0 0 0 0 0 0 0 0 0 0 0 0 0 0 0 0 0 0 ',0,0,9788,''),(1645,858,11,0,0,2,0,'-1 0 0 0 0 ',0,'0 0 0 0 0 0 0 0 0 0 0 0 0 0 0 0 0 0 0 0 0 0 0 0 0 0 0 0 0 0 0 0 0 0 0 0 0 0 0 0 0 0 0 0 0 ',0,0,9882,''),(1650,67229,11,0,0,4,0,'0 0 0 0 0 ',0,'0 0 0 0 0 0 0 0 0 0 0 0 0 0 0 0 0 0 0 0 0 0 0 0 0 0 0 0 0 0 0 0 0 0 0 0 0 0 0 0 0 0 0 0 0 ',0,0,10021,''),(1659,54992,11,0,0,1,0,'0 0 0 0 0 ',1,'0 0 0 0 0 0 0 0 0 0 0 0 0 0 0 0 0 0 0 0 0 0 0 0 0 0 0 0 0 0 0 0 0 0 0 0 0 0 0 0 0 0 0 0 0 ',0,27,10226,''),(1661,54988,11,0,0,1,0,'0 0 0 0 0 ',1,'0 0 0 0 0 0 0 0 0 0 0 0 0 0 0 0 0 0 0 0 0 0 0 0 0 0 0 0 0 0 0 0 0 0 0 0 0 0 0 0 0 0 0 0 0 ',0,0,10751,''),(1663,6291,11,0,0,4,0,'-1 0 0 0 0 ',0,'0 0 0 0 0 0 0 0 0 0 0 0 0 0 0 0 0 0 0 0 0 0 0 0 0 0 0 0 0 0 0 0 0 0 0 0 0 0 0 0 0 0 0 0 0 ',0,0,11150,''),(1664,14090,11,0,0,1,0,'0 0 0 0 0 ',0,'0 0 0 0 0 0 0 0 0 0 0 0 0 0 0 0 0 0 0 0 0 0 0 0 0 0 0 0 0 0 0 0 0 74 0 0 71 0 0 0 0 0 0 0 0 ',584,55,11150,''),(1668,1787,11,0,0,1,0,'0 0 0 0 0 ',0,'0 0 0 0 0 0 0 0 0 0 0 0 0 0 0 0 0 0 0 0 0 0 0 0 0 0 0 0 0 0 0 0 0 0 0 0 0 0 0 0 0 0 0 0 0 ',0,30,11201,''),(1673,1416,11,0,0,1,0,'0 0 0 0 0 ',0,'0 0 0 0 0 0 0 0 0 0 0 0 0 0 0 0 0 0 0 0 0 0 0 0 0 0 0 0 0 0 0 0 0 0 0 0 0 0 0 0 0 0 0 0 0 ',0,45,11227,''),(1675,1742,11,0,0,1,0,'0 0 0 0 0 ',0,'0 0 0 0 0 0 0 0 0 0 0 0 0 0 0 0 0 0 0 0 0 0 0 0 0 0 0 0 0 0 0 0 0 0 0 0 0 0 0 0 0 0 0 0 0 ',0,30,11227,''),(1680,2589,11,0,0,3,0,'0 0 0 0 0 ',0,'0 0 0 0 0 0 0 0 0 0 0 0 0 0 0 0 0 0 0 0 0 0 0 0 0 0 0 0 0 0 0 0 0 0 0 0 0 0 0 0 0 0 0 0 0 ',0,0,11488,''),(1681,1416,11,0,0,1,0,'0 0 0 0 0 ',0,'0 0 0 0 0 0 0 0 0 0 0 0 0 0 0 0 0 0 0 0 0 0 0 0 0 0 0 0 0 0 0 0 0 0 0 0 0 0 0 0 0 0 0 0 0 ',0,45,11488,''),(1682,6289,11,0,0,1,0,'-1 0 0 0 0 ',0,'0 0 0 0 0 0 0 0 0 0 0 0 0 0 0 0 0 0 0 0 0 0 0 0 0 0 0 0 0 0 0 0 0 0 0 0 0 0 0 0 0 0 0 0 0 ',0,0,11488,''),(1684,2645,11,0,0,1,0,'0 0 0 0 0 ',0,'0 0 0 0 0 0 0 0 0 0 0 0 0 0 0 0 0 0 0 0 0 0 0 0 0 0 0 0 0 0 0 0 0 0 0 0 0 0 0 0 0 0 0 0 0 ',0,25,11577,''),(1686,55013,11,0,0,1,0,'0 0 0 0 0 ',1,'0 0 0 0 0 0 0 0 0 0 0 0 0 0 0 0 0 0 0 0 0 0 0 0 0 0 0 0 0 0 0 0 0 0 0 0 0 0 0 0 0 0 0 0 0 ',0,65,11969,''),(1695,20474,10,0,0,1,0,'0 0 0 0 0 ',1,'0 0 0 0 0 0 0 0 0 0 0 0 0 0 0 0 0 0 0 0 0 0 0 0 0 0 0 0 0 0 0 0 0 0 0 0 0 0 0 0 0 0 0 0 0 ',0,0,0,''),(1764,4536,10,0,0,4,0,'-1 0 0 0 0 ',0,'0 0 0 0 0 0 0 0 0 0 0 0 0 0 0 0 0 0 0 0 0 0 0 0 0 0 0 0 0 0 0 0 0 0 0 0 0 0 0 0 0 0 0 0 0 ',0,0,2063,''),(1817,27668,10,0,0,5,0,'0 0 0 0 0 ',0,'0 0 0 0 0 0 0 0 0 0 0 0 0 0 0 0 0 0 0 0 0 0 0 0 0 0 0 0 0 0 0 0 0 0 0 0 0 0 0 0 0 0 0 0 0 ',0,0,4080,''),(1841,2646,10,0,0,1,0,'0 0 0 0 0 ',0,'0 0 0 0 0 0 0 0 0 0 0 0 0 0 0 0 0 0 0 0 0 0 0 0 0 0 0 0 0 0 0 0 0 0 0 0 0 0 0 0 0 0 0 0 0 ',0,50,4517,''),(1856,6303,10,0,0,6,0,'-1 0 0 0 0 ',0,'0 0 0 0 0 0 0 0 0 0 0 0 0 0 0 0 0 0 0 0 0 0 0 0 0 0 0 0 0 0 0 0 0 0 0 0 0 0 0 0 0 0 0 0 0 ',0,0,4967,''),(1890,22953,10,0,0,1,0,'0 0 0 0 0 ',1,'0 0 0 0 0 0 0 0 0 0 0 0 0 0 0 0 0 0 0 0 0 0 0 0 0 0 0 0 0 0 0 0 0 0 0 0 0 0 0 0 0 0 0 0 0 ',0,65,6315,''),(1932,22964,10,0,0,1,0,'0 0 0 0 0 ',1,'0 0 0 0 0 0 0 0 0 0 0 0 0 0 0 0 0 0 0 0 0 0 0 0 0 0 0 0 0 0 0 0 0 0 0 0 0 0 0 0 0 0 0 0 0 ',0,25,7328,''),(1939,23376,10,0,0,1,0,'0 0 0 0 0 ',1,'0 0 0 0 0 0 0 0 0 0 0 0 0 0 0 0 0 0 0 0 0 0 0 0 0 0 0 0 0 0 0 0 0 0 0 0 0 0 0 0 0 0 0 0 0 ',0,20,7826,''),(1940,22976,10,0,0,1,0,'0 0 0 0 0 ',1,'0 0 0 0 0 0 0 0 0 0 0 0 0 0 0 0 0 0 0 0 0 0 0 0 0 0 0 0 0 0 0 0 0 0 0 0 0 0 0 0 0 0 0 0 0 ',0,0,0,''),(2000,2901,10,0,0,1,0,'0 0 0 0 0 ',0,'0 0 0 0 0 0 0 0 0 0 0 0 0 0 0 0 0 0 0 0 0 0 0 0 0 0 0 0 0 0 0 0 0 0 0 0 0 0 0 0 0 0 0 0 0 ',0,0,8494,''),(2002,6508,10,0,0,1,0,'0 0 0 0 0 ',0,'0 0 0 0 0 0 0 0 0 0 0 0 0 0 0 0 0 0 0 0 0 0 0 0 0 0 0 0 0 0 0 0 0 0 0 0 0 0 0 0 0 0 0 0 0 ',0,0,8793,''),(2005,2967,10,0,0,1,0,'0 0 0 0 0 ',0,'0 0 0 0 0 0 0 0 0 0 0 0 0 0 0 0 0 0 0 0 0 0 0 0 0 0 0 0 0 0 0 0 0 0 0 0 0 0 0 0 0 0 0 0 0 ',0,35,8890,''),(2011,118,10,0,0,3,0,'-1 0 0 0 0 ',0,'0 0 0 0 0 0 0 0 0 0 0 0 0 0 0 0 0 0 0 0 0 0 0 0 0 0 0 0 0 0 0 0 0 0 0 0 0 0 0 0 0 0 0 0 0 ',0,0,8998,''),(2019,727,10,0,0,1,0,'0 0 0 0 0 ',1,'0 0 0 0 0 0 0 0 0 0 0 0 0 0 0 0 0 0 0 0 0 0 0 0 0 0 0 0 0 0 0 0 0 0 0 0 0 0 0 0 0 0 0 0 0 ',1548,50,9234,''),(2022,22969,10,0,0,1,0,'0 0 0 0 0 ',1,'0 0 0 0 0 0 0 0 0 0 0 0 0 0 0 0 0 0 0 0 0 0 0 0 0 0 0 0 0 0 0 0 0 0 0 0 0 0 0 0 0 0 0 0 0 ',0,45,9388,''),(2032,22963,10,0,0,1,0,'0 0 0 0 0 ',1,'0 0 0 0 0 0 0 0 0 0 0 0 0 0 0 0 0 0 0 0 0 0 0 0 0 0 0 0 0 0 0 0 0 0 0 0 0 0 0 0 0 0 0 0 0 ',0,35,9570,''),(2057,23265,10,0,0,1,0,'0 0 0 0 0 ',1,'0 0 0 0 0 0 0 0 0 0 0 0 0 0 0 0 0 0 0 0 0 0 0 0 0 0 0 0 0 0 0 0 0 0 0 0 0 0 0 0 0 0 0 0 0 ',0,25,10521,''),(2058,23500,10,0,0,1,0,'0 0 0 0 0 ',1,'0 0 0 0 0 0 0 0 0 0 0 0 0 0 0 0 0 0 0 0 0 0 0 0 0 0 0 0 0 0 0 0 0 0 0 0 0 0 0 0 0 0 0 0 0 ',0,0,10619,''),(2094,2581,10,0,0,2,0,'-1 0 0 0 0 ',0,'0 0 0 0 0 0 0 0 0 0 0 0 0 0 0 0 0 0 0 0 0 0 0 0 0 0 0 0 0 0 0 0 0 0 0 0 0 0 0 0 0 0 0 0 0 ',0,0,12216,''),(2096,6256,10,0,0,1,0,'0 0 0 0 0 ',0,'0 0 0 0 0 0 0 0 0 0 0 0 0 0 0 0 0 0 0 0 0 0 0 0 0 0 0 0 0 0 0 0 0 0 0 0 0 0 0 0 0 0 0 0 0 ',0,25,12239,''),(2123,23389,12,0,0,1,0,'0 0 0 0 0 ',1,'0 0 0 0 0 0 0 0 0 0 0 0 0 0 0 0 0 0 0 0 0 0 0 0 0 0 0 0 0 0 0 0 0 0 0 0 0 0 0 0 0 0 0 0 0 ',0,0,0,''),(2150,118,12,0,0,4,0,'-1 0 0 0 0 ',0,'0 0 0 0 0 0 0 0 0 0 0 0 0 0 0 0 0 0 0 0 0 0 0 0 0 0 0 0 0 0 0 0 0 0 0 0 0 0 0 0 0 0 0 0 0 ',0,0,1292,''),(2152,24425,12,0,0,1,0,'0 0 0 0 0 ',1,'0 0 0 0 0 0 0 0 0 0 0 0 0 0 0 0 0 0 0 0 0 0 0 0 0 0 0 0 0 0 0 0 0 0 0 0 0 0 0 0 0 0 0 0 0 ',0,41,1300,''),(2153,4540,12,0,0,4,0,'-1 0 0 0 0 ',0,'0 0 0 0 0 0 0 0 0 0 0 0 0 0 0 0 0 0 0 0 0 0 0 0 0 0 0 0 0 0 0 0 0 0 0 0 0 0 0 0 0 0 0 0 0 ',0,0,1451,''),(2154,159,12,0,0,5,0,'-1 0 0 0 0 ',0,'0 0 0 0 0 0 0 0 0 0 0 0 0 0 0 0 0 0 0 0 0 0 0 0 0 0 0 0 0 0 0 0 0 0 0 0 0 0 0 0 0 0 0 0 0 ',0,0,1491,''),(2172,6256,12,0,0,1,0,'0 0 0 0 0 ',0,'0 0 0 0 0 0 0 0 0 0 0 0 0 0 0 0 0 0 0 0 0 0 0 0 0 0 0 0 0 0 0 0 0 0 0 0 0 0 0 0 0 0 0 0 0 ',0,25,1928,''),(2207,774,12,0,0,1,0,'0 0 0 0 0 ',0,'0 0 0 0 0 0 0 0 0 0 0 0 0 0 0 0 0 0 0 0 0 0 0 0 0 0 0 0 0 0 0 0 0 0 0 0 0 0 0 0 0 0 0 0 0 ',0,0,3114,''),(2367,24113,12,0,0,1,0,'0 0 0 0 0 ',1,'0 0 0 0 0 0 0 0 0 0 0 0 0 0 0 0 0 0 0 0 0 0 0 0 0 0 0 0 0 0 0 0 0 0 0 0 0 0 0 0 0 0 0 0 0 ',0,23,6731,''),(2391,24434,12,0,0,1,0,'0 0 0 0 0 ',1,'0 0 0 0 0 0 0 0 0 0 0 0 0 0 0 0 0 0 0 0 0 0 0 0 0 0 0 0 0 0 0 0 0 0 0 0 0 0 0 0 0 0 0 0 0 ',0,50,7738,''),(2410,24104,12,0,0,1,0,'0 0 0 0 0 ',1,'0 0 0 0 0 0 0 0 0 0 0 0 0 0 0 0 0 0 0 0 0 0 0 0 0 0 0 0 0 0 0 0 0 0 0 0 0 0 0 0 0 0 0 0 0 ',0,0,8492,''),(2411,24144,12,0,0,1,0,'0 0 0 0 0 ',0,'0 0 0 0 0 0 0 0 0 0 0 0 0 0 0 0 0 0 0 0 0 0 0 0 0 0 0 0 0 0 0 0 0 0 0 0 0 0 0 0 0 0 0 0 0 ',0,23,8519,''),(2414,7108,12,0,0,1,0,'0 0 0 0 0 ',0,'0 0 0 0 0 0 0 0 0 0 0 0 0 0 0 0 0 0 0 0 0 0 0 0 0 0 0 0 0 0 0 0 0 74 0 0 0 0 0 0 0 0 0 0 0 ',14,75,9225,''),(2430,27403,12,0,0,1,0,'0 0 0 0 0 ',1,'0 0 0 0 0 0 0 0 0 0 0 0 0 0 0 0 0 0 0 0 0 0 0 0 0 0 0 0 0 0 0 0 0 0 0 0 0 0 0 0 0 0 0 0 0 ',0,35,9732,''),(2468,24109,12,0,0,1,0,'0 0 0 0 0 ',1,'0 0 0 0 0 0 0 0 0 0 0 0 0 0 0 0 0 0 0 0 0 0 0 0 0 0 0 0 0 0 0 0 0 0 0 0 0 0 0 0 0 0 0 0 0 ',0,25,10914,''),(2469,24438,12,0,0,1,0,'0 0 0 0 0 ',1,'0 0 0 0 0 0 0 0 0 0 0 0 0 0 0 0 0 0 0 0 0 0 0 0 0 0 0 0 0 0 0 0 0 0 0 0 0 0 0 0 0 0 0 0 0 ',0,75,10935,''),(2488,24112,12,0,0,1,0,'0 0 0 0 0 ',1,'0 0 0 0 0 0 0 0 0 0 0 0 0 0 0 0 0 0 0 0 0 0 0 0 0 0 0 0 0 0 0 0 0 0 0 0 0 0 0 0 0 0 0 0 0 ',0,35,11346,'');
/*!40000 ALTER TABLE `item_instance` ENABLE KEYS */;
UNLOCK TABLES;

--
-- Table structure for table `item_loot_items`
--

DROP TABLE IF EXISTS `item_loot_items`;
/*!40101 SET @saved_cs_client     = @@character_set_client */;
/*!40101 SET character_set_client = utf8 */;
CREATE TABLE `item_loot_items` (
  `container_id` int(10) unsigned NOT NULL DEFAULT 0 COMMENT 'guid of container (item_instance.guid)',
  `item_id` int(10) unsigned NOT NULL DEFAULT 0 COMMENT 'loot item entry (item_instance.itemEntry)',
  `item_count` int(10) NOT NULL DEFAULT 0 COMMENT 'stack size',
  `follow_rules` tinyint(1) NOT NULL DEFAULT 0 COMMENT 'follow loot rules',
  `ffa` tinyint(1) NOT NULL DEFAULT 0 COMMENT 'free-for-all',
  `blocked` tinyint(1) NOT NULL DEFAULT 0,
  `counted` tinyint(1) NOT NULL DEFAULT 0,
  `under_threshold` tinyint(1) NOT NULL DEFAULT 0,
  `needs_quest` tinyint(1) NOT NULL DEFAULT 0 COMMENT 'quest drop',
  `rnd_prop` int(10) NOT NULL DEFAULT 0 COMMENT 'random enchantment added when originally rolled',
  `rnd_suffix` int(10) NOT NULL DEFAULT 0 COMMENT 'random suffix added when originally rolled'
) ENGINE=InnoDB DEFAULT CHARSET=latin1;
/*!40101 SET character_set_client = @saved_cs_client */;

--
-- Dumping data for table `item_loot_items`
--

LOCK TABLES `item_loot_items` WRITE;
/*!40000 ALTER TABLE `item_loot_items` DISABLE KEYS */;
/*!40000 ALTER TABLE `item_loot_items` ENABLE KEYS */;
UNLOCK TABLES;

--
-- Table structure for table `item_loot_money`
--

DROP TABLE IF EXISTS `item_loot_money`;
/*!40101 SET @saved_cs_client     = @@character_set_client */;
/*!40101 SET character_set_client = utf8 */;
CREATE TABLE `item_loot_money` (
  `container_id` int(10) unsigned NOT NULL DEFAULT 0 COMMENT 'guid of container (item_instance.guid)',
  `money` int(10) unsigned NOT NULL DEFAULT 0 COMMENT 'money loot (in copper)',
  PRIMARY KEY (`container_id`)
) ENGINE=InnoDB DEFAULT CHARSET=latin1;
/*!40101 SET character_set_client = @saved_cs_client */;

--
-- Dumping data for table `item_loot_money`
--

LOCK TABLES `item_loot_money` WRITE;
/*!40000 ALTER TABLE `item_loot_money` DISABLE KEYS */;
/*!40000 ALTER TABLE `item_loot_money` ENABLE KEYS */;
UNLOCK TABLES;

--
-- Table structure for table `item_refund_instance`
--

DROP TABLE IF EXISTS `item_refund_instance`;
/*!40101 SET @saved_cs_client     = @@character_set_client */;
/*!40101 SET character_set_client = utf8 */;
CREATE TABLE `item_refund_instance` (
  `item_guid` int(10) unsigned NOT NULL COMMENT 'Item GUID',
  `player_guid` int(10) unsigned NOT NULL COMMENT 'Player GUID',
  `paidMoney` int(10) unsigned NOT NULL DEFAULT 0,
  `paidExtendedCost` smallint(5) unsigned NOT NULL DEFAULT 0,
  PRIMARY KEY (`item_guid`,`player_guid`)
) ENGINE=InnoDB DEFAULT CHARSET=utf8 COMMENT='Item Refund System';
/*!40101 SET character_set_client = @saved_cs_client */;

--
-- Dumping data for table `item_refund_instance`
--

LOCK TABLES `item_refund_instance` WRITE;
/*!40000 ALTER TABLE `item_refund_instance` DISABLE KEYS */;
/*!40000 ALTER TABLE `item_refund_instance` ENABLE KEYS */;
UNLOCK TABLES;

--
-- Table structure for table `item_soulbound_trade_data`
--

DROP TABLE IF EXISTS `item_soulbound_trade_data`;
/*!40101 SET @saved_cs_client     = @@character_set_client */;
/*!40101 SET character_set_client = utf8 */;
CREATE TABLE `item_soulbound_trade_data` (
  `itemGuid` int(10) unsigned NOT NULL COMMENT 'Item GUID',
  `allowedPlayers` text NOT NULL COMMENT 'Space separated GUID list of players who can receive this item in trade',
  PRIMARY KEY (`itemGuid`)
) ENGINE=InnoDB DEFAULT CHARSET=utf8 COMMENT='Item Refund System';
/*!40101 SET character_set_client = @saved_cs_client */;

--
-- Dumping data for table `item_soulbound_trade_data`
--

LOCK TABLES `item_soulbound_trade_data` WRITE;
/*!40000 ALTER TABLE `item_soulbound_trade_data` DISABLE KEYS */;
/*!40000 ALTER TABLE `item_soulbound_trade_data` ENABLE KEYS */;
UNLOCK TABLES;

--
-- Table structure for table `lag_reports`
--

DROP TABLE IF EXISTS `lag_reports`;
/*!40101 SET @saved_cs_client     = @@character_set_client */;
/*!40101 SET character_set_client = utf8 */;
CREATE TABLE `lag_reports` (
  `reportId` int(10) unsigned NOT NULL AUTO_INCREMENT,
  `guid` int(10) unsigned NOT NULL DEFAULT 0,
  `lagType` tinyint(3) unsigned NOT NULL DEFAULT 0,
  `mapId` smallint(5) unsigned NOT NULL DEFAULT 0,
  `posX` float NOT NULL DEFAULT 0,
  `posY` float NOT NULL DEFAULT 0,
  `posZ` float NOT NULL DEFAULT 0,
  `latency` int(10) unsigned NOT NULL DEFAULT 0,
  `createTime` int(10) unsigned NOT NULL DEFAULT 0,
  PRIMARY KEY (`reportId`)
) ENGINE=InnoDB DEFAULT CHARSET=utf8 COMMENT='Player System';
/*!40101 SET character_set_client = @saved_cs_client */;

--
-- Dumping data for table `lag_reports`
--

LOCK TABLES `lag_reports` WRITE;
/*!40000 ALTER TABLE `lag_reports` DISABLE KEYS */;
/*!40000 ALTER TABLE `lag_reports` ENABLE KEYS */;
UNLOCK TABLES;

--
-- Table structure for table `lfg_data`
--

DROP TABLE IF EXISTS `lfg_data`;
/*!40101 SET @saved_cs_client     = @@character_set_client */;
/*!40101 SET character_set_client = utf8 */;
CREATE TABLE `lfg_data` (
  `guid` int(10) unsigned NOT NULL DEFAULT 0 COMMENT 'Global Unique Identifier',
  `dungeon` int(10) unsigned NOT NULL DEFAULT 0,
  `state` tinyint(3) unsigned NOT NULL DEFAULT 0,
  PRIMARY KEY (`guid`)
) ENGINE=InnoDB DEFAULT CHARSET=utf8 COMMENT='LFG Data';
/*!40101 SET character_set_client = @saved_cs_client */;

--
-- Dumping data for table `lfg_data`
--

LOCK TABLES `lfg_data` WRITE;
/*!40000 ALTER TABLE `lfg_data` DISABLE KEYS */;
/*!40000 ALTER TABLE `lfg_data` ENABLE KEYS */;
UNLOCK TABLES;

--
-- Table structure for table `mail`
--

DROP TABLE IF EXISTS `mail`;
/*!40101 SET @saved_cs_client     = @@character_set_client */;
/*!40101 SET character_set_client = utf8 */;
CREATE TABLE `mail` (
  `id` int(10) unsigned NOT NULL DEFAULT 0 COMMENT 'Identifier',
  `messageType` tinyint(3) unsigned NOT NULL DEFAULT 0,
  `stationery` tinyint(3) NOT NULL DEFAULT 41,
  `mailTemplateId` smallint(5) unsigned NOT NULL DEFAULT 0,
  `sender` int(10) unsigned NOT NULL DEFAULT 0 COMMENT 'Character Global Unique Identifier',
  `receiver` int(10) unsigned NOT NULL DEFAULT 0 COMMENT 'Character Global Unique Identifier',
  `subject` longtext DEFAULT NULL,
  `body` longtext DEFAULT NULL,
  `has_items` tinyint(3) unsigned NOT NULL DEFAULT 0,
  `expire_time` int(10) unsigned NOT NULL DEFAULT 0,
  `deliver_time` int(10) unsigned NOT NULL DEFAULT 0,
  `money` bigint(20) unsigned NOT NULL DEFAULT 0,
  `cod` bigint(20) unsigned NOT NULL DEFAULT 0,
  `checked` tinyint(3) unsigned NOT NULL DEFAULT 0,
  PRIMARY KEY (`id`),
  KEY `idx_receiver` (`receiver`)
) ENGINE=InnoDB DEFAULT CHARSET=utf8 COMMENT='Mail System';
/*!40101 SET character_set_client = @saved_cs_client */;

--
-- Dumping data for table `mail`
--

LOCK TABLES `mail` WRITE;
/*!40000 ALTER TABLE `mail` DISABLE KEYS */;
INSERT INTO `mail` VALUES (8,2,62,0,2,3,'14094:0:2:8:1','               0:181:0:100:9',0,1594477278,1591885278,272,0,4),(9,2,62,0,2,3,'818:0:2:9:1','               0:150:0:100:7',0,1594477278,1591885278,243,0,4),(10,2,62,0,2,3,'774:0:2:10:1','               0:100:0:100:5',0,1594477278,1591885278,195,0,4),(11,2,62,0,6,10,'3307:0:2:11:1','               0:322:0:100:16',0,1594650318,1592058318,406,0,4);
/*!40000 ALTER TABLE `mail` ENABLE KEYS */;
UNLOCK TABLES;

--
-- Table structure for table `mail_items`
--

DROP TABLE IF EXISTS `mail_items`;
/*!40101 SET @saved_cs_client     = @@character_set_client */;
/*!40101 SET character_set_client = utf8 */;
CREATE TABLE `mail_items` (
  `mail_id` int(10) unsigned NOT NULL DEFAULT 0,
  `item_guid` int(10) unsigned NOT NULL DEFAULT 0,
  `receiver` int(10) unsigned NOT NULL DEFAULT 0 COMMENT 'Character Global Unique Identifier',
  PRIMARY KEY (`item_guid`),
  KEY `idx_receiver` (`receiver`),
  KEY `idx_mail_id` (`mail_id`)
) ENGINE=InnoDB DEFAULT CHARSET=utf8 ROW_FORMAT=DYNAMIC;
/*!40101 SET character_set_client = @saved_cs_client */;

--
-- Dumping data for table `mail_items`
--

LOCK TABLES `mail_items` WRITE;
/*!40000 ALTER TABLE `mail_items` DISABLE KEYS */;
/*!40000 ALTER TABLE `mail_items` ENABLE KEYS */;
UNLOCK TABLES;

--
-- Table structure for table `pet_aura`
--

DROP TABLE IF EXISTS `pet_aura`;
/*!40101 SET @saved_cs_client     = @@character_set_client */;
/*!40101 SET character_set_client = utf8 */;
CREATE TABLE `pet_aura` (
  `guid` int(10) unsigned NOT NULL DEFAULT 0 COMMENT 'Global Unique Identifier',
  `casterGuid` bigint(20) unsigned NOT NULL DEFAULT 0 COMMENT 'Full Global Unique Identifier',
  `spell` mediumint(8) unsigned NOT NULL DEFAULT 0,
  `effectMask` tinyint(3) unsigned NOT NULL DEFAULT 0,
  `recalculateMask` tinyint(3) unsigned NOT NULL DEFAULT 0,
  `stackCount` tinyint(3) unsigned NOT NULL DEFAULT 1,
  `amount0` mediumint(8) NOT NULL,
  `amount1` mediumint(8) NOT NULL,
  `amount2` mediumint(8) NOT NULL,
  `base_amount0` mediumint(8) NOT NULL,
  `base_amount1` mediumint(8) NOT NULL,
  `base_amount2` mediumint(8) NOT NULL,
  `maxDuration` int(11) NOT NULL DEFAULT 0,
  `remainTime` int(11) NOT NULL DEFAULT 0,
  `remainCharges` tinyint(3) unsigned NOT NULL DEFAULT 0,
  PRIMARY KEY (`guid`,`casterGuid`,`spell`,`effectMask`)
) ENGINE=InnoDB DEFAULT CHARSET=utf8 COMMENT='Pet System';
/*!40101 SET character_set_client = @saved_cs_client */;

--
-- Dumping data for table `pet_aura`
--

LOCK TABLES `pet_aura` WRITE;
/*!40000 ALTER TABLE `pet_aura` DISABLE KEYS */;
INSERT INTO `pet_aura` VALUES (4,0,6307,1,1,1,11,0,0,20,0,0,-1,-1,0);
/*!40000 ALTER TABLE `pet_aura` ENABLE KEYS */;
UNLOCK TABLES;

--
-- Table structure for table `pet_spell`
--

DROP TABLE IF EXISTS `pet_spell`;
/*!40101 SET @saved_cs_client     = @@character_set_client */;
/*!40101 SET character_set_client = utf8 */;
CREATE TABLE `pet_spell` (
  `guid` int(10) unsigned NOT NULL DEFAULT 0 COMMENT 'Global Unique Identifier',
  `spell` mediumint(8) unsigned NOT NULL DEFAULT 0 COMMENT 'Spell Identifier',
  `active` tinyint(3) unsigned NOT NULL DEFAULT 0,
  PRIMARY KEY (`guid`,`spell`)
) ENGINE=InnoDB DEFAULT CHARSET=utf8 COMMENT='Pet System';
/*!40101 SET character_set_client = @saved_cs_client */;

--
-- Dumping data for table `pet_spell`
--

LOCK TABLES `pet_spell` WRITE;
/*!40000 ALTER TABLE `pet_spell` DISABLE KEYS */;
INSERT INTO `pet_spell` VALUES (1,2649,193),(1,17253,193),(1,65220,1),(2,47468,193),(2,47481,193),(2,47482,193),(2,47484,1),(2,91776,1),(2,91778,1),(2,91797,1),(2,91800,1),(2,91802,1),(2,91809,1),(2,91837,1),(2,91838,1),(3,3110,193),(3,6307,193),(3,32233,1),(4,3110,193),(4,6307,193),(4,32233,1),(5,3716,193),(5,32233,1);
/*!40000 ALTER TABLE `pet_spell` ENABLE KEYS */;
UNLOCK TABLES;

--
-- Table structure for table `pet_spell_cooldown`
--

DROP TABLE IF EXISTS `pet_spell_cooldown`;
/*!40101 SET @saved_cs_client     = @@character_set_client */;
/*!40101 SET character_set_client = utf8 */;
CREATE TABLE `pet_spell_cooldown` (
  `guid` int(10) unsigned NOT NULL DEFAULT 0 COMMENT 'Global Unique Identifier, Low part',
  `spell` mediumint(8) unsigned NOT NULL DEFAULT 0 COMMENT 'Spell Identifier',
  `time` int(10) unsigned NOT NULL DEFAULT 0,
  `categoryId` int(10) unsigned NOT NULL DEFAULT 0 COMMENT 'Spell category Id',
  `categoryEnd` int(10) unsigned NOT NULL DEFAULT 0,
  PRIMARY KEY (`guid`,`spell`)
) ENGINE=InnoDB DEFAULT CHARSET=utf8;
/*!40101 SET character_set_client = @saved_cs_client */;

--
-- Dumping data for table `pet_spell_cooldown`
--

LOCK TABLES `pet_spell_cooldown` WRITE;
/*!40000 ALTER TABLE `pet_spell_cooldown` DISABLE KEYS */;
INSERT INTO `pet_spell_cooldown` VALUES (2,47481,1591669591,0,1591669531),(2,47482,1591669573,0,1591669543);
/*!40000 ALTER TABLE `pet_spell_cooldown` ENABLE KEYS */;
UNLOCK TABLES;

--
-- Table structure for table `petition`
--

DROP TABLE IF EXISTS `petition`;
/*!40101 SET @saved_cs_client     = @@character_set_client */;
/*!40101 SET character_set_client = utf8 */;
CREATE TABLE `petition` (
  `ownerguid` int(10) unsigned NOT NULL,
  `petitionguid` int(10) unsigned DEFAULT 0,
  `name` varchar(24) NOT NULL,
  `type` tinyint(3) unsigned NOT NULL DEFAULT 0,
  PRIMARY KEY (`ownerguid`,`type`),
  UNIQUE KEY `index_ownerguid_petitionguid` (`ownerguid`,`petitionguid`)
) ENGINE=InnoDB DEFAULT CHARSET=utf8 COMMENT='Guild System';
/*!40101 SET character_set_client = @saved_cs_client */;

--
-- Dumping data for table `petition`
--

LOCK TABLES `petition` WRITE;
/*!40000 ALTER TABLE `petition` DISABLE KEYS */;
/*!40000 ALTER TABLE `petition` ENABLE KEYS */;
UNLOCK TABLES;

--
-- Table structure for table `petition_sign`
--

DROP TABLE IF EXISTS `petition_sign`;
/*!40101 SET @saved_cs_client     = @@character_set_client */;
/*!40101 SET character_set_client = utf8 */;
CREATE TABLE `petition_sign` (
  `ownerguid` int(10) unsigned NOT NULL,
  `petitionguid` int(10) unsigned NOT NULL DEFAULT 0,
  `playerguid` int(10) unsigned NOT NULL DEFAULT 0,
  `player_account` int(10) unsigned NOT NULL DEFAULT 0,
  `type` tinyint(3) unsigned NOT NULL DEFAULT 0,
  PRIMARY KEY (`petitionguid`,`playerguid`),
  KEY `Idx_playerguid` (`playerguid`),
  KEY `Idx_ownerguid` (`ownerguid`)
) ENGINE=InnoDB DEFAULT CHARSET=utf8 COMMENT='Guild System';
/*!40101 SET character_set_client = @saved_cs_client */;

--
-- Dumping data for table `petition_sign`
--

LOCK TABLES `petition_sign` WRITE;
/*!40000 ALTER TABLE `petition_sign` DISABLE KEYS */;
/*!40000 ALTER TABLE `petition_sign` ENABLE KEYS */;
UNLOCK TABLES;

--
-- Table structure for table `pool_quest_save`
--

DROP TABLE IF EXISTS `pool_quest_save`;
/*!40101 SET @saved_cs_client     = @@character_set_client */;
/*!40101 SET character_set_client = utf8 */;
CREATE TABLE `pool_quest_save` (
  `pool_id` int(10) unsigned NOT NULL DEFAULT 0,
  `quest_id` int(10) unsigned NOT NULL DEFAULT 0,
  PRIMARY KEY (`pool_id`,`quest_id`)
) ENGINE=InnoDB DEFAULT CHARSET=utf8;
/*!40101 SET character_set_client = @saved_cs_client */;

--
-- Dumping data for table `pool_quest_save`
--

LOCK TABLES `pool_quest_save` WRITE;
/*!40000 ALTER TABLE `pool_quest_save` DISABLE KEYS */;
INSERT INTO `pool_quest_save` VALUES (348,24635),(349,14101),(350,13889),(351,13914),(352,11377),(353,11665),(354,13423),(356,11384),(357,11389),(358,25162),(359,25157),(360,29364),(361,26233),(362,29333),(363,14152),(364,14076),(365,14140),(366,14141),(367,14108),(368,29319),(368,29322),(369,26414),(369,26442),(369,26488),(369,26536),(370,29342),(371,29323),(372,28063),(372,28065),(373,27966),(374,27973),(375,27970),(376,28682),(376,28686),(377,28684),(378,28694),(378,28697),(379,28691),(379,28693),(380,12737),(381,12762),(382,12741),(383,12703),(5662,13674),(5663,13764),(5664,13770),(5665,13773),(5666,13780),(5667,13784),(5668,13669),(5669,13616),(5670,13742),(5671,13746),(5672,13757),(5673,13754),(5674,13101),(5675,13115),(5676,13833),(5677,12961),(5678,24587),(5707,13196),(5708,236),(5709,13201),(5710,13194),(645019,29143),(645020,29142),(645021,29246),(645022,29127),(645029,29161),(645029,29162);
/*!40000 ALTER TABLE `pool_quest_save` ENABLE KEYS */;
UNLOCK TABLES;

--
-- Table structure for table `pvpstats_battlegrounds`
--

DROP TABLE IF EXISTS `pvpstats_battlegrounds`;
/*!40101 SET @saved_cs_client     = @@character_set_client */;
/*!40101 SET character_set_client = utf8 */;
CREATE TABLE `pvpstats_battlegrounds` (
  `id` bigint(20) unsigned NOT NULL AUTO_INCREMENT,
  `winner_faction` tinyint(4) NOT NULL,
  `bracket_id` tinyint(3) unsigned NOT NULL,
  `type` tinyint(3) unsigned NOT NULL,
  `date` datetime NOT NULL,
  PRIMARY KEY (`id`)
) ENGINE=InnoDB DEFAULT CHARSET=latin1;
/*!40101 SET character_set_client = @saved_cs_client */;

--
-- Dumping data for table `pvpstats_battlegrounds`
--

LOCK TABLES `pvpstats_battlegrounds` WRITE;
/*!40000 ALTER TABLE `pvpstats_battlegrounds` DISABLE KEYS */;
/*!40000 ALTER TABLE `pvpstats_battlegrounds` ENABLE KEYS */;
UNLOCK TABLES;

--
-- Table structure for table `pvpstats_players`
--

DROP TABLE IF EXISTS `pvpstats_players`;
/*!40101 SET @saved_cs_client     = @@character_set_client */;
/*!40101 SET character_set_client = utf8 */;
CREATE TABLE `pvpstats_players` (
  `battleground_id` bigint(20) unsigned NOT NULL,
  `character_guid` int(10) unsigned NOT NULL,
  `winner` bit(1) NOT NULL,
  `score_killing_blows` mediumint(8) unsigned NOT NULL,
  `score_deaths` mediumint(8) unsigned NOT NULL,
  `score_honorable_kills` mediumint(8) unsigned NOT NULL,
  `score_bonus_honor` mediumint(8) unsigned NOT NULL,
  `score_damage_done` mediumint(8) unsigned NOT NULL,
  `score_healing_done` mediumint(8) unsigned NOT NULL,
  `attr_1` mediumint(8) unsigned NOT NULL DEFAULT 0,
  `attr_2` mediumint(8) unsigned NOT NULL DEFAULT 0,
  `attr_3` mediumint(8) unsigned NOT NULL DEFAULT 0,
  `attr_4` mediumint(8) unsigned NOT NULL DEFAULT 0,
  `attr_5` mediumint(8) unsigned NOT NULL DEFAULT 0,
  PRIMARY KEY (`battleground_id`,`character_guid`)
) ENGINE=InnoDB DEFAULT CHARSET=latin1;
/*!40101 SET character_set_client = @saved_cs_client */;

--
-- Dumping data for table `pvpstats_players`
--

LOCK TABLES `pvpstats_players` WRITE;
/*!40000 ALTER TABLE `pvpstats_players` DISABLE KEYS */;
/*!40000 ALTER TABLE `pvpstats_players` ENABLE KEYS */;
UNLOCK TABLES;

--
-- Table structure for table `quest_tracker`
--

DROP TABLE IF EXISTS `quest_tracker`;
/*!40101 SET @saved_cs_client     = @@character_set_client */;
/*!40101 SET character_set_client = utf8 */;
CREATE TABLE `quest_tracker` (
  `id` mediumint(8) unsigned NOT NULL DEFAULT 0,
  `character_guid` int(10) unsigned NOT NULL DEFAULT 0,
  `quest_accept_time` datetime NOT NULL,
  `quest_complete_time` datetime DEFAULT NULL,
  `quest_abandon_time` datetime DEFAULT NULL,
  `completed_by_gm` tinyint(1) NOT NULL DEFAULT 0,
  `core_hash` varchar(120) NOT NULL DEFAULT '0',
  `core_revision` varchar(120) NOT NULL DEFAULT '0'
) ENGINE=InnoDB DEFAULT CHARSET=latin1;
/*!40101 SET character_set_client = @saved_cs_client */;

--
-- Dumping data for table `quest_tracker`
--

LOCK TABLES `quest_tracker` WRITE;
/*!40000 ALTER TABLE `quest_tracker` DISABLE KEYS */;
/*!40000 ALTER TABLE `quest_tracker` ENABLE KEYS */;
UNLOCK TABLES;

--
-- Table structure for table `reserved_name`
--

DROP TABLE IF EXISTS `reserved_name`;
/*!40101 SET @saved_cs_client     = @@character_set_client */;
/*!40101 SET character_set_client = utf8 */;
CREATE TABLE `reserved_name` (
  `name` varchar(12) NOT NULL DEFAULT '',
  PRIMARY KEY (`name`)
) ENGINE=InnoDB DEFAULT CHARSET=utf8 COMMENT='Player Reserved Names';
/*!40101 SET character_set_client = @saved_cs_client */;

--
-- Dumping data for table `reserved_name`
--

LOCK TABLES `reserved_name` WRITE;
/*!40000 ALTER TABLE `reserved_name` DISABLE KEYS */;
/*!40000 ALTER TABLE `reserved_name` ENABLE KEYS */;
UNLOCK TABLES;

--
-- Table structure for table `respawn`
--

DROP TABLE IF EXISTS `respawn`;
/*!40101 SET @saved_cs_client     = @@character_set_client */;
/*!40101 SET character_set_client = utf8 */;
CREATE TABLE `respawn` (
  `type` smallint(10) unsigned NOT NULL,
  `spawnId` int(10) unsigned NOT NULL,
  `respawnTime` bigint(20) unsigned NOT NULL,
  `mapId` smallint(10) unsigned NOT NULL,
  `instanceId` int(10) unsigned NOT NULL,
  PRIMARY KEY (`type`,`spawnId`,`instanceId`),
  KEY `idx_instance` (`instanceId`)
) ENGINE=InnoDB DEFAULT CHARSET=utf8 COMMENT='Stored respawn times';
/*!40101 SET character_set_client = @saved_cs_client */;

--
-- Dumping data for table `respawn`
--

LOCK TABLES `respawn` WRITE;
/*!40000 ALTER TABLE `respawn` DISABLE KEYS */;
INSERT INTO `respawn` VALUES (0,2352,1592085413,530,0),(0,2355,1592090939,530,0),(0,2360,1592091231,530,0),(0,3497,1592009697,530,0),(0,3498,1592009733,530,0),(0,3506,1592011140,530,0),(0,41792,1591933122,530,0),(0,54889,1591928209,530,0),(0,54890,1591928151,530,0),(0,54891,1591928195,530,0),(0,54892,1591928221,530,0),(0,54894,1591928249,530,0),(0,54895,1591928235,530,0),(0,54900,1591928264,530,0),(0,54914,1591928547,530,0),(0,54915,1591928584,530,0),(0,54916,1591928596,530,0),(0,54917,1591928638,530,0),(0,54925,1591928677,530,0),(0,54926,1591928653,530,0),(0,54927,1591928569,530,0),(0,54928,1591928558,530,0),(0,54952,1591927853,530,0),(0,54953,1591927843,530,0),(0,54954,1591927873,530,0),(0,54955,1591927892,530,0),(0,54956,1591927882,530,0),(0,54960,1591927483,530,0),(0,54961,1591927865,530,0),(0,55005,1591928342,530,0),(0,55010,1591928324,530,0),(0,55012,1591928308,530,0),(0,55042,1591928164,530,0),(0,55043,1591928182,530,0),(0,55049,1591928294,530,0),(0,55050,1591928277,530,0),(0,55056,1591928713,530,0),(0,55058,1591928620,530,0),(0,55143,1591927510,530,0),(0,55147,1591927522,530,0),(0,55151,1591927534,530,0),(0,55153,1591927684,530,0),(0,55154,1591927609,530,0),(0,55165,1591928511,530,0),(0,55187,1591927600,530,0),(0,55188,1591927653,530,0),(0,55189,1591927625,530,0),(0,55364,1592008608,530,0),(0,55365,1592008824,530,0),(0,55366,1592006547,530,0),(0,55371,1591930555,530,0),(0,55524,1592006602,530,0),(0,55525,1592006304,530,0),(0,55526,1592006329,530,0),(0,55537,1592006358,530,0),(0,55538,1592006466,530,0),(0,55539,1592006491,530,0),(0,55540,1592006443,530,0),(0,55541,1592006575,530,0),(0,55542,1592006520,530,0),(0,55569,1592006279,530,0),(0,55572,1591929457,530,0),(0,55577,1591929585,530,0),(0,55579,1591929534,530,0),(0,55580,1591929501,530,0),(0,55581,1591929551,530,0),(0,55583,1591929435,530,0),(0,55590,1592008291,530,0),(0,55591,1592008807,530,0),(0,55593,1592008440,530,0),(0,55595,1592008455,530,0),(0,55599,1592008548,530,0),(0,55601,1592008620,530,0),(0,55609,1592008838,530,0),(0,55618,1592008534,530,0),(0,55620,1592008714,530,0),(0,55622,1592008648,530,0),(0,55623,1592008227,530,0),(0,55624,1592008251,530,0),(0,55626,1592008395,530,0),(0,55631,1592008415,530,0),(0,55633,1592008472,530,0),(0,55636,1592008690,530,0),(0,55637,1592008563,530,0),(0,55639,1592008591,530,0),(0,55640,1592008661,530,0),(0,55642,1591929418,530,0),(0,55653,1591929689,530,0),(0,55656,1591929660,530,0),(0,55675,1591929616,530,0),(0,55676,1591929629,530,0),(0,55679,1591929570,530,0),(0,55682,1591929522,530,0),(0,55684,1591929478,530,0),(0,55686,1591929402,530,0),(0,55708,1591931474,530,0),(0,55709,1592006011,530,0),(0,55710,1591931869,530,0),(0,55711,1592005998,530,0),(0,55713,1591931510,530,0),(0,55714,1592006038,530,0),(0,55715,1591931594,530,0),(0,55716,1591931579,530,0),(0,55717,1591931751,530,0),(0,55718,1591931683,530,0),(0,55720,1592006113,530,0),(0,55722,1591930051,530,0),(0,55725,1591930061,530,0),(0,55728,1591930255,530,0),(0,55731,1591930234,530,0),(0,55732,1591930174,530,0),(0,55740,1591930161,530,0),(0,55741,1591930112,530,0),(0,55742,1591930141,530,0),(0,55743,1591930094,530,0),(0,55744,1591930077,530,0),(0,55961,1591931246,530,0),(0,55979,1591933398,530,0),(0,55980,1591933387,530,0),(0,55981,1591931268,530,0),(0,56010,1591932969,530,0),(0,56020,1592007194,530,0),(0,56022,1592007218,530,0),(0,56023,1592007263,530,0),(0,56028,1592007231,530,0),(0,56030,1592007212,530,0),(0,56055,1592007176,530,0),(0,56056,1592007223,530,0),(0,56057,1592007255,530,0),(0,56062,1592007243,530,0),(0,56083,1592010432,530,0),(0,56089,1592010524,530,0),(0,56101,1592010553,530,0),(0,56104,1592010383,530,0),(0,56105,1592010364,530,0),(0,56113,1592011407,530,0),(0,56117,1592011133,530,0),(0,56119,1592010628,530,0),(0,56120,1592010605,530,0),(0,56122,1592010563,530,0),(0,56123,1592010350,530,0),(0,56124,1592010446,530,0),(0,56125,1592010344,530,0),(0,56127,1592010411,530,0),(0,56129,1592010267,530,0),(0,56153,1592010230,530,0),(0,56154,1592010254,530,0),(0,56155,1592010243,530,0),(0,56159,1592010418,530,0),(0,56160,1592010376,530,0),(0,56162,1592010456,530,0),(0,56170,1591933100,530,0),(0,56172,1591932562,530,0),(0,56174,1591932622,530,0),(0,56176,1591932655,530,0),(0,56180,1591932735,530,0),(0,56181,1591932819,530,0),(0,56192,1591932674,530,0),(0,56197,1591932577,530,0),(0,56198,1591932636,530,0),(0,56201,1591932848,530,0),(0,56202,1591932877,530,0),(0,56203,1591932717,530,0),(0,56206,1591932835,530,0),(0,56216,1591933102,530,0),(0,56217,1591933086,530,0),(0,56221,1591932749,530,0),(0,56227,1591932892,530,0),(0,56229,1591932799,530,0),(0,56232,1591932862,530,0),(0,56249,1591932077,530,0),(0,56250,1591932124,530,0),(0,56254,1591932205,530,0),(0,56257,1591932158,530,0),(0,56260,1591932291,530,0),(0,56274,1591932309,530,0),(0,56278,1591932271,530,0),(0,56292,1591932213,530,0),(0,56298,1591932169,530,0),(0,56300,1591932068,530,0),(0,56301,1591932110,530,0),(0,56373,1591929647,530,0),(0,56379,1591932132,530,0),(0,56381,1591932234,530,0),(0,56382,1591932251,530,0),(0,56390,1591932191,530,0),(0,56394,1591932096,530,0),(0,56404,1592009243,530,0),(0,56405,1592009252,530,0),(0,56406,1592009314,530,0),(0,56409,1592009420,530,0),(0,56414,1592009604,530,0),(0,56415,1592009619,530,0),(0,56418,1592009551,530,0),(0,56419,1592009567,530,0),(0,56421,1592009485,530,0),(0,56425,1592009540,530,0),(0,56432,1592009678,530,0),(0,56433,1592009407,530,0),(0,56435,1592009264,530,0),(0,56436,1592009222,530,0),(0,56437,1592009203,530,0),(0,56439,1592009229,530,0),(0,56445,1592009580,530,0),(0,56446,1592009594,530,0),(0,56448,1592009468,530,0),(0,56452,1592009502,530,0),(0,56453,1592009516,530,0),(0,56454,1592009528,530,0),(0,56457,1591932424,530,0),(0,56755,1591931432,530,0),(0,56756,1591931445,530,0),(0,56757,1591931414,530,0),(0,56758,1591931486,530,0),(0,56759,1591931460,530,0),(0,56761,1591931837,530,0),(0,56763,1592006136,530,0),(0,56764,1591931524,530,0),(0,56765,1592006021,530,0),(0,56766,1592006055,530,0),(0,56767,1592006077,530,0),(0,56768,1591931608,530,0),(0,56769,1591931764,530,0),(0,56770,1591931582,530,0),(0,56771,1591931671,530,0),(0,56772,1591931731,530,0),(0,56774,1592006091,530,0),(0,56994,1592006129,530,0),(0,57200,1592012697,530,0),(0,57243,1592012584,530,0),(0,57244,1592012595,530,0),(0,57259,1592012834,530,0),(0,57268,1592012652,530,0),(0,57269,1592012604,530,0),(0,57270,1592012613,530,0),(0,57271,1592012621,530,0),(0,57272,1592012634,530,0),(0,57275,1592012574,530,0),(0,57294,1592012933,530,0),(0,57295,1592012867,530,0),(0,57296,1592012877,530,0),(0,57297,1592012829,530,0),(0,57301,1592012924,530,0),(0,57302,1592012948,530,0),(0,57303,1592012897,530,0),(0,57304,1592012910,530,0),(0,57306,1592012849,530,0),(0,57307,1592012859,530,0),(0,57310,1592013287,530,0),(0,57314,1592013314,530,0),(0,57319,1592013401,530,0),(0,57320,1592013381,530,0),(0,57321,1592013406,530,0),(0,57360,1592012382,530,0),(0,57361,1592012371,530,0),(0,57362,1592012349,530,0),(0,57363,1592012402,530,0),(0,57364,1592012360,530,0),(0,57368,1592012390,530,0),(0,57405,1592012413,530,0),(0,57418,1592013812,530,0),(0,57420,1592013790,530,0),(0,57424,1592013685,530,0),(0,57425,1592013697,530,0),(0,57426,1592013673,530,0),(0,57429,1592013727,530,0),(0,57430,1592013713,530,0),(0,57435,1592013825,530,0),(0,57436,1592013768,530,0),(0,57438,1592013755,530,0),(0,57439,1592013899,530,0),(0,58020,1592011623,530,0),(0,60678,1592021697,530,0),(0,60680,1592021763,530,0),(0,60681,1592021581,530,0),(0,60682,1592021488,530,0),(0,60683,1592021506,530,0),(0,60690,1592021708,530,0),(0,60691,1592021628,530,0),(0,60692,1592021419,530,0),(0,60693,1592021437,530,0),(0,60698,1592021740,530,0),(0,60705,1592021684,530,0),(0,60710,1592021618,530,0),(0,60711,1592021728,530,0),(0,60712,1592021597,530,0),(0,60713,1592021447,530,0),(0,60716,1592021463,530,0),(0,60717,1592021535,530,0),(0,60726,1592018777,530,0),(0,60730,1592019176,530,0),(0,60740,1592018754,530,0),(0,60741,1592018799,530,0),(0,60745,1592018846,530,0),(0,60749,1592019209,530,0),(0,60771,1592089108,530,0),(0,60780,1592088995,530,0),(0,60784,1592089327,530,0),(0,60785,1592089268,530,0),(0,60787,1592089124,530,0),(0,60795,1592089303,530,0),(0,60796,1592089293,530,0),(0,60797,1592089312,530,0),(0,60798,1592089320,530,0),(0,60801,1592089139,530,0),(0,60802,1592088979,530,0),(0,60803,1592089258,530,0),(0,60809,1592089295,530,0),(0,60824,1592088620,530,0),(0,60836,1592088706,530,0),(0,60837,1592088723,530,0),(0,60838,1592088597,530,0),(0,60876,1592088659,530,0),(0,60904,1592088672,530,0),(0,60909,1592088608,530,0),(0,60921,1592020363,530,0),(0,60923,1592020198,530,0),(0,60926,1592020153,530,0),(0,60928,1592020274,530,0),(0,60938,1592017264,530,0),(0,60939,1592017342,530,0),(0,60945,1592017523,530,0),(0,60953,1592017273,530,0),(0,60958,1592019565,530,0),(0,60959,1592017839,530,0),(0,60964,1592020381,530,0),(0,60967,1592020235,530,0),(0,60968,1592020182,530,0),(0,60972,1592020331,530,0),(0,60974,1592017539,530,0),(0,60975,1592017471,530,0),(0,60980,1592017601,530,0),(0,60989,1592017368,530,0),(0,60991,1592017301,530,0),(0,60998,1592020289,530,0),(0,60999,1592020167,530,0),(0,61003,1592020349,530,0),(0,61006,1592017449,530,0),(0,61009,1592017641,530,0),(0,61014,1592017325,530,0),(0,61019,1592017493,530,0),(0,61026,1592017391,530,0),(0,61029,1592019552,530,0),(0,61030,1592017819,530,0),(0,61052,1592015178,530,0),(0,61053,1592015466,530,0),(0,61055,1592015408,530,0),(0,61108,1592015153,530,0),(0,61110,1592015205,530,0),(0,61112,1592015231,530,0),(0,61113,1592015134,530,0),(0,61114,1592015561,530,0),(0,61115,1592015385,530,0),(0,61117,1592015439,530,0),(0,61121,1592015363,530,0),(0,61159,1592088242,530,0),(0,61165,1592088792,530,0),(0,61190,1592088778,530,0),(0,61191,1592088753,530,0),(0,61199,1592087940,530,0),(0,61200,1592087920,530,0),(0,61263,1592088028,530,0),(0,61264,1592088134,530,0),(0,61265,1592087998,530,0),(0,61266,1592087970,530,0),(0,61267,1592088077,530,0),(0,61282,1592088019,530,0),(0,61284,1592088121,530,0),(0,61286,1592088062,530,0),(0,61287,1592087979,530,0),(0,61325,1592019378,530,0),(0,61341,1592015508,530,0),(0,61406,1592015190,530,0),(0,61409,1592015280,530,0),(0,61410,1592015526,530,0),(0,61413,1592015334,530,0),(0,61414,1592015307,530,0),(0,61447,1592019482,530,0),(0,61448,1592018196,530,0),(0,61449,1592019404,530,0),(0,61450,1592018128,530,0),(0,61451,1592019432,530,0),(0,61452,1592018070,530,0),(0,61672,1592088208,530,0),(0,61693,1592088206,530,0),(0,61765,1592016123,530,0),(0,61766,1592016142,530,0),(0,61768,1592016269,530,0),(0,61771,1592016283,530,0),(0,61774,1592016167,530,0),(0,61775,1592016194,530,0),(0,61776,1592016215,530,0),(0,61782,1592016307,530,0),(0,61966,1592019921,530,0),(0,62056,1592016374,530,0),(0,62057,1592016459,530,0),(0,62059,1592016437,530,0),(0,62060,1592016396,530,0),(0,62061,1592016479,530,0),(0,62062,1592016517,530,0),(0,62082,1592020257,530,0),(0,62090,1592018957,530,0),(0,62749,1592015544,530,0),(0,62768,1592017900,530,0),(0,62809,1592088261,530,0),(0,62919,1592089017,530,0),(0,62920,1592089158,530,0),(0,62989,1592088579,530,0),(0,75965,1592013427,530,0),(0,81381,1591664097,609,0),(0,82899,1592091074,609,0),(0,82915,1592091032,609,0),(0,84109,1592020472,530,0),(0,84111,1592018027,530,0),(0,84125,1592088524,530,0),(0,84418,1592091043,609,0),(0,84423,1592091005,609,0),(0,84432,1592091027,609,0),(0,84436,1592091108,609,0),(0,84437,1592091034,609,0),(0,84439,1592091083,609,0),(0,84989,1592013582,530,0),(0,86555,1592088734,530,0),(0,90994,1592021783,530,0),(0,90995,1592021645,530,0),(0,90997,1592021436,530,0),(0,90998,1592021552,530,0),(0,90999,1592021481,530,0),(0,91000,1592021522,530,0),(0,91001,1592021725,530,0),(0,91002,1592021678,530,0),(0,128496,1591665271,609,0),(0,128497,1591664852,609,0),(0,128561,1591662509,609,0),(0,128583,1591663497,609,0),(0,128586,1591663466,609,0),(0,128761,1591993185,609,0),(0,128762,1591993175,609,0),(0,128777,1591663126,609,0),(0,128780,1591997957,609,0),(0,128782,1591663173,609,0),(0,128783,1591663076,609,0),(0,128787,1591663156,609,0),(0,128789,1591663164,609,0),(0,128790,1592091279,609,0),(0,128791,1592009507,609,0),(0,128792,1591883037,609,0),(0,128793,1591663054,609,0),(0,128795,1591663557,609,0),(0,128842,1591664317,609,0),(0,128843,1591664270,609,0),(0,128844,1591664259,609,0),(0,128845,1591664281,609,0),(0,128846,1591664305,609,0),(0,128847,1591664355,609,0),(0,128848,1591664320,609,0),(0,128849,1591664380,609,0),(0,128850,1591664335,609,0),(0,128851,1591664342,609,0),(0,128852,1591664504,609,0),(0,128853,1591664481,609,0),(0,128854,1591664545,609,0),(0,128855,1591664370,609,0),(0,128856,1591664488,609,0),(0,128857,1591664553,609,0),(0,128858,1591664515,609,0),(0,128859,1591664563,609,0),(0,128885,1591664312,609,0),(0,128891,1591664582,609,0),(0,128894,1591664595,609,0),(0,128895,1591664530,609,0),(0,128900,1591664292,609,0),(0,128910,1591668140,609,0),(0,128919,1592091064,609,0),(0,128923,1592091071,609,0),(0,128924,1592091101,609,0),(0,128925,1592090899,609,0),(0,128927,1592090970,609,0),(0,128934,1592091058,609,0),(0,128935,1592091039,609,0),(0,128936,1591668146,609,0),(0,128939,1592091054,609,0),(0,128946,1592091080,609,0),(0,128948,1592091072,609,0),(0,128949,1592091097,609,0),(0,128957,1592091014,609,0),(0,128974,1592090899,609,0),(0,128985,1592091078,609,0),(0,128986,1592090970,609,0),(0,128988,1592090695,609,0),(0,128990,1592090928,609,0),(0,128991,1592090897,609,0),(0,128997,1592091033,609,0),(0,128998,1592091067,609,0),(0,128999,1592091093,609,0),(0,129021,1591664756,609,0),(0,129029,1591664728,609,0),(0,129031,1591664756,609,0),(0,129033,1591664692,609,0),(0,129034,1591664691,609,0),(0,129097,1591664754,609,0),(0,129098,1591664746,609,0),(0,129099,1591664735,609,0),(0,129100,1591664728,609,0),(0,129101,1591664704,609,0),(0,129102,1591664679,609,0),(0,129103,1591664746,609,0),(0,129104,1591664703,609,0),(0,129105,1591664703,609,0),(0,129106,1591664703,609,0),(0,129107,1591664703,609,0),(0,129108,1591664703,609,0),(0,129109,1591664703,609,0),(0,129111,1591664742,609,0),(0,129112,1591664741,609,0),(0,129113,1591664749,609,0),(0,129114,1591664754,609,0),(0,129115,1591664754,609,0),(0,129116,1591664754,609,0),(0,129117,1591664728,609,0),(0,129118,1591664754,609,0),(0,129119,1591664754,609,0),(0,129120,1591664738,609,0),(0,129121,1591664733,609,0),(0,129122,1591664737,609,0),(0,129123,1591664755,609,0),(0,129124,1591664750,609,0),(0,129125,1591664750,609,0),(0,129126,1591664749,609,0),(0,129127,1591664749,609,0),(0,129128,1591664750,609,0),(0,129129,1591664751,609,0),(0,129131,1591664717,609,0),(0,129132,1591664743,609,0),(0,129133,1591664743,609,0),(0,129134,1591664743,609,0),(0,129135,1591664741,609,0),(0,129136,1591664746,609,0),(0,129137,1591664717,609,0),(0,129138,1591664717,609,0),(0,129139,1591664704,609,0),(0,129140,1591664733,609,0),(0,129141,1591664733,609,0),(0,129142,1591664735,609,0),(0,129143,1591664734,609,0),(0,129144,1591664733,609,0),(0,129145,1591664738,609,0),(0,129146,1591664738,609,0),(0,129147,1591664747,609,0),(0,129148,1591664746,609,0),(0,129149,1591664738,609,0),(0,129150,1591664738,609,0),(0,129153,1591664747,609,0),(0,129154,1591664742,609,0),(0,129179,1591665017,609,0),(0,129183,1591664991,609,0),(0,129184,1591664978,609,0),(0,129185,1591664988,609,0),(0,129187,1591664976,609,0),(0,129216,1592091053,609,0),(0,129217,1592091055,609,0),(0,129237,1592091053,609,0),(0,129252,1592091053,609,0),(0,129256,1591998022,609,0),(0,129257,1592079544,609,0),(0,129261,1591663223,609,0),(0,129262,1591664857,609,0),(0,129275,1592086787,609,0),(0,129276,1591663232,609,0),(0,129277,1592073423,609,0),(0,129278,1591668624,609,0),(0,129279,1592091249,609,0),(0,129281,1592070148,609,0),(0,129282,1592073434,609,0),(0,129284,1591663064,609,0),(0,129285,1591663192,609,0),(0,129286,1591667038,609,0),(0,129287,1591667104,609,0),(0,129289,1591664594,609,0),(0,129290,1591667040,609,0),(0,129296,1591663260,609,0),(0,129297,1591663091,609,0),(0,129299,1592090582,609,0),(0,129300,1592009506,609,0),(0,129301,1591663148,609,0),(0,129304,1591667054,609,0),(0,129459,1592090769,609,0),(0,129517,1592090984,609,0),(0,129518,1592090983,609,0),(0,129529,1592090984,609,0),(0,129530,1591664530,609,0),(0,129531,1592090978,609,0),(0,129544,1592090983,609,0),(0,129546,1591664513,609,0),(0,129547,1592090400,609,0),(0,129641,1592047653,609,0),(0,129642,1592047687,609,0),(0,129645,1592088844,609,0),(0,129646,1592030184,609,0),(0,129647,1591978825,609,0),(0,129648,1592082402,609,0),(0,129650,1592089742,609,0),(0,129670,1591667682,609,0),(0,129671,1592047415,609,0),(0,129672,1591665641,609,0),(0,129674,1591665536,609,0),(0,129676,1591665473,609,0),(0,129677,1591665480,609,0),(0,129678,1591667706,609,0),(0,129679,1591971101,609,0),(0,129680,1592047461,609,0),(0,129688,1591666215,609,0),(0,129695,1591666555,609,0),(0,129696,1591666286,609,0),(0,129697,1591666544,609,0),(0,129699,1591666280,609,0),(0,129700,1591666473,609,0),(0,129701,1591666471,609,0),(0,129703,1591665666,609,0),(0,129704,1591665650,609,0),(0,129705,1591665684,609,0),(0,129706,1591665695,609,0),(0,129711,1591666504,609,0),(0,129712,1591666512,609,0),(0,129713,1591666228,609,0),(0,129714,1591666492,609,0),(0,129716,1591666333,609,0),(0,129717,1591666259,609,0),(0,129718,1591666242,609,0),(0,129719,1591666266,609,0),(0,129720,1591666294,609,0),(0,129721,1591666299,609,0),(0,129725,1591665603,609,0),(0,129738,1591665582,609,0),(0,129740,1591665576,609,0),(0,129742,1591665590,609,0),(0,129743,1591665550,609,0),(0,129744,1591665621,609,0),(0,129745,1591665623,609,0),(0,129746,1591665617,609,0),(0,129750,1591665698,609,0),(0,129754,1591665948,609,0),(0,129755,1591665944,609,0),(0,129756,1591665949,609,0),(0,129758,1591665904,609,0),(0,129759,1591665907,609,0),(0,129766,1591665719,609,0),(0,129772,1591665498,609,0),(0,129773,1591665502,609,0),(0,129779,1591665493,609,0),(0,129780,1591665556,609,0),(0,129781,1591665560,609,0),(0,129782,1591665566,609,0),(0,129785,1591665731,609,0),(0,129786,1591665714,609,0),(0,129787,1591665723,609,0),(0,129792,1591665924,609,0),(0,129795,1591665929,609,0),(0,129796,1591665907,609,0),(0,129799,1591665918,609,0),(0,129800,1591665734,609,0),(0,129801,1591665674,609,0),(0,129802,1591665708,609,0),(0,129807,1591665802,609,0),(0,129808,1591665764,609,0),(0,129809,1591665776,609,0),(0,129810,1591665703,609,0),(0,129811,1591665807,609,0),(0,129812,1591665785,609,0),(0,129813,1591665770,609,0),(0,129814,1591665655,609,0),(0,129850,1591666569,609,0),(0,129961,1591666836,609,0),(0,130007,1591667891,609,0),(0,130010,1592047729,609,0),(0,130012,1592080384,609,0),(0,130015,1591666643,609,0),(0,130016,1592047406,609,0),(0,130017,1592054619,609,0),(0,130018,1591946237,609,0),(0,130019,1592037319,609,0),(0,130022,1592091452,609,0),(0,130023,1591665516,609,0),(0,130024,1591666572,609,0),(0,130025,1592072814,609,0),(0,130026,1591668639,609,0),(0,130027,1592067207,609,0),(0,130028,1592083613,609,0),(0,130029,1592090706,609,0),(0,130030,1592089694,609,0),(0,130031,1592089758,609,0),(0,130032,1591666638,609,0),(0,130033,1592072336,609,0),(0,130034,1591943820,609,0),(0,130035,1592091177,609,0),(0,130219,1592091113,609,0),(0,130221,1592091069,609,0),(0,130240,1592090976,609,0),(0,130259,1592091015,609,0),(0,130292,1592090984,609,0),(0,130312,1592091010,609,0),(0,130338,1592091246,609,0),(0,130339,1592091214,609,0),(0,130340,1592091119,609,0),(0,130341,1592091047,609,0),(0,130342,1592091238,609,0),(0,130343,1592091404,609,0),(0,130354,1591666572,609,0),(0,130362,1591668425,609,0),(0,130376,1591668429,609,0),(0,130494,1591669899,0,0),(0,130497,1591669913,0,0),(0,130507,1591669872,0,0),(0,130519,1591669937,0,0),(0,130525,1591669904,0,0),(0,130532,1591669862,0,0),(0,130535,1591669861,0,0),(0,130536,1591669872,0,0),(0,130537,1591669901,0,0),(0,130539,1591669958,0,0),(0,130542,1591669980,0,0),(0,130559,1592091316,609,0),(0,130560,1591668512,609,0),(0,130561,1591668512,609,0),(0,130562,1591668513,609,0),(0,130563,1591668512,609,0),(0,130564,1591668512,609,0),(0,130568,1591668508,609,0),(0,130571,1591668508,609,0),(0,130572,1591668508,609,0),(0,130575,1591668437,609,0),(0,130576,1591668444,609,0),(0,130578,1591668445,609,0),(0,130579,1591668440,609,0),(0,130580,1591668440,609,0),(0,130583,1591668437,609,0),(0,130584,1591668508,609,0),(0,130585,1591668437,609,0),(0,130586,1591668444,609,0),(0,130587,1591668508,609,0),(0,130588,1591668441,609,0),(0,130589,1591668441,609,0),(0,130591,1591668445,609,0),(0,130592,1591668444,609,0),(0,130593,1591668508,609,0),(0,130594,1591668441,609,0),(0,130595,1591668444,609,0),(0,130596,1591668441,609,0),(0,130598,1591668493,609,0),(0,130600,1591668529,609,0),(0,130601,1591668529,609,0),(0,130604,1591668437,609,0),(0,130605,1591668529,609,0),(0,130606,1591668529,609,0),(0,130607,1591668529,609,0),(0,130610,1591668434,609,0),(0,130611,1591668431,609,0),(0,130612,1591668431,609,0),(0,130614,1591668426,609,0),(0,130615,1592091061,609,0),(0,130616,1592091205,609,0),(0,130617,1591741156,609,0),(0,130618,1592090663,609,0),(0,130619,1592090369,609,0),(0,130621,1591668538,609,0),(0,130622,1591668537,609,0),(0,130623,1591668537,609,0),(0,130624,1591668538,609,0),(0,130625,1591668525,609,0),(0,130626,1591668525,609,0),(0,130627,1591668524,609,0),(0,130628,1591668524,609,0),(0,130629,1591668524,609,0),(0,130630,1591668525,609,0),(0,130631,1591668524,609,0),(0,130632,1591668434,609,0),(0,130633,1591668434,609,0),(0,130635,1591668434,609,0),(0,130636,1591668431,609,0),(0,130638,1591668434,609,0),(0,130639,1591668431,609,0),(0,130640,1591668431,609,0),(0,130642,1591668437,609,0),(0,130643,1591668437,609,0),(0,130644,1591668427,609,0),(0,130645,1591668426,609,0),(0,130646,1591668427,609,0),(0,130647,1591668426,609,0),(0,130648,1591668538,609,0),(0,130649,1591668538,609,0),(0,130650,1591668538,609,0),(0,130651,1591668538,609,0),(0,130652,1591668537,609,0),(0,130653,1592090711,609,0),(0,130654,1592091145,609,0),(0,130655,1592091381,609,0),(0,130656,1592090778,609,0),(0,130659,1592091298,609,0),(0,130661,1591672769,609,0),(0,130662,1591668062,609,0),(0,130663,1592084773,609,0),(0,130665,1592087322,609,0),(0,130671,1591871018,609,0),(0,130675,1591874871,609,0),(0,130676,1591668075,609,0),(0,130677,1591668066,609,0),(0,130679,1591668072,609,0),(0,130682,1591672570,609,0),(0,130698,1591668508,609,0),(0,130699,1591668508,609,0),(0,130704,1591668529,609,0),(0,130705,1591668529,609,0),(0,130706,1591668529,609,0),(0,130707,1591668529,609,0),(0,130709,1591672274,609,0),(0,130711,1591668512,609,0),(0,130712,1591668512,609,0),(0,130713,1591668512,609,0),(0,130714,1591668513,609,0),(0,130715,1591668513,609,0),(0,130716,1592091383,609,0),(0,130718,1592091177,609,0),(0,130720,1592091107,609,0),(0,130724,1591668508,609,0),(0,130725,1591668508,609,0),(0,130730,1591668476,609,0),(0,130734,1592091027,609,0),(0,130735,1591668493,609,0),(0,130736,1591668476,609,0),(0,130737,1591668441,609,0),(0,130738,1591668445,609,0),(0,130740,1591668444,609,0),(0,130744,1591668437,609,0),(0,130747,1591668529,609,0),(0,130749,1592091405,609,0),(0,130752,1592091009,609,0),(0,130753,1592090928,609,0),(0,130754,1591819956,609,0),(0,130755,1592090732,609,0),(0,130756,1591668427,609,0),(0,130757,1591668537,609,0),(0,130758,1591668538,609,0),(0,130759,1591668524,609,0),(0,130760,1591668525,609,0),(0,130761,1591668434,609,0),(0,130762,1591668431,609,0),(0,130763,1591668434,609,0),(0,130764,1591668434,609,0),(0,130765,1591668431,609,0),(0,130766,1591668431,609,0),(0,130767,1591668431,609,0),(0,130768,1591668431,609,0),(0,130769,1591668431,609,0),(0,130770,1591668437,609,0),(0,130771,1591668431,609,0),(0,130772,1591668426,609,0),(0,130773,1591668426,609,0),(0,130774,1591668426,609,0),(0,130775,1591668426,609,0),(0,130776,1591668426,609,0),(0,130777,1591668427,609,0),(0,130778,1591668426,609,0),(0,130779,1591668426,609,0),(0,130780,1591668426,609,0),(0,130781,1591668426,609,0),(0,130782,1591942659,609,0),(0,130783,1591668538,609,0),(0,130784,1591668537,609,0),(0,130785,1591668538,609,0),(0,130786,1591668537,609,0),(0,130787,1591668538,609,0),(0,130788,1592091003,609,0),(0,130790,1592091356,609,0),(0,130791,1592090651,609,0),(0,130794,1591773506,609,0),(0,130798,1591949230,609,0),(0,130801,1591668066,609,0),(0,130802,1591668066,609,0),(0,130803,1591838543,609,0),(0,130804,1591668071,609,0),(0,130805,1591668072,609,0),(0,130806,1591871873,609,0),(0,130809,1591668071,609,0),(0,130810,1591668071,609,0),(0,130811,1591873274,609,0),(0,130812,1591668075,609,0),(0,130813,1591668066,609,0),(0,130818,1591668550,609,0),(0,130819,1591668075,609,0),(0,130820,1592090666,609,0),(0,130825,1591668066,609,0),(0,130827,1591675574,609,0),(0,130829,1591669709,609,0),(0,130830,1592090360,609,0),(0,130831,1591668426,609,0),(0,130833,1591668434,609,0),(0,130837,1591668434,609,0),(0,130839,1591668437,609,0),(0,130841,1591668440,609,0),(0,130843,1591668476,609,0),(0,130844,1591668441,609,0),(0,130845,1591668440,609,0),(0,130854,1591668444,609,0),(0,130856,1591671534,609,0),(0,130858,1591668488,609,0),(0,130859,1591668513,609,0),(0,130860,1591668508,609,0),(0,130861,1591668500,609,0),(0,130863,1591668445,609,0),(0,130865,1591668480,609,0),(0,130867,1591668529,609,0),(0,130869,1591668525,609,0),(0,130871,1591668426,609,0),(0,130876,1591668539,609,0),(0,130901,1592089294,609,0),(0,130902,1591671814,609,0),(0,130919,1592091015,609,0),(0,130921,1592037271,609,0),(0,130922,1592010953,609,0),(0,130924,1592086257,609,0),(0,130927,1592090999,609,0),(0,130930,1592075727,609,0),(0,130931,1592091091,609,0),(0,130932,1592083479,609,0),(0,130933,1592090979,609,0),(0,130934,1592090474,609,0),(0,130938,1592091060,609,0),(0,130942,1592090472,609,0),(0,130943,1592090098,609,0),(0,130944,1592075809,609,0),(0,130945,1592090599,609,0),(0,130949,1592091062,609,0),(0,130953,1592090702,609,0),(0,130955,1592090947,609,0),(0,130956,1591669537,609,0),(0,145370,1591932728,530,0),(0,251584,1591831086,648,0),(0,251586,1591831111,648,0),(0,251628,1591831109,648,0),(0,251635,1591831118,648,0),(0,251647,1591831115,648,0),(0,251650,1591831124,648,0),(0,251664,1591831144,648,0),(0,251668,1591831100,648,0),(0,251680,1591831164,648,0),(0,251681,1591831152,648,0),(0,251682,1591831094,648,0),(0,251687,1591831177,648,0),(0,251691,1591831198,648,0),(0,251692,1591831186,648,0),(0,252396,1591834905,648,0),(0,252405,1591838496,648,0),(0,252410,1591838470,648,0),(0,252482,1591838470,648,0),(0,252507,1591838502,648,0),(0,252514,1591838454,648,0),(0,252523,1591838481,648,0),(0,252533,1591838475,648,0),(0,252542,1591838465,648,0),(0,252560,1591838454,648,0),(0,252563,1591838523,648,0),(0,252579,1591838479,648,0),(0,252583,1591838559,648,0),(0,252597,1591838478,648,0),(0,252606,1591838497,648,0),(0,252609,1591838468,648,0),(0,252622,1591838456,648,0),(0,252638,1591838505,648,0),(0,252641,1591838467,648,0),(0,252656,1591838547,648,0),(0,255483,1591919779,654,0),(0,255619,1591841345,654,0),(0,255621,1591841364,654,0),(0,255629,1591841373,654,0),(0,255631,1591841327,654,0),(0,255636,1591841337,654,0),(0,255639,1591841356,654,0),(0,255640,1591849430,654,0),(0,255650,1591849530,654,0),(0,255652,1591849656,654,0),(0,255657,1591841518,654,0),(0,255658,1591841543,654,0),(0,255659,1591841511,654,0),(0,255661,1591841476,654,0),(0,255662,1591841535,654,0),(0,255663,1591841389,654,0),(0,255666,1591841412,654,0),(0,255685,1591849132,654,0),(0,255687,1591849119,654,0),(0,255688,1591841930,654,0),(0,255692,1591849103,654,0),(0,255693,1591849169,654,0),(0,255696,1591849183,654,0),(0,255704,1591849883,654,0),(0,255706,1591849904,654,0),(0,255720,1591849585,654,0),(0,255724,1591849597,654,0),(0,255727,1591849239,654,0),(0,255728,1591849705,654,0),(0,255735,1591849676,654,0),(0,255736,1591849203,654,0),(0,255756,1591841474,654,0),(0,255761,1591841457,654,0),(0,255763,1591841485,654,0),(0,255764,1591841498,654,0),(0,255767,1591841983,654,0),(0,255768,1591842581,654,0),(0,255769,1591849542,654,0),(0,255770,1591849573,654,0),(0,255772,1591849478,654,0),(0,255777,1591849662,654,0),(0,255780,1591849688,654,0),(0,255785,1591841562,654,0),(0,255797,1591849985,654,0),(0,255859,1591850346,654,0),(0,255868,1591850292,654,0),(0,255870,1591850307,654,0),(0,255873,1591850787,654,0),(0,255874,1591850828,654,0),(0,255875,1591850838,654,0),(0,255876,1591850808,654,0),(0,255881,1591850859,654,0),(0,255882,1591850851,654,0),(0,255886,1591850818,654,0),(0,255956,1591850597,654,0),(0,256034,1591928220,654,0),(0,256043,1591928063,654,0),(0,256069,1591928256,654,0),(0,256070,1591928268,654,0),(0,256073,1591928291,654,0),(0,256080,1591928230,654,0),(0,256178,1591927428,654,0),(0,256182,1591927448,654,0),(0,256184,1591927513,654,0),(0,256209,1591927835,654,0),(0,256217,1591929539,654,0),(0,256242,1591929398,654,0),(0,256244,1591929383,654,0),(0,256248,1591929348,654,0),(0,256252,1591929305,654,0),(0,256253,1591929250,654,0),(0,256255,1591929570,654,0),(0,256257,1591929280,654,0),(0,256314,1591927340,654,0),(0,256316,1591927459,654,0),(0,256318,1591927821,654,0),(0,256320,1591927503,654,0),(0,256326,1591930483,654,0),(0,256330,1591930482,654,0),(0,256332,1591930483,654,0),(0,256441,1591931730,654,0),(0,256446,1591931712,654,0),(0,256447,1591931699,654,0),(0,256451,1591931623,654,0),(0,256452,1591931670,654,0),(0,256468,1591930860,654,0),(0,256469,1591930867,654,0),(0,256474,1591930930,654,0),(0,256478,1591931246,654,0),(0,256489,1591931221,654,0),(0,256499,1591931227,654,0),(0,256509,1591931151,654,0),(0,256510,1591931295,654,0),(0,256512,1591931167,654,0),(0,256514,1591931110,654,0),(0,256523,1591931283,654,0),(0,256525,1591931124,654,0),(0,256535,1591931542,654,0),(0,256536,1591931493,654,0),(0,256538,1591931527,654,0),(0,256539,1591931450,654,0),(0,256540,1591931485,654,0),(0,256541,1591931387,654,0),(0,256544,1591931464,654,0),(0,256545,1591931436,654,0),(0,256546,1591931370,654,0),(0,256604,1591931133,654,0),(0,256606,1591930871,654,0),(0,256607,1591931395,654,0),(0,256610,1591931466,654,0),(0,256679,1591931884,654,0),(0,256680,1591931888,654,0),(0,256681,1591931880,654,0),(0,256682,1591931937,654,0),(0,256683,1591931937,654,0),(0,256684,1591931938,654,0),(0,256686,1591931941,654,0),(0,256687,1591931935,654,0),(0,256689,1591931936,654,0),(0,256690,1591931939,654,0),(0,256691,1591931942,654,0),(0,256708,1591931935,654,0),(0,256872,1591932212,654,0),(0,256873,1591932187,654,0),(0,256874,1591932178,654,0),(0,256875,1591932150,654,0),(0,256876,1591932164,654,0),(0,256877,1591932148,654,0),(0,256878,1591932151,654,0),(0,256879,1591932156,654,0),(0,256880,1591846572,654,0),(0,256881,1591932155,654,0),(0,256882,1591932143,654,0),(0,256883,1591932168,654,0),(0,256886,1591846650,654,0),(0,256887,1591846530,654,0),(0,256890,1591846481,654,0),(0,256891,1591846652,654,0),(0,256892,1591932146,654,0),(0,256894,1591846664,654,0),(0,256895,1591932181,654,0),(0,256896,1591932196,654,0),(0,256897,1591932173,654,0),(0,256899,1591932183,654,0),(0,257002,1591932190,654,0),(0,257032,1591932322,654,0),(0,257039,1591932281,654,0),(0,257040,1591932282,654,0),(0,257041,1591932315,654,0),(0,257044,1591932283,654,0),(0,257045,1591932314,654,0),(0,257046,1591932284,654,0),(0,257049,1591932279,654,0),(0,257050,1591932286,654,0),(0,257051,1591932280,654,0),(0,257058,1591932300,654,0),(0,257059,1591932316,654,0),(0,257060,1591932320,654,0),(0,257065,1591932301,654,0),(0,257066,1591932326,654,0),(0,257068,1591932301,654,0),(0,257076,1591932302,654,0),(0,257085,1591932301,654,0),(0,257092,1591932324,654,0),(0,257098,1591932328,654,0),(0,257103,1591932330,654,0),(0,257104,1591932325,654,0),(0,258119,1591932781,654,0),(0,258129,1591933116,654,0),(0,258143,1591933208,654,0),(0,258206,1591932801,654,0),(0,258279,1591932858,654,0),(0,258280,1591932933,654,0),(0,258281,1591932830,654,0),(0,311169,1591754973,1,0),(0,311172,1591754994,1,0),(0,311176,1591755067,1,0),(0,311180,1591755007,1,0),(0,311181,1591755045,1,0),(0,311184,1591756736,1,0),(0,311185,1591755074,1,0),(0,311187,1591756742,1,0),(0,311195,1591755168,1,0),(0,311199,1591755579,1,0),(0,311203,1591755576,1,0),(0,311211,1591755607,1,0),(0,311213,1591755613,1,0),(0,311215,1591755594,1,0),(0,311220,1591755640,1,0),(0,311221,1591755630,1,0),(0,311247,1591755600,1,0),(0,311248,1591755597,1,0),(0,311250,1591755566,1,0),(0,311253,1591755564,1,0),(0,311254,1591755564,1,0),(0,311255,1591755587,1,0),(0,311258,1591755585,1,0),(0,311259,1591755565,1,0),(0,311281,1591756553,1,0),(0,311283,1591756532,1,0),(0,311284,1591756542,1,0),(0,311286,1591756515,1,0),(0,311295,1591756497,1,0),(0,311296,1591756506,1,0),(0,311297,1591756670,1,0),(0,311298,1591755526,1,0),(0,311301,1591756477,1,0),(0,311302,1591756588,1,0),(0,311303,1591755454,1,0),(0,311305,1591756451,1,0),(0,311307,1591755377,1,0),(0,311308,1591755445,1,0),(0,311309,1591755402,1,0),(0,311310,1591755416,1,0),(0,311316,1591755436,1,0),(0,311317,1591755269,1,0),(0,311319,1591755298,1,0),(0,311320,1591755287,1,0),(0,311321,1591755278,1,0),(0,311322,1591755423,1,0),(0,311326,1591755321,1,0),(0,311328,1591755309,1,0),(0,311329,1591755338,1,0),(0,311333,1591755345,1,0),(0,311350,1591756717,1,0),(0,311366,1591756763,1,0),(0,311370,1591758131,1,0),(0,311371,1591758142,1,0),(0,311372,1591758126,1,0),(0,311375,1591758118,1,0),(0,311378,1591757661,1,0),(0,311379,1591758117,1,0),(0,311380,1591757669,1,0),(0,311381,1591758104,1,0),(0,311383,1591757684,1,0),(0,311398,1591758087,1,0),(0,311400,1591757710,1,0),(0,311450,1591757808,1,0),(0,311451,1591757807,1,0),(0,311458,1591757802,1,0),(0,311460,1591757807,1,0),(0,311461,1591757807,1,0),(0,311462,1591757807,1,0),(0,311473,1591757865,1,0),(0,311475,1591757865,1,0),(0,311476,1591757865,1,0),(0,311479,1591757865,1,0),(0,311481,1591757847,1,0),(0,311485,1591757865,1,0),(0,311486,1591757847,1,0),(0,311489,1591757865,1,0),(0,311490,1591757865,1,0),(0,311493,1591757865,1,0),(0,311494,1591757865,1,0),(0,311500,1591757865,1,0),(0,311501,1591757865,1,0),(0,311502,1591757865,1,0),(0,311503,1591757865,1,0),(0,311504,1591757865,1,0),(0,311505,1591757865,1,0),(0,311510,1591757865,1,0),(0,311511,1591757865,1,0),(0,311513,1591757865,1,0),(0,311514,1591757865,1,0),(0,311515,1591757867,1,0),(0,311523,1591757865,1,0),(0,311584,1591753325,1,0),(0,311586,1591753167,1,0),(0,311587,1591753360,1,0),(0,311598,1591757418,1,0),(0,311599,1591757155,1,0),(0,312236,1591758116,1,0),(0,312264,1591754885,1,0),(0,312273,1591757255,1,0),(0,312274,1591757265,1,0),(0,312275,1591757284,1,0),(0,312276,1591757275,1,0),(0,312278,1591757302,1,0),(0,312279,1591757242,1,0),(0,312280,1591757311,1,0),(0,312281,1591757311,1,0),(0,312283,1591757228,1,0),(0,312284,1591757217,1,0),(0,312285,1591757311,1,0),(0,312286,1591757311,1,0),(0,312287,1591757311,1,0),(0,312288,1591757201,1,0),(0,312289,1591757189,1,0),(0,312290,1591757181,1,0),(0,312291,1591757168,1,0),(0,312292,1591757108,1,0),(0,312293,1591757433,1,0),(0,312296,1591751628,1,0),(0,312297,1591751665,1,0),(0,312298,1591751653,1,0),(0,312299,1591751610,1,0),(0,312300,1591751619,1,0),(0,312301,1591751598,1,0),(0,312303,1591751590,1,0),(0,312304,1591751590,1,0),(0,312305,1591751582,1,0),(0,312306,1591751578,1,0),(0,312307,1591751573,1,0),(0,312308,1591751559,1,0),(0,312312,1591751460,1,0),(0,312313,1591751443,1,0),(0,312314,1591751474,1,0),(0,312315,1591751719,1,0),(0,312316,1591751428,1,0),(0,312317,1591751452,1,0),(0,312318,1591751468,1,0),(0,312319,1591751477,1,0),(0,312324,1591751495,1,0),(0,312329,1591751505,1,0),(0,312330,1591751514,1,0),(0,312331,1591751527,1,0),(0,312332,1591757150,1,0),(0,312341,1591754275,1,0),(0,312342,1591754225,1,0),(0,312343,1591754775,1,0),(0,312344,1591754797,1,0),(0,312346,1591754041,1,0),(0,312347,1591754111,1,0),(0,312348,1591754123,1,0),(0,312349,1591754006,1,0),(0,312350,1591754102,1,0),(0,312351,1591754031,1,0),(0,312352,1591754018,1,0),(0,312353,1591754090,1,0),(0,312354,1591753993,1,0),(0,312355,1591753980,1,0),(0,312356,1591754062,1,0),(0,312358,1591754746,1,0),(0,312360,1591754786,1,0),(0,312361,1591754695,1,0),(0,312362,1591754399,1,0),(0,312363,1591754077,1,0),(0,312364,1591754732,1,0),(0,312366,1591754410,1,0),(0,312367,1591754703,1,0),(0,312368,1591754373,1,0),(0,312369,1591754200,1,0),(0,312370,1591754489,1,0),(0,312371,1591754150,1,0),(0,312372,1591754807,1,0),(0,312373,1591754362,1,0),(0,312374,1591754404,1,0),(0,312375,1591754540,1,0),(0,312376,1591754161,1,0),(0,312378,1591754210,1,0),(0,312379,1591754869,1,0),(0,312380,1591754503,1,0),(0,312381,1591754336,1,0),(0,312382,1591754518,1,0),(0,312383,1591754322,1,0),(0,312385,1591754351,1,0),(0,312386,1591754604,1,0),(0,312387,1591754527,1,0),(0,312390,1591754838,1,0),(0,312395,1591754260,1,0),(0,312397,1591754266,1,0),(0,312399,1591753730,1,0),(0,312400,1591753714,1,0),(0,312402,1591753703,1,0),(0,312404,1591753692,1,0),(0,312406,1591753677,1,0),(0,312407,1591757112,1,0),(0,312409,1591757417,1,0),(0,312415,1591757495,1,0),(0,312416,1591757507,1,0),(0,312428,1591750675,1,0),(0,312429,1591752424,1,0),(0,312433,1591752519,1,0),(0,312434,1591752573,1,0),(0,312435,1591752198,1,0),(0,312436,1591752517,1,0),(0,312437,1591752159,1,0),(0,312439,1591752474,1,0),(0,312440,1591752089,1,0),(0,312442,1591752071,1,0),(0,312443,1591752118,1,0),(0,312444,1591752024,1,0),(0,312445,1591752428,1,0),(0,312446,1591752378,1,0),(0,312447,1591752391,1,0),(0,312448,1591751749,1,0),(0,312449,1591753119,1,0),(0,312450,1591752844,1,0),(0,312451,1591752853,1,0),(0,312453,1591753559,1,0),(0,312455,1591753048,1,0),(0,312456,1591753539,1,0),(0,312457,1591752996,1,0),(0,312458,1591753011,1,0),(0,312462,1591752982,1,0),(0,312464,1591753518,1,0),(0,312465,1591753506,1,0),(0,312469,1591753472,1,0),(0,312470,1591752974,1,0),(0,312485,1591753430,1,0),(0,312491,1591753161,1,0),(0,312494,1591753075,1,0),(0,312497,1591753380,1,0),(0,312505,1591753383,1,0),(0,312508,1591753139,1,0),(0,312518,1591753170,1,0),(0,312522,1591753191,1,0),(0,312524,1591753207,1,0),(0,312533,1591753219,1,0),(0,312551,1591753239,1,0),(0,312555,1591753249,1,0),(0,312560,1591753237,1,0),(0,312561,1591753264,1,0),(0,312563,1591753278,1,0),(0,312564,1591753298,1,0),(0,312589,1591753409,1,0),(0,312626,1591752670,1,0),(0,312627,1591752426,1,0),(0,312630,1591752512,1,0),(0,312634,1591752619,1,0),(0,312666,1591752187,1,0),(0,312670,1591752166,1,0),(0,312672,1591752080,1,0),(0,312674,1591752128,1,0),(0,312675,1591752052,1,0),(0,312677,1591752061,1,0),(0,312679,1591752034,1,0),(0,312681,1591750561,1,0),(0,312682,1591757421,1,0),(0,312683,1591751043,1,0),(0,312798,1591751359,1,0),(0,312804,1591752480,1,0),(0,312805,1591752579,1,0),(0,312806,1591752635,1,0),(0,312807,1591752553,1,0),(0,312808,1591752600,1,0),(0,312810,1591752605,1,0),(0,312814,1591752591,1,0),(0,312818,1591752564,1,0),(0,312819,1591752505,1,0),(0,312821,1591752541,1,0),(0,312824,1591752495,1,0),(0,312828,1591752747,1,0),(0,312840,1591751822,1,0),(0,312841,1591750570,1,0),(0,312844,1591752373,1,0),(0,312845,1591752385,1,0),(0,312856,1591752440,1,0),(0,312857,1591752454,1,0),(0,312872,1591752534,1,0),(0,312876,1591752545,1,0),(0,312877,1591752425,1,0),(0,312878,1591752679,1,0),(0,312884,1591750686,1,0),(0,312890,1591750662,1,0),(0,312893,1591748724,1,0),(0,312901,1591750068,1,0),(0,312910,1591750088,1,0),(0,312916,1591750056,1,0),(0,312918,1591750081,1,0),(0,312921,1591750043,1,0),(0,312923,1591750117,1,0),(0,312925,1591749981,1,0),(0,312929,1591749946,1,0),(0,312930,1591749961,1,0),(0,312943,1591749939,1,0),(0,312949,1591749916,1,0),(0,312950,1591749926,1,0),(0,312955,1591749909,1,0),(0,313118,1591748795,1,0),(0,313123,1591748784,1,0),(0,313126,1591748801,1,0),(0,313127,1591748778,1,0),(0,313128,1591748789,1,0),(0,313129,1591748772,1,0),(0,313136,1591748730,1,0),(0,313137,1591748710,1,0),(0,313142,1591748694,1,0),(0,313287,1591749274,1,0),(0,313288,1591749286,1,0),(0,313298,1591748702,1,0),(0,313301,1591748715,1,0),(0,324999,1591561553,0,0),(0,325009,1591561524,0,0),(0,325010,1591561536,0,0),(0,325024,1591561456,0,0),(0,325025,1591561481,0,0),(0,325026,1591561494,0,0),(0,325027,1591561511,0,0),(0,325028,1591561471,0,0),(0,325029,1591561445,0,0),(0,325049,1591561579,0,0),(0,325053,1591561416,0,0),(0,325054,1591561600,0,0),(0,325055,1591561431,0,0),(0,325058,1591561956,0,0),(0,325060,1591550934,0,0),(0,325079,1591550922,0,0),(0,325080,1591550911,0,0),(0,325082,1591550895,0,0),(0,325084,1591550755,0,0),(0,325088,1591550738,0,0),(0,325095,1591561964,0,0),(0,325106,1591561403,0,0),(0,325118,1591560879,0,0),(0,325122,1591562062,0,0),(0,325125,1591560868,0,0),(0,325130,1591560493,0,0),(0,325160,1591560659,0,0),(0,325168,1591560732,0,0),(0,325170,1591560541,0,0),(0,325171,1591560835,0,0),(0,325172,1591560845,0,0),(0,325173,1591560806,0,0),(0,325175,1591560821,0,0),(0,325176,1591560897,0,0),(0,325199,1591562049,0,0),(0,325200,1591561115,0,0),(0,325201,1591562062,0,0),(0,325202,1591561127,0,0),(0,325203,1591561148,0,0),(0,325205,1591561192,0,0),(0,325207,1591561217,0,0),(0,325215,1591573462,0,0),(0,325216,1591573480,0,0),(0,325217,1591573504,0,0),(0,325218,1591573403,0,0),(0,325219,1591573442,0,0),(0,325220,1591573419,0,0),(0,325222,1591573577,0,0),(0,325232,1591573763,0,0),(0,325233,1591573377,0,0),(0,325239,1591573329,0,0),(0,325240,1591573359,0,0),(0,325247,1591561233,0,0),(0,325259,1591560732,0,0),(0,325269,1591560732,0,0),(0,325271,1591561948,0,0),(0,325288,1591560732,0,0),(0,325289,1591560732,0,0),(0,325300,1591560732,0,0),(0,325349,1591561255,0,0),(0,325350,1591561266,0,0),(0,325353,1591561103,0,0),(0,325357,1591573310,0,0),(0,325359,1591573787,0,0),(0,325360,1591573734,0,0),(0,325361,1591573735,0,0),(0,325364,1591573746,0,0),(0,325365,1591573727,0,0),(0,325366,1591573756,0,0),(0,325367,1591573750,0,0),(0,325383,1591573719,0,0),(0,325386,1591573694,0,0),(0,325388,1591572816,0,0),(0,325391,1591572844,0,0),(0,325398,1591561178,0,0),(0,325399,1591561136,0,0),(0,325401,1591561946,0,0),(0,325419,1591561822,0,0),(0,325420,1591561709,0,0),(0,325421,1591561761,0,0),(0,325422,1591561778,0,0),(0,325423,1591561797,0,0),(0,325425,1591561847,0,0),(0,325426,1591561863,0,0),(0,325429,1591561942,0,0),(0,325440,1591562074,0,0),(0,325441,1591562127,0,0),(0,325446,1591572785,0,0),(0,325448,1591573269,0,0),(0,325451,1591572986,0,0),(0,325470,1591573252,0,0),(0,325494,1591561730,0,0),(0,325497,1591561897,0,0),(0,325518,1591572708,0,0),(0,325519,1591572689,0,0),(0,325521,1591572734,0,0),(0,325522,1591572636,0,0),(0,325523,1591572654,0,0),(0,325529,1591573634,0,0),(0,325550,1591572609,0,0),(0,325555,1591562163,0,0),(0,325556,1591562171,0,0),(0,325557,1591562181,0,0),(0,325572,1591562158,0,0),(0,325648,1591580241,0,0),(0,325652,1591580184,0,0),(0,325668,1591573912,0,0),(0,325702,1591580158,0,0),(0,325704,1591580199,0,0),(0,325705,1591580136,0,0),(0,325706,1591580123,0,0),(0,325708,1591580261,0,0),(0,325767,1591580444,0,0),(0,325768,1591580507,0,0),(0,325770,1591580292,0,0),(0,325772,1591580083,0,0),(0,325773,1591580059,0,0),(0,325776,1591580045,0,0),(0,325778,1591580001,0,0),(0,325780,1591580555,0,0),(0,325781,1591579934,0,0),(0,325782,1591579986,0,0),(0,325783,1591579948,0,0),(0,325792,1591580329,0,0),(0,325793,1591580310,0,0),(0,325796,1591580406,0,0),(0,325797,1591580394,0,0),(0,325798,1591580357,0,0),(0,325799,1591580340,0,0),(0,325810,1591574645,0,0),(0,325826,1591576193,0,0),(0,325836,1591580582,0,0),(0,325837,1591579900,0,0),(0,325838,1591580602,0,0),(0,325850,1591576248,0,0),(0,325854,1591576216,0,0),(0,325861,1591574651,0,0),(0,325865,1591574603,0,0),(0,325866,1591580642,0,0),(0,325867,1591580652,0,0),(0,325888,1591579854,0,0),(0,325889,1591579872,0,0),(0,325898,1591574617,0,0),(0,325899,1591574573,0,0),(0,325900,1591574531,0,0),(0,325901,1591574474,0,0),(0,325902,1591574552,0,0),(0,325906,1591574449,0,0),(0,325908,1591574431,0,0),(0,325912,1591574379,0,0),(0,325928,1591576143,0,0),(0,325929,1591576108,0,0),(0,325933,1591576290,0,0),(0,325939,1591576078,0,0),(0,325940,1591576049,0,0),(0,325947,1591584188,0,0),(0,325960,1591574414,0,0),(0,325961,1591574350,0,0),(0,325964,1591574503,0,0),(0,325971,1591578476,0,0),(0,325976,1591578456,0,0),(0,325982,1591574367,0,0),(0,326039,1591578437,0,0),(0,326043,1591578331,0,0),(0,326044,1591578361,0,0),(0,326045,1591578424,0,0),(0,326047,1591579000,0,0),(0,326048,1591578967,0,0),(0,326049,1591578952,0,0),(0,326051,1591578106,0,0),(0,326055,1591578078,0,0),(0,326058,1591578181,0,0),(0,326059,1591578193,0,0),(0,326060,1591578297,0,0),(0,326062,1591578313,0,0),(0,326063,1591578276,0,0),(0,326074,1591576518,0,0),(0,326079,1591576380,0,0),(0,326080,1591584181,0,0),(0,326083,1591576345,0,0),(0,326084,1591584186,0,0),(0,326147,1591578890,0,0),(0,326149,1591578049,0,0),(0,326151,1591578210,0,0),(0,326156,1591577482,0,0),(0,326160,1591575966,0,0),(0,326161,1591575933,0,0),(0,326334,1591576415,0,0),(0,326336,1591576437,0,0),(0,326350,1591578254,0,0),(0,326353,1591578158,0,0),(0,326358,1591578728,0,0),(0,326359,1591578674,0,0),(0,326360,1591578692,0,0),(0,326361,1591578927,0,0),(0,326362,1591579044,0,0),(0,326363,1591579027,0,0),(0,326365,1591577781,0,0),(0,326366,1591577755,0,0),(0,326367,1591577769,0,0),(0,326368,1591577753,0,0),(0,326370,1591578639,0,0),(0,326371,1591578848,0,0),(0,326372,1591579132,0,0),(0,326373,1591577757,0,0),(0,326374,1591577793,0,0),(0,326375,1591577749,0,0),(0,326376,1591578828,0,0),(0,326399,1591584056,0,0),(0,326408,1591584179,0,0),(0,326421,1591584184,0,0),(0,326609,1591576615,0,0),(0,326631,1591578225,0,0),(0,326633,1591578782,0,0),(0,326638,1591579111,0,0),(0,326641,1591577725,0,0),(0,326642,1591577711,0,0),(0,326643,1591577717,0,0),(0,326645,1591577700,0,0),(0,326646,1591577703,0,0),(0,326653,1591578763,0,0),(0,326661,1591580932,0,0),(0,326694,1591581342,0,0),(0,326697,1591575686,0,0),(0,326704,1591576464,0,0),(0,326705,1591575843,0,0),(0,326801,1591584132,0,0),(0,326926,1591577115,0,0),(0,326929,1591577180,0,0),(0,326940,1591579287,0,0),(0,326970,1591580986,0,0),(0,326972,1591577195,0,0),(0,326975,1591577158,0,0),(0,327071,1591577096,0,0),(0,327103,1591577221,0,0),(0,327118,1591578754,0,0),(0,327166,1591583831,0,0),(0,327302,1591583693,0,0),(0,327304,1591583685,0,0),(0,327358,1591582269,0,0),(0,327381,1591583373,0,0),(0,327382,1591583429,0,0),(0,327383,1591583377,0,0),(0,327384,1591583435,0,0),(0,327386,1591583434,0,0),(0,327389,1591583213,0,0),(0,327390,1591583282,0,0),(0,327392,1591583155,0,0),(0,327393,1591583150,0,0),(0,327394,1591583121,0,0),(0,327395,1591583129,0,0),(0,327396,1591583657,0,0),(0,327397,1591582895,0,0),(0,327398,1591583183,0,0),(0,327399,1591583211,0,0),(0,327400,1591583168,0,0),(0,327401,1591583191,0,0),(0,327402,1591582878,0,0),(0,327403,1591582900,0,0),(0,327412,1591582057,0,0),(0,327424,1591581915,0,0),(0,327434,1591582288,0,0),(0,327438,1591582322,0,0),(0,327441,1591581813,0,0),(0,327442,1591581827,0,0),(0,327446,1591581999,0,0),(0,327447,1591581985,0,0),(0,327451,1591582033,0,0),(0,327452,1591582022,0,0),(0,327453,1591581946,0,0),(0,327454,1591581963,0,0),(0,327463,1591582885,0,0),(0,327464,1591583270,0,0),(0,327465,1591583240,0,0),(0,327466,1591583253,0,0),(0,327467,1591583323,0,0),(0,327468,1591583214,0,0),(0,327469,1591583290,0,0),(0,327470,1591583328,0,0),(0,327471,1591583348,0,0),(0,327472,1591583402,0,0),(0,327473,1591583394,0,0),(0,327474,1591583354,0,0),(0,327475,1591583435,0,0),(0,327476,1591583460,0,0),(0,327477,1591583437,0,0),(0,327478,1591583464,0,0),(0,327479,1591583502,0,0),(0,327480,1591583533,0,0),(0,327481,1591583499,0,0),(0,327499,1591583059,0,0),(0,327500,1591582959,0,0),(0,327512,1591581936,0,0),(0,327518,1591581898,0,0),(0,327519,1591582501,0,0),(0,327520,1591582480,0,0),(0,327527,1591581859,0,0),(0,327528,1591582135,0,0),(0,327565,1591583021,0,0),(0,327566,1591583035,0,0),(0,327583,1591582533,0,0),(0,327584,1591582547,0,0),(0,327585,1591582562,0,0),(0,327630,1591582579,0,0),(0,327631,1591582597,0,0),(0,327693,1591582655,0,0),(0,327695,1591583001,0,0),(0,358988,1591576808,0,0),(0,358990,1591576705,0,0),(0,358993,1591576823,0,0),(0,358994,1591576685,0,0),(0,358997,1591576722,0,0),(0,370770,1591755694,1,0),(0,370771,1591755709,1,0),(0,370772,1591755723,1,0),(0,370773,1591755738,1,0),(0,370776,1591755914,1,0),(0,370779,1591755089,1,0),(0,370780,1591755107,1,0),(0,370784,1591755136,1,0),(0,370791,1591755153,1,0),(0,370809,1591757899,1,0),(0,370810,1591757899,1,0),(0,370811,1591757899,1,0),(0,370812,1591757805,1,0),(0,370813,1591757833,1,0),(0,370814,1591757899,1,0),(0,370815,1591757899,1,0),(0,370816,1591757899,1,0),(0,370817,1591757899,1,0),(0,370818,1591757899,1,0),(0,370819,1591757899,1,0),(0,370820,1591757899,1,0),(0,370821,1591757899,1,0),(0,370822,1591757899,1,0),(0,370823,1591757899,1,0),(0,370824,1591757899,1,0),(0,370825,1591757807,1,0),(0,370826,1591757807,1,0),(0,370829,1591757807,1,0),(0,370833,1591757899,1,0),(0,370834,1591757899,1,0),(0,370835,1591757899,1,0),(0,370836,1591757899,1,0),(0,370837,1591757899,1,0),(0,370838,1591757899,1,0),(0,370839,1591757899,1,0),(0,370840,1591757899,1,0),(0,370841,1591757939,1,0),(0,375630,1591930541,530,0),(0,376292,1591839244,654,0),(0,376294,1591839244,654,0),(0,376298,1591839244,654,0),(0,376302,1591839244,654,0),(0,376309,1591839244,654,0),(0,376314,1591839244,654,0),(0,376322,1591839245,654,0),(0,376332,1591839245,654,0),(0,376496,1591839527,654,0),(0,376519,1591839575,654,0),(0,376574,1591839598,654,0),(0,376577,1591839586,654,0),(0,376580,1591839609,654,0),(0,376654,1591839743,654,0),(0,376655,1591839753,654,0),(0,376658,1591839630,654,0),(0,376700,1591840183,654,0),(0,376707,1591840221,654,0),(0,376708,1591925253,654,0),(0,376709,1591840250,654,0),(0,376710,1591840234,654,0),(0,376717,1591840218,654,0),(0,376721,1591840228,654,0),(0,376722,1591840219,654,0),(0,376731,1591840184,654,0),(0,376732,1591840238,654,0),(0,376733,1591840229,654,0),(0,376736,1591839534,654,0),(0,376742,1591840224,654,0),(0,376748,1591840218,654,0),(0,376751,1591840219,654,0),(0,376752,1591840181,654,0),(0,376753,1591840221,654,0),(0,376762,1591840222,654,0),(0,376771,1591840182,654,0),(0,376777,1591840240,654,0),(0,376780,1591840222,654,0),(0,376781,1591840219,654,0),(0,376787,1591840073,654,0),(0,376789,1591840226,654,0),(0,376792,1591840220,654,0),(0,376794,1591840017,654,0),(0,376807,1591840141,654,0),(0,376808,1591840082,654,0),(0,376810,1591925258,654,0),(0,376811,1591840218,654,0),(0,376813,1591840232,654,0),(0,376814,1591925266,654,0),(0,376824,1591925258,654,0),(0,376826,1591925256,654,0),(0,376827,1591840231,654,0),(0,376829,1591925262,654,0),(0,376830,1591840234,654,0),(0,376831,1591840182,654,0),(0,376832,1591840233,654,0),(0,376833,1591840113,654,0),(0,376834,1591925264,654,0),(0,376835,1591925260,654,0),(0,376836,1591840191,654,0),(0,376837,1591840245,654,0),(0,376838,1591840233,654,0),(0,376839,1591925262,654,0),(0,376841,1591840094,654,0),(0,376843,1591925261,654,0),(0,376844,1591840227,654,0),(0,376845,1591925261,654,0),(0,376846,1591925259,654,0),(0,376847,1591840193,654,0),(0,376848,1591925264,654,0),(0,376851,1591840192,654,0),(0,376852,1591840218,654,0),(0,376853,1591925257,654,0),(0,376854,1591925268,654,0),(0,376855,1591840236,654,0),(0,376856,1591840252,654,0),(0,376857,1591925257,654,0),(0,376859,1591925254,654,0),(0,376932,1591840232,654,0),(0,376933,1591840230,654,0),(0,376934,1591840232,654,0),(0,376935,1591840232,654,0),(0,376937,1591840232,654,0),(0,376939,1591840234,654,0),(0,376940,1591840232,654,0),(0,376941,1591840234,654,0),(0,376943,1591840234,654,0),(0,377076,1591925310,654,0),(0,377077,1591838841,654,0),(0,377078,1591925258,654,0),(0,377079,1591840187,654,0),(0,377081,1591925487,654,0),(0,377083,1591925438,654,0),(0,377085,1591840215,654,0),(0,377099,1591925391,654,0),(0,377103,1591925356,654,0),(0,377106,1591840159,654,0),(0,377107,1591925415,654,0),(0,377113,1591925415,654,0),(0,377115,1591925182,654,0),(0,377122,1591840162,654,0),(0,377123,1591840166,654,0),(0,377124,1591840166,654,0),(0,377125,1591840166,654,0),(0,377126,1591840166,654,0),(0,377127,1591840287,654,0),(0,377128,1591840162,654,0),(0,377129,1591840162,654,0),(0,377130,1591840162,654,0),(0,377131,1591840162,654,0),(0,377132,1591840166,654,0),(0,377133,1591840251,654,0),(0,377135,1591925209,654,0),(0,377136,1591840313,654,0),(0,377137,1591840166,654,0),(0,377138,1591840227,654,0),(0,377139,1591840162,654,0),(0,377143,1591840166,654,0),(0,377145,1591840162,654,0),(0,377147,1591840159,654,0),(0,377148,1591840182,654,0),(0,377150,1591840311,654,0),(0,377152,1591840276,654,0),(0,377153,1591840162,654,0),(0,377154,1591840209,654,0),(0,377156,1591840159,654,0),(0,377159,1591840134,654,0),(0,377160,1591840168,654,0),(0,377163,1591840148,654,0),(0,377165,1591840151,654,0),(0,377167,1591840152,654,0),(0,377168,1591840155,654,0),(0,377170,1591840155,654,0),(0,377172,1591840152,654,0),(0,377173,1591840152,654,0),(0,377174,1591840317,654,0),(0,377179,1591840151,654,0),(0,377180,1591840148,654,0),(0,377181,1591840151,654,0),(0,377183,1591840138,654,0),(0,377184,1591840155,654,0),(0,377185,1591840148,654,0),(0,377186,1591840152,654,0),(0,377191,1591840151,654,0),(0,377193,1591840151,654,0),(0,377228,1591840140,654,0),(0,377230,1591840152,654,0),(0,377231,1591840135,654,0),(0,377259,1591840148,654,0),(0,377313,1591840151,654,0),(0,377329,1591840151,654,0),(0,377338,1591840151,654,0),(0,377340,1591840152,654,0),(0,377341,1591840151,654,0),(0,377351,1591840155,654,0),(0,377362,1591840151,654,0),(0,377366,1591840151,654,0),(0,377368,1591840151,654,0),(0,377379,1591840155,654,0),(0,377382,1591840151,654,0),(0,377390,1591840151,654,0),(0,377397,1591840151,654,0),(0,377406,1591840151,654,0),(0,377408,1591840151,654,0),(0,377413,1591840166,654,0),(0,377415,1591840148,654,0),(0,377416,1591840152,654,0),(0,377417,1591840155,654,0),(0,377419,1591840151,654,0),(0,377420,1591840155,654,0),(0,377421,1591840151,654,0),(0,377422,1591840159,654,0),(0,377424,1591840159,654,0),(0,377431,1591840580,654,0),(0,377446,1591840562,654,0),(0,377452,1591840573,654,0),(0,377455,1591840568,654,0),(0,377457,1591840545,654,0),(0,377459,1591840556,654,0),(0,377460,1591840584,654,0),(0,377461,1591840552,654,0),(0,396307,1591839294,654,0),(0,396310,1591839309,654,0),(0,396313,1591839320,654,0),(0,396325,1591839328,654,0),(0,396343,1591839300,654,0),(1,21122,1591929286,530,0),(1,21123,1591929625,530,0),(1,21142,1591929634,530,0),(1,21152,1591929599,530,0),(1,21153,1591929613,530,0),(1,21169,1591932777,530,0),(1,21171,1591932782,530,0),(1,21176,1592010316,530,0),(1,21177,1592010342,530,0),(1,21186,1592010283,530,0),(1,21187,1592010267,530,0),(1,21188,1592010236,530,0),(1,21189,1592010213,530,0),(1,21190,1592010275,530,0),(1,21283,1591931568,530,0),(1,21284,1591931721,530,0),(1,21285,1591931417,530,0),(1,21287,1591931515,530,0),(1,21289,1591931299,530,0),(1,21290,1591931492,530,0),(1,21291,1591931650,530,0),(1,21292,1591931501,530,0),(1,21618,1592013680,530,0),(1,21619,1592013675,530,0),(1,22036,1592014061,530,0),(1,22037,1592014305,530,0),(1,22045,1592013992,530,0),(1,22047,1592014380,530,0),(1,22048,1592014356,530,0),(1,22050,1592014331,530,0),(1,22051,1592014342,530,0),(1,22104,1592015658,530,0),(1,22160,1592017300,530,0),(1,22161,1592017307,530,0),(1,22179,1592017185,530,0),(1,22180,1592017449,530,0),(1,22182,1592017256,530,0),(1,22200,1592016503,530,0),(1,22202,1592016489,530,0),(1,22205,1592016655,530,0),(1,22215,1592016524,530,0),(1,22216,1592016537,530,0),(1,22538,1592012706,530,0),(1,22546,1592012674,530,0),(1,29218,1592012767,530,0),(1,29226,1592013213,530,0),(1,29227,1592013210,530,0),(1,29904,1592014161,530,0),(1,29905,1592014328,530,0),(1,29906,1592014172,530,0),(1,29907,1592014133,530,0),(1,30465,1592015732,530,0),(1,30466,1592015712,530,0),(1,30468,1592015737,530,0),(1,30470,1592016601,530,0),(1,30484,1592017124,530,0),(1,30485,1592017161,530,0),(1,30492,1592017378,530,0),(1,33894,1592010306,530,0),(1,65953,1591662077,609,0),(1,66111,1591663320,609,0),(1,66113,1591663291,609,0),(1,66114,1591663297,609,0),(1,66115,1591663304,609,0),(1,66122,1591663181,609,0),(1,66162,1591663110,609,0),(1,66181,1591663259,609,0),(1,66199,1591663122,609,0),(1,66200,1591663271,609,0),(1,66202,1591663132,609,0),(1,66205,1591663264,609,0),(1,66226,1591663137,609,0),(1,66228,1591663300,609,0),(1,203157,1591582629,0,0),(1,203159,1591582659,0,0),(1,203187,1591582184,0,0),(1,203202,1591583757,0,0),(1,203203,1591582235,0,0),(1,203208,1591583777,0,0),(1,203209,1591583749,0,0),(1,203213,1591581680,0,0),(1,203215,1591583714,0,0),(1,203226,1591577077,0,0),(1,203260,1591577132,0,0),(1,203263,1591577167,0,0),(1,203350,1591580975,0,0),(1,203351,1591579676,0,0),(1,203352,1591580802,0,0),(1,203465,1591580775,0,0),(1,203508,1591576507,0,0),(1,203515,1591578264,0,0),(1,203516,1591578120,0,0),(1,203517,1591576359,0,0),(1,203535,1591578285,0,0),(1,203536,1591578301,0,0),(1,203537,1591578200,0,0),(1,203538,1591578235,0,0),(1,203539,1591578197,0,0),(1,203541,1591578086,0,0),(1,203542,1591578109,0,0),(1,203543,1591580758,0,0),(1,203547,1591578336,0,0),(1,203600,1591580727,0,0),(1,203601,1591580672,0,0),(1,203633,1591580619,0,0),(1,203654,1591576257,0,0),(1,203655,1591576223,0,0),(1,203684,1591574118,0,0),(1,203698,1591574098,0,0),(1,203699,1591574111,0,0),(1,203700,1591574107,0,0),(1,203715,1591580535,0,0),(1,203730,1591580481,0,0),(1,203759,1591572922,0,0),(1,203760,1591572912,0,0),(1,203786,1591572658,0,0),(1,203788,1591572664,0,0),(1,203789,1591572712,0,0),(1,203793,1591572763,0,0),(1,203794,1591573846,0,0),(1,203806,1591573834,0,0),(1,203807,1591573830,0,0),(1,203808,1591573807,0,0),(1,203810,1591572789,0,0),(1,203811,1591572758,0,0),(1,203812,1591572755,0,0),(1,203813,1591572848,0,0),(1,219462,1591753125,1,0),(1,219464,1591753098,1,0),(1,219465,1591753066,1,0),(1,219466,1591753091,1,0),(1,219472,1591753033,1,0),(1,219476,1591753000,1,0),(1,219477,1591752984,1,0),(1,219478,1591752953,1,0),(1,219496,1591753132,1,0),(1,219497,1591753143,1,0),(1,219600,1591751799,1,0),(1,219618,1591751761,1,0),(1,219669,1591748890,1,0),(1,219673,1591748883,1,0),(1,219674,1591748873,1,0),(1,219679,1591748868,1,0),(1,219680,1591748866,1,0),(1,219682,1591749769,1,0),(1,219684,1591749774,1,0),(1,219688,1591749789,1,0),(1,219689,1591749786,1,0),(1,219693,1591749801,1,0),(1,219694,1591749805,1,0),(1,219695,1591749797,1,0),(1,222514,1591834459,648,0),(1,222520,1591834470,648,0),(1,222521,1591834464,648,0),(1,222524,1591834502,648,0),(1,222526,1591834513,648,0),(1,222528,1591834544,648,0),(1,222626,1591837251,648,0),(1,235206,1591929665,530,0),(1,235521,1591839228,654,0),(1,235534,1591839314,654,0),(1,235544,1591839342,654,0),(1,235547,1591839378,654,0),(1,235550,1591839392,654,0),(1,235551,1591839463,654,0),(1,235552,1591839463,654,0),(1,235557,1591839463,654,0),(1,235558,1591839463,654,0),(1,235565,1591840269,654,0),(1,236351,1591847680,654,0),(1,236353,1591848143,654,0),(1,236359,1591848143,654,0),(1,236362,1591849015,654,0),(1,236364,1591848663,654,0),(1,236365,1591848531,654,0),(1,236366,1591848573,654,0),(1,236369,1591848624,654,0),(1,236378,1591848541,654,0),(1,236478,1591850928,654,0),(1,236484,1591850928,654,0),(1,236530,1591928301,654,0),(1,236543,1591927244,654,0),(1,236548,1591927484,654,0),(1,236549,1591927521,654,0),(1,236560,1591927236,654,0),(1,236562,1591927469,654,0),(1,236563,1591927477,654,0),(1,236599,1591929356,654,0),(1,236601,1591929407,654,0),(1,236609,1591929483,654,0),(1,236610,1591929316,654,0),(1,236613,1591929262,654,0),(1,236635,1591929267,654,0),(1,236688,1591932837,654,0),(1,236691,1591932834,654,0),(1,236705,1591932863,654,0),(1,236707,1591932844,654,0),(1,236708,1591932820,654,0);
/*!40000 ALTER TABLE `respawn` ENABLE KEYS */;
UNLOCK TABLES;

--
-- Table structure for table `updates`
--

DROP TABLE IF EXISTS `updates`;
/*!40101 SET @saved_cs_client     = @@character_set_client */;
/*!40101 SET character_set_client = utf8 */;
CREATE TABLE `updates` (
  `name` varchar(200) NOT NULL COMMENT 'filename with extension of the update.',
  `hash` char(40) DEFAULT '' COMMENT 'sha1 hash of the sql file.',
  `state` enum('RELEASED','ARCHIVED') NOT NULL DEFAULT 'RELEASED' COMMENT 'defines if an update is released or archived.',
  `timestamp` timestamp NOT NULL DEFAULT current_timestamp() COMMENT 'timestamp when the query was applied.',
  `speed` int(10) unsigned NOT NULL DEFAULT 0 COMMENT 'time the query takes to apply in ms.',
  PRIMARY KEY (`name`)
) ENGINE=MyISAM DEFAULT CHARSET=utf8 COMMENT='List of all applied updates in this database.';
/*!40101 SET character_set_client = @saved_cs_client */;

--
-- Dumping data for table `updates`
--

LOCK TABLES `updates` WRITE;
/*!40000 ALTER TABLE `updates` DISABLE KEYS */;
INSERT INTO `updates` VALUES ('2014_10_28_00_characters.sql','DCC0367E2784919FBE6ED44D60057179','ARCHIVED','2014-10-28 21:00:00',0),('2015_03_20_00_characters.sql','B761760804EA73BD297F296C5C1919687DF7191C','ARCHIVED','2015-03-21 21:44:15',0),('2015_03_20_01_characters.sql','894F08B70449A5481FFAF394EE5571D7FC4D8A3A','ARCHIVED','2015-03-21 21:44:15',0),('2015_03_20_02_characters.sql','97D7BE0CAADC79F3F11B9FD296B8C6CD40FE593B','ARCHIVED','2015-03-21 21:44:51',0),('2015_06_26_00_characters_335.sql','f8230a59a9e878a6f54f421d6621f1595bd93861','ARCHIVED','2015-03-21 21:44:51',0),('2016_01_11_00_characters_from_335.sql','AAECE4BA6FDCF0C34A57FADD11DB68DAFD8AE9CD','ARCHIVED','2016-01-10 21:57:56',0),('2016_01_11_01_characters_from_335.sql','F8682A431D50E54BDC4AC0E7DBED21AE8AAB6AD4','ARCHIVED','2015-09-29 22:23:32',0),('2016_01_11_02_characters_from_335.sql','4555A7F35C107E54C13D74D20F141039ED42943E','ARCHIVED','2015-10-29 20:32:37',0),('2016_01_14_from_335_2015_10_06_00_characters.sql','16842FDD7E8547F2260D3312F53EFF8761EFAB35','ARCHIVED','2015-10-11 19:47:41',0),('2016_01_14_from_335_2015_10_07_00_characters.sql','E15AB463CEBE321001D7BFDEA4B662FF618728FD','ARCHIVED','2015-10-11 19:47:41',0),('2016_01_14_from_335_2015_10_12_00_characters.sql','D6F9927BDED72AD0A81D6EC2C6500CBC34A39FA2','ARCHIVED','2015-10-13 01:06:25',0),('2016_01_14_from_335_2015_10_28_00_characters.sql','622A9CA8FCE690429EBE23BA071A37C7A007BF8B','ARCHIVED','2015-10-28 21:49:52',0),('2016_01_14_from_335_2015_11_03_00_characters.sql','CC045717B8FDD9733351E52A5302560CD08AAD57','ARCHIVED','2015-11-03 22:56:17',0),('2016_02_21_from_335_2016_02_10_00_characters.sql','F1B4DA202819CABC7319A4470A2D224A34609E97','ARCHIVED','2016-02-10 00:00:00',0),('2016_03_12_00_characters.sql','0ACDD35EC9745231BCFA701B78056DEF94D0CC53','ARCHIVED','2016-03-12 00:00:00',0),('2016_07_17_00_characters.sql','41BF94C59FE13A61067E6721092F6187E184F37B','ARCHIVED','2016-07-18 21:05:05',0),('2016_08_28_00_characters.sql','36A339D56D03E3782D96C4F883D29B418A12BFC0','ARCHIVED','2016-08-28 21:05:05',0),('2016_09_14_00_characters_from_335_was_2016_09_13_00_characters.sql','27A04615B11B2CFC3A26778F52F74C071E4F9C54','ARCHIVED','2016-07-06 18:55:18',0),('2016_09_28_00_characters.sql','8C1FBB13E51A464DA90C1112F72DC2CE3287CCCE','ARCHIVED','2016-09-28 18:55:18',0),('2016_11_02_00_characters_from_335_was_2016_10_30_00_characters.sql','7E2D5B226907B5A9AF320797F46E86DC27B7EC90','ARCHIVED','2016-11-02 04:30:18',0),('2016_11_06_00_characters.sql','7BFE5C56B5DF35D61EB15DCA05FC4C1548868EE9','ARCHIVED','2016-11-06 17:11:18',0),('2017_01_12_00_characters.sql','60ADB435A4D4508B51DC01751C211384ADE68AA0','ARCHIVED','2017-01-12 00:00:00',0),('2017_02_11_00_characters.sql','35B4DF02D79ECFEC53387850ED410DCB81FB65B8','ARCHIVED','2017-02-11 00:00:00',0),('2017_03_16_00_characters.sql','FB7003E51B57FD60B2121F95959B8EC1214BA59B','ARCHIVED','2017-03-16 00:00:00',0),('2017_04_09_00_characters_from_335_was_2017_04_03_00_characters.sql','CB072C56692C9FBF170C4036F15773DD86D368B5','ARCHIVED','2017-04-03 00:00:00',0),('2017_04_14_00_characters_from_335_was_2017_04_12_01_characters.sql','5A8A1215E3A2356722F52CD7A64BBE03D21FBEA3','ARCHIVED','2017-04-12 00:00:00',0),('2017_04_16_00_characters.sql','50CFDE7538E07CB813C26E4182FEF2B486871625','ARCHIVED','2017-04-16 00:00:00',0),('2017_05_16_00_characters.sql','C0F96B13AA6C451A406EE62AEE1D3CACB5E0532B','ARCHIVED','2017-05-16 00:00:00',0),('2017_06_18_00_characters.sql','23D2E5EC2ECA17DEB9E00173587A30410814133E','ARCHIVED','2017-06-18 00:00:00',0),('2017_07_18_00_characters.sql','6A154A76CEE78212CC072DB57AC4B3D95BEE4390','ARCHIVED','2017-07-18 00:00:00',0),('2017_09_17_00_characters.sql','48AF8F4A6A656EF0CCEA406B4AEF71A54A5DA98E','ARCHIVED','2017-09-17 00:00:00',0),('2017_10_16_00_characters.sql','74500AFF41A5FB2EEE24B0BFAD750C988136BA6B','ARCHIVED','2017-10-16 00:00:00',0),('2017_11_15_00_characters.sql','22D0C3854EE6D0983CD8C43DF0AC4269386F587C','ARCHIVED','2017-11-15 00:00:00',0),('2017_11_26_00_characters.sql','4609CDC122E0A7F27A09C2605B329A06FC7FB7C2','ARCHIVED','2017-11-27 00:00:00',0),('2017_11_28_00_characters.sql','6FF1F84B8985ADFC7FF97F0BF8E53403CF13C320','ARCHIVED','2017-11-28 00:00:00',0),('2017_12_17_00_characters.sql','937E8F51DC74AC41FF8F213CE36C69DDEB878D6A','ARCHIVED','2017-12-17 00:00:00',0),('2018_01_15_00_characters.sql','43C8E4549E1AA9610B377BC7139C88C63D0DC193','ARCHIVED','2018-01-15 00:00:00',0),('2018_02_16_00_characters.sql','F1254689CE8A0B0AF149E557830287FF583B8D91','ARCHIVED','2018-02-16 00:00:00',0),('2018_03_16_00_characters.sql','722EAFB7F508882F584DCAE61F97F1A11EDE126E','ARCHIVED','2018-03-16 00:00:00',0),('2018_03_25_00_characters.sql','4FE3C6866A6DCD4926D451F6009464D290C2EF1F','ARCHIVED','2018-03-25 00:00:00',0),('2018_04_15_00_characters.sql','F7058DE71A2BD3B31088AE586ACB3ECB2EB5A268','ARCHIVED','2018-04-15 00:00:00',0),('2018_05_15_00_characters.sql','1FC906E4C7E86DCA67243F0768A94825A2C9E323','ARCHIVED','2018-05-15 00:00:00',0),('2018_06_15_00_characters.sql','084C438D587E555D1FBCFC86A2A19570BD0B470A','ARCHIVED','2018-06-15 00:00:00',0),('2018_07_09_00_characters.sql','6F3EA22DD5E4CD9F9C60C4332B147E3DBF2E8A44','ARCHIVED','2018-07-09 18:19:18',0),('2018_07_15_00_characters.sql','1EB34168BC396A8264C7467AACD1F0A3B036B22D','ARCHIVED','2018-07-15 00:00:00',0),('2018_08_15_00_characters.sql','592D9F32E96E1A14C8F340E8D085F8F5105B063F','ARCHIVED','2018-08-15 00:00:00',0),('2018_09_15_00_characters.sql','FDC0AF579D140BE377482B115EE07DC43F870C98','ARCHIVED','2018-08-15 00:00:00',0),('2019_07_14_00_characters.sql','A141F4F15BDF0320483921429871D4C572BD7E2D','ARCHIVED','2019-07-04 00:00:00',0),('custom_2017_12_21_00_characters.sql','2D5B3830D47E4BC717EC468E18E477A32B9A21BF','ARCHIVED','2019-11-06 00:17:44',0),('custom_2018_01_07_00_characters.sql','7437B6243B3CB6FA08F6A37BB39E38930B0DCFD3','ARCHIVED','2019-11-06 00:17:44',0),('custom_2018_03_18_00_characters.sql','8D1E81A7272F643687C67443C270D17255A9AA84','ARCHIVED','2019-11-06 00:17:44',0),('custom_2018_04_18_00_characters.sql','A19DEC2B0042790018388A5A7110A5A98327D338','ARCHIVED','2019-11-06 00:17:44',0),('custom_2018_07_09_00_characters.sql','51810B2FA8CC853C14787828999C305189804FF5','ARCHIVED','2019-11-06 00:17:44',0),('custom_2018_08_19_00_characters.sql','86E163BDA84220C6A4A6B95EABC560F7630F8589','ARCHIVED','2019-11-06 00:17:44',0),('custom_2018_11_18_00_characters.sql','7A094FFF2E2438B664203146C16249A8ADA9736D','ARCHIVED','2019-11-06 00:17:44',0),('custom_2019_08_01_00_characters.sql','980B1647EBB41A3644ED825E116F052EFEB6E5D1','ARCHIVED','2019-11-06 00:17:45',0),('custom_2019_08_20_00_characters.sql','09DC2B6A0E602E377F240CB29F6E1E3209FD346B','ARCHIVED','2019-11-06 00:17:45',0),('custom_2020_01_05_00_character.sql','DEC981779DA0311FA1E20FF0424BE5F997D21BEE','ARCHIVED','2020-01-06 10:44:59',0),('2020_05_19_00_characters.sql','5FFAB4D7060E872AB6221D759EC1BCF461F1E9E3','RELEASED','2020-05-19 01:44:34',0);
/*!40000 ALTER TABLE `updates` ENABLE KEYS */;
UNLOCK TABLES;

--
-- Table structure for table `updates_include`
--

DROP TABLE IF EXISTS `updates_include`;
/*!40101 SET @saved_cs_client     = @@character_set_client */;
/*!40101 SET character_set_client = utf8 */;
CREATE TABLE `updates_include` (
  `path` varchar(200) NOT NULL COMMENT 'directory to include. $ means relative to the source directory.',
  `state` enum('RELEASED','ARCHIVED') NOT NULL DEFAULT 'RELEASED' COMMENT 'defines if the directory contains released or archived updates.',
  PRIMARY KEY (`path`)
) ENGINE=MyISAM DEFAULT CHARSET=utf8 COMMENT='List of directories where we want to include sql updates.';
/*!40101 SET character_set_client = @saved_cs_client */;

--
-- Dumping data for table `updates_include`
--

LOCK TABLES `updates_include` WRITE;
/*!40000 ALTER TABLE `updates_include` DISABLE KEYS */;
INSERT INTO `updates_include` VALUES ('$/sql/updates/characters','RELEASED'),('$/sql/custom/characters','RELEASED'),('$/sql/old/4.3.4/characters','ARCHIVED');
/*!40000 ALTER TABLE `updates_include` ENABLE KEYS */;
UNLOCK TABLES;

--
-- Table structure for table `warden_action`
--

DROP TABLE IF EXISTS `warden_action`;
/*!40101 SET @saved_cs_client     = @@character_set_client */;
/*!40101 SET character_set_client = utf8 */;
CREATE TABLE `warden_action` (
  `wardenId` smallint(5) unsigned NOT NULL,
  `action` tinyint(3) unsigned DEFAULT NULL,
  PRIMARY KEY (`wardenId`)
) ENGINE=InnoDB DEFAULT CHARSET=utf8;
/*!40101 SET character_set_client = @saved_cs_client */;

--
-- Dumping data for table `warden_action`
--

LOCK TABLES `warden_action` WRITE;
/*!40000 ALTER TABLE `warden_action` DISABLE KEYS */;
/*!40000 ALTER TABLE `warden_action` ENABLE KEYS */;
UNLOCK TABLES;

--
-- Table structure for table `worldstates`
--

DROP TABLE IF EXISTS `worldstates`;
/*!40101 SET @saved_cs_client     = @@character_set_client */;
/*!40101 SET character_set_client = utf8 */;
CREATE TABLE `worldstates` (
  `entry` int(10) unsigned NOT NULL DEFAULT 0,
  `value` int(10) unsigned NOT NULL DEFAULT 0,
  `comment` tinytext DEFAULT NULL,
  PRIMARY KEY (`entry`)
) ENGINE=InnoDB DEFAULT CHARSET=utf8 COMMENT='Variable Saves';
/*!40101 SET character_set_client = @saved_cs_client */;

--
-- Dumping data for table `worldstates`
--

LOCK TABLES `worldstates` WRITE;
/*!40000 ALTER TABLE `worldstates` DISABLE KEYS */;
INSERT INTO `worldstates` VALUES (1,0,NULL),(2,0,NULL),(3,0,NULL),(4,0,NULL),(5,0,NULL),(6,0,NULL),(7,0,NULL),(8,0,NULL),(9,0,NULL),(10,0,NULL),(11,0,NULL),(12,0,NULL),(13,0,NULL),(14,0,NULL),(15,0,NULL),(16,1592085601,NULL),(17,0,NULL),(18,0,NULL),(19,0,NULL),(20,0,NULL),(21,0,NULL),(22,0,NULL),(23,0,NULL),(24,0,NULL),(25,1592074801,NULL),(26,0,NULL),(27,0,NULL),(28,1591584364,NULL),(29,0,NULL),(30,0,NULL),(31,0,NULL),(32,0,NULL),(33,0,NULL),(34,0,NULL),(35,0,NULL),(36,0,NULL),(37,0,NULL),(38,0,NULL),(39,0,NULL),(40,0,NULL),(41,0,NULL),(42,1591584364,NULL),(43,0,NULL),(44,0,NULL),(45,0,NULL),(46,0,NULL),(47,0,NULL),(48,0,NULL),(49,0,NULL),(50,0,NULL),(51,0,NULL),(52,0,NULL),(53,0,NULL),(54,1591916461,NULL),(55,0,NULL),(56,0,NULL),(57,0,NULL),(58,0,NULL),(59,0,NULL),(60,1591584364,NULL),(61,0,NULL),(62,0,NULL),(63,0,NULL),(64,0,NULL),(65,0,NULL),(66,0,NULL),(67,0,NULL),(68,0,NULL),(69,0,NULL),(70,0,NULL),(71,0,NULL),(72,0,NULL),(73,0,NULL),(74,0,NULL),(75,0,NULL),(76,0,NULL),(77,0,NULL),(78,0,NULL),(79,0,NULL),(80,0,NULL),(81,0,NULL),(82,0,NULL),(83,0,NULL),(3781,9000000,NULL),(3801,0,NULL),(3802,1,NULL),(5332,600000,NULL),(5334,2,NULL),(5344,0,NULL),(5384,1,NULL),(5385,0,NULL),(5387,1,NULL),(5546,0,NULL),(5547,0,NULL),(20001,0,'NextArenaPointDistributionTime'),(20002,1592099006,'NextWeeklyQuestResetTime'),(20003,1592114400,'NextBGRandomDailyResetTime'),(20004,0,'cleaning_flags'),(20006,1592114400,NULL),(20007,1593561600,NULL),(20050,1,NULL),(20051,1592200800,NULL);
/*!40000 ALTER TABLE `worldstates` ENABLE KEYS */;
UNLOCK TABLES;
/*!40103 SET TIME_ZONE=@OLD_TIME_ZONE */;

/*!40101 SET SQL_MODE=@OLD_SQL_MODE */;
/*!40014 SET FOREIGN_KEY_CHECKS=@OLD_FOREIGN_KEY_CHECKS */;
/*!40014 SET UNIQUE_CHECKS=@OLD_UNIQUE_CHECKS */;
/*!40101 SET CHARACTER_SET_CLIENT=@OLD_CHARACTER_SET_CLIENT */;
/*!40101 SET CHARACTER_SET_RESULTS=@OLD_CHARACTER_SET_RESULTS */;
/*!40101 SET COLLATION_CONNECTION=@OLD_COLLATION_CONNECTION */;
/*!40111 SET SQL_NOTES=@OLD_SQL_NOTES */;

-- Dump completed on 2020-06-13 19:31:42
